Checklist Question,Matched Subcategories,Scores
"Is the latest Class Survey Status available and are all statutory certificates listed in the Class Survey Status valid, and is the vessel free of condition of class or significant recommendations?",Load lines (including Exemption) # Tonnage certificate # Stability/strenght/loading information and instruments,0.724 # 0.722 # 0.702
Has the vessel been provided with certificates of financial security for seafarers?,Certificate or documentary evidence of financial security relating to shipowners liability # Certificate or documentary evidence of financial security for repatriation # Load lines (including Exemption),0.765 # 0.752 # 0.724
Can all crew communicate effectively in the working language of the ship? (V)?,Establishment of working language on board # Means of communication between safety centre and other control stations # Communication - SOLAS Chapter V,0.768 # 0.684 # 0.676
Is the vessel’s manning in compliance with the Safe Manning Certificate? (V)?,Certificate for rating able seafarer deck/engine and electro-technical # Manning specified by the minimum safe manning doc # Stability/strenght/loading information and instruments,0.785 # 0.767 # 0.759
Do all personnel maintain rest period/work hours and are the rest hours in compliance with STCW or MLC requirements? (V)?,Fitness for duty - work and rest hours # Legal documentation on work and rest hours # Night working for seafarer under the age of 18,0.743 # 0.738 # 0.715
Has the Master been provided with relevant ship handling training? (V)?,Cargo securing manual # Security awareness training # Facilities for reception of marine safety information,0.696 # 0.694 # 0.693
"Are those officers who have immediate responsibility for carrying and care of dangerous and hazardous substances in solid form in bulk, in possession of specialised training as appropriate to the type of cargo being carried? (V)?",Certificate for personnel on tankers # Special requirements # Fire protection cargo deck area,0.679 # 0.678 # 0.673
"Are those officers who have immediate responsibility for carrying and care of dangerous and hazardous substances in packaged form, in possession of specialised training as appropriate to the type of cargo being carried? (V)?",Certificate for personnel on tankers # P & A manual # Special requirements,0.683 # 0.670 # 0.669
Has an SMS policy and procedure been established to enforce the STCW Convention and Code requirements for the purpose of preventing drug and alcohol abuse? (V & M)?,Fitness for duty - intoxication # ISM # Document of compliance (DoC/ ISM),0.695 # 0.673 # 0.667
"Are the limits of blood and breath alcohol contents in the drug and alcohol policy equal to, or less than the STCW mandatory alcohol limit? (V&M)?",Fitness for duty - intoxication # Quality of fuel oil # Medical fitness,0.715 # 0.651 # 0.646
When was the date of the last recorded unannounced on-board group alcohol test?,Fitness for duty - intoxication # Atmosphere testing instruments # Other (AFS),0.679 # 0.648 # 0.639
When was the date of the last unannounced drug test undertaken by an external agency?,AIS test report # Thickness measurement report # Fitness for duty - intoxication,0.607 # 0.601 # 0.600
Is the officer matrix accurately completed and does it reflect the information on officers and engineers on board the vessel at the time of inspection? (V)?,Automatic radar plotting aid (ARPA) # Rudder angle indicator # Fire control plan - all,0.698 # 0.689 # 0.687
"Is if ECDIS was fitted on board, have the Master and Deck Officers completed Generic training and type-specific familiarisation? (V)?",Certificate for rating able seafarer deck/engine and electro-technical # Charts # Type approval equipment,0.690 # 0.689 # 0.689
Does the ship’s manager provide value-added training courses beyond the STCW to its on-board engineers? (V)?,Certificate for rating able seafarer deck/engine and electro-technical # Security awareness training # Doc evidence for personnel on passenger ships,0.699 # 0.698 # 0.697
Does the Air Handling Unit (AHU) maintain a comfortable temperature and is there recorded evidence of regular maintenance and cleaning of AHU available? (V)?,"Heating, air conditioning and ventilation # Ventilation (Accommodation) # Cold room, cold room cleanliness, cold room temperature",0.637 # 0.628 # 0.614
Are comprehensive written practical guidance on navigational safety available on the bridge? (V & M)?,Navigation bridge visibility # Navigation records # Facilities for reception of marine safety information,0.701 # 0.690 # 0.683
Are the requirements of the master’s standing orders explained to the deck officers? and are bridge order books (Night Order) being completed by the master and countersigned by the officers? (V & M)?,Adequate lighting - mooring arrangements # Certificates for master and officers # Manning specified by the minimum safe manning doc,0.713 # 0.706 # 0.704
"Is the manoeuvring information for the vessel displayed on the bridge and are bridge logbooks, bell book, radar performance book, and Change of Watch at Sea check list being correctly maintained? (V)?",Revolution counter # Navigation records # Automatic radar plotting aid (ARPA),0.768 # 0.757 # 0.757
Have operational checks on navigational equipment been done and are checklists being effectively completed when preparing for sea and prior to port entry? (V)?,Facilities for reception of marine safety information # Operation/maintenance # Gyro compass,0.756 # 0.742 # 0.741
Are there records indicating that routine tests and checks of bridge equipment are being undertaken regularly? (V)?,Maintenance of Fire protection systems # Maintenance of Life Saving Appliances # Maintenance and inspections,0.701 # 0.685 # 0.683
Has the master/pilot information exchange been taking place effectively and is the standard pilot card being completed as required? (V)?,Pilot ladders and hoist/pilot transfer arrangements # Facilities for reception of marine safety information # Use of the automatic pilot,0.668 # 0.664 # 0.644
Does the vessel’s manager produce a guideline for under keel clearance and air draft clearance?,Load lines (including Exemption) # Freeboard marks # Ventilation (Accommodation),0.707 # 0.694 # 0.694
Are the fire and safety rounds being conducted at the end of each watch? (V)?,Certificate for advanced fire-fighting # Abandon ship drills # Fire drills,0.735 # 0.703 # 0.701
Does the manning level in the bridge at all stages of the voyage and anchor meet or exceed that required by the Bridge Manning Matrix and are lookout arrangements adequate? (V)?,Monitoring of voyage or passage plan # Navigation bridge visibility # Manning specified by the minimum safe manning doc,0.722 # 0.719 # 0.715
Is navigation equipment in good order? (V)?,Gyro compass # Type approval equipment # Facilities for reception of marine safety information,0.735 # 0.732 # 0.723
"Are navigation lights, emergency navigation lights, shapes and signalling equipment in working order? (V)?","Lights, shapes, sound-signals # Signalling lamp # Emergency lighting, batteries and switches",0.731 # 0.713 # 0.701
"Is was the Bridge Navigational Watch Alarm System operational when the ship was underway and at anchor, and required tests conducted and recorded accordingly? (V)?",Bridge Navigational Watch Alarm System (BNWAS) # Steering-gear alarm # Revolution counter,0.770 # 0.731 # 0.726
"Is where fitted are the standard magnetic compass, gyro compass and Global Navigation Satellite System compass, operational, adjusted and properly maintained? (V & M)?",Magnetic compass # Gyro compass # MF radio installation,0.721 # 0.671 # 0.638
"Is where manual steering is engaged, is the change over from auto steering, and vice versa, recorded? (V)?",Steering gear # Use of the automatic pilot # Records of drills and steering gear tests,0.673 # 0.660 # 0.653
Are deck officers familiar with the procedure to preserve the VDR data in the event of an incident and is there a company policy within the SMS relating to the playback of VDR data? (V)?,Voyage Data Recorder (VDR) / Simplified Voyage Data Recorder (S-VDR) # Facilities for reception of marine safety information # Operation of GMDSS equipment,0.781 # 0.741 # 0.732
"Is a chart and publication management system being implemented to ensure that all charts, nautical publications, and other publications on board are current, maintained and up to date? (V & M)?",Nautical publications # Charts # Facilities for reception of marine safety information,0.701 # 0.682 # 0.675
Is were appropriate charts and publication used for the previous voyage? (V)?,Charts # Nautical publications # Electronic charts (ECDIS),0.750 # 0.736 # 0.709
Can the master and watch-keeping officer demonstrate a familiarity with the use of ECDIS? (V)?,Charts # Electronic charts (ECDIS) # Certificate for rating for watchkeeping,0.694 # 0.693 # 0.682
Is the ECDIS of an approved type and does it meet the SOLAS requirement?,Type approval equipment # Charts # Cargo ship safety radio (including exemption),0.756 # 0.693 # 0.684
Are T&P NMs and navigation warnings being used correctly in voyage planning and monitoring? (V)?,Facilities for reception of marine safety information # Navigation records # Nautical publications,0.762 # 0.732 # 0.726
Has the vessel been safely navigated in compliance with international and inland regulations? (V)?,Load lines (including Exemption) # Facilities for reception of marine safety information # Navigation bridge visibility,0.732 # 0.727 # 0.726
"Are records available to show that the echo-sounder recorder is being switched on prior to each approach to shallow water, port entry and departure and has the echo sounder remained in operation while the vessel has been transiting in shallow waters? (V)?",Echo sounder # Navigation records # Voyage Data Recorder (VDR) / Simplified Voyage Data Recorder (S-VDR),0.769 # 0.730 # 0.715
Is was the berth-to-berth passage plan of the previous voyage comprehensive and approved by the master? (V)?,Monitoring of voyage or passage plan # Voyage or passage plan # Ship security plan,0.724 # 0.722 # 0.721
"Have the parallel index techniques been used when monitoring the passage in coastal and pilotage waters, particularly in conditions of restricted visibility or at night? (V)?",Facilities for reception of marine safety information # Rate-of-turn indicator # Nautical publications,0.710 # 0.696 # 0.696
Is was the track of the ship monitored at sea and during the pilotage? (V)?,Speed and distance indicator # Rate-of-turn indicator # Facilities for reception of marine safety information,0.733 # 0.723 # 0.723
Has the GPS been adjusted to the correct Geodetic Datum and are officers aware of the value of HDOP and is it posted next to the GPS? (V)?,VHF EPIRB # GNSS receiver/terrestrial radio navigation system # Magnetic compass,0.668 # 0.666 # 0.664
Does the vessel utilise a weather routeing service? (V)?,Facilities for reception of marine safety information # INMARSAT ship earth station # MF radio installation,0.727 # 0.685 # 0.670
"Are procedures in place controlling the use of mobile phone, internet, and email services on the bridge? (V)?",Access control to ship # Means of communication between safety centre and other control stations # Facilities for reception of marine safety information,0.664 # 0.654 # 0.639
Has the vessel’s manager established a documented system for personnel to effectively implement the ISM Code? (V)?,ISM # Document of compliance (DoC/ ISM) # Safety management certificate (SMC/ ISM),0.779 # 0.771 # 0.733
"Has a safety officer been appointed and trained, and is the safety officer familiar with the principles and practice of risk assessment? (V)?","Risk evaluation, training and instruction to seafarers # Pilot ladders and hoist/pilot transfer arrangements # Certificate for personnel on tankers",0.694 # 0.648 # 0.648
Are records of the latest shipboard internal and external audits available and are actions being initiated to correct any non-conformities?,Logbook entries referring AFS # Security related defects # Other (AFS),0.699 # 0.684 # 0.684
"Does the master periodically review the effectiveness of the onboard Safety Management System, report the findings to shore based management and receive feedback from them?","Facilities for reception of marine safety information # Unattended machinery spaces (UMS) evidence # Procedure for inspection, reporting and correcting unsafe conditions and for investigating and reporting on-board occupational accidents",0.684 # 0.682 # 0.681
"Are enclosed space entry procedures defined, up to date and accurate in the safety management system, and is a specific list of enclosed spaces clearly defined on board ,and are the ship’s personnel familiar with the enclosed space entry procedures? (V)?",Entry dangerous spaces # Enclosed space entry and rescue drills # Tank entry,0.785 # 0.752 # 0.746
Is entry into and rescue from enclosed space training undertaken and are regular drills conducted? (V)?,Enclosed space entry and rescue drills # Security drills # Entry dangerous spaces,0.775 # 0.718 # 0.709
"Are procedures in place for the control of hot work, are they incorporated in the safety management system and is there documented evidence of compliance?","Protection machinery # Ship's occupational safety and health policies and programmes # Risk evaluation, training and instruction to seafarers",0.691 # 0.668 # 0.662
Has a specific permit to work and effective Lock-Out/Tag-Out (LOTO) system been introduced for high-risk duties and are the permits being used effectively? (V)?,Measures to ensure transmission to seafarer's family # Wages # Seafarer' employment agreement SEA,0.653 # 0.653 # 0.647
Is there a schedule of drills and exercises to address potential emergency shipboard situations and is it being conducted effectively? (V)?,Security drills # Abandon ship drills # Fire drills,0.779 # 0.771 # 0.759
"Are there procedures for reporting, investigation and close-out of non-conformities, accidents, and hazardous situations available and are they being followed? (V)?","Procedure for inspection, reporting and correcting unsafe conditions and for investigating and reporting on-board occupational accidents # Investigation after accident # Other (accident prevention)",0.725 # 0.707 # 0.692
Has a PPE Matrix for use of personal protective equipment been provided and is it being worn as required? (V)?,Personal equipment # Personal protection,0.768 # 0.712 # 0.705
"Are on-board safety meetings held regularly and, are they reviewed by the vessel’s manager and feedback provided where necessary?","Ship's safety committee # Procedure for inspection, reporting and correcting unsafe conditions and for investigating and reporting on-board occupational accidents # Facilities for reception of marine safety information",0.721 # 0.677 # 0.676
Is a completed IMSBC/BLU Code ship/shore safety checklist for loading and unloading dry bulk carriers available and are the requirements of the checklist complied with?,Ship Energy Efficiency Management plan # Stability/strenght/loading information and instruments # Cargo density declaration,0.775 # 0.723 # 0.704
Are Water Ingress Detector System(WIDS) and alarms maintained in good condition and are the records of tests being maintained? (V & M)?,Water level detectors on single hold cargo ships # Maintenance of Fire protection systems # Maintenance and inspections,0.672 # 0.662 # 0.650
Has a smoking policy been implemented; is it being followed and are designated smoking areas adequately identified? (V)?,"Cleanliness # Dirty, parasites",0.664 # 0.650 # 0.648
"Are portable gas detectors suitable for atmosphere testing of enclosed spaces provided; in good condition; calibrated in accordance with the manufacturer’s instructions, and are officers trained and competent with their operation? (V & M)?",Atmosphere testing instruments # Gas instruments,0.717 # 0.701 # 0.687
Is welding and gas burning equipment in good order and properly stored? (V & M)?,Ready availability of fire fighting equipment # Maintenance of Fire protection systems # Protection machinery,0.657 # 0.653 # 0.635
"Are the lifeboats, rescue boat and davit-launched life raft; their equipment and launching arrangements being serviced periodically; in good condition, and are the crew familiar with the launching procedure and operation? (V & M)?",Means of recovery of life saving appliances # Launching arrangements for survival craft # Embarkation arrangement survival craft,0.759 # 0.750 # 0.718
Are life rafts in good order and are hydrostatic release units maintained and installed correctly? (V & M)?,Launching arrangements for survival craft # Inflatable liferafts # Stowage of liferafts,0.703 # 0.701 # 0.685
"Are life jackets in good condition, allocated as per the plan and donning instructions clearly displayed? (V & M)?",Lifejackets incl. provision and disposition # Embarkation arrangement survival craft # Damage control plan,0.679 # 0.666 # 0.660
"Are immersion suits and anti-exposure suits of an approved type, in good condition, correctly stowed, readily accessible and of the appropriate size? (V & M)?",Anti-exposure suits # Immersion suits # Performance standards for radio equipment,0.684 # 0.672 # 0.645
"Are IMO symbols to identify the location of life saving equipment, firefighting equipment and hazardous area displayed appropriately and in good condition? (V)?",Location of emergency installations # Marking of IMO number # Performance standards for radio equipment,0.764 # 0.673 # 0.645
"Has a sample of foam compound, applicable to both fixed and portable systems, been sent for regular testing and is evidence of satisfactory results available?",Fixed fire extinguishing installation # Insulation # Fire protection cargo deck area,0.640 # 0.639 # 0.629
"Are fire mains and associated isolation valves, fire boxes, hoses, nozzles, applicators, and spanners regularly inspected and maintained and found to be in a satisfactory operating condition? (V & M)?",Maintenance of Fire protection systems # Ready availability of fire fighting equipment # Fire fighting equipment and appliances,0.717 # 0.703 # 0.681
Are the International Shore Connection fitting arrangements clearly marked and well maintained and are the crew aware of their location? (V)?,International shore-connection # Facilities for reception of marine safety information # Safe means of access shore - ship,0.713 # 0.690 # 0.682
Are records available to show that fixed fire detection and alarm systems have been tested at regular intervals and maintained in good condition? (V)?,Maintenance of Fire protection systems # Fire detection # Fixed fire extinguishing installation,0.724 # 0.711 # 0.694
"Are the fixed fire extinguishing systems (where fitted) inspected, tested and in good order? (V & M)?",Maintenance of Fire protection systems # Fixed fire extinguishing installation # Ready availability of fire fighting equipment,0.699 # 0.698 # 0.678
"Is the emergency fire pump being regularly tested, in good operational condition and are starting instructions clearly posted? (V)?",Emergency fire pump and its pipes # Maintenance of Fire protection systems # Ready availability of fire fighting equipment,0.718 # 0.683 # 0.683
"Are portable fire extinguishers being maintained in good order, and ready for immediate use in an emergency? (V)?",Ready availability of fire fighting equipment # Fire fighting equipment and appliances # Emergency fire pump and its pipes,0.737 # 0.737 # 0.698
Are firemen’s outfits including their equipment and breathing apparatus in good condition and available for instant use? (V & M)?,Fire fighting equipment and appliances # Ready availability of fire fighting equipment # Personal equipment,0.716 # 0.712 # 0.686
"Is the operation and maintenance of the breathing apparatus air recharging system (where fitted) incorporated in the ship’s safety management manual, and has the annual air quality check for breathing apparatus air recharging systems been carried out? (V & M)?","Operation/maintenance # Technical Files and if applicable, monitoring manual # Unattended machinery spaces (UMS) evidence",0.723 # 0.704 # 0.702
"Are records available to show that emergency escape breathing devices (EEBDs) in the accommodation and engine room are being inspected, in good condition and are available for instant use? (V & M)?","Emergency escape breathing Device and disposition # Means of recovery of life saving appliances # Ventilators, air pipes, casings",0.774 # 0.708 # 0.707
Are ventilation fire dampers clearly marked with open/close positions and space served and is there evidence of regular testing and maintenance? (V)?,Fire-dampers # Fire doors/openings in fire-resisting divisions # Maintenance of Fire protection systems,0.696 # 0.683 # 0.645
"Are Material Safety Data Sheets (MSDS) for all bunkers, chemicals, paint, corrosive, and toxic materials available, and are all crew familiar with their contents? (V)?",Material safety data sheets # Dangerous liquid chemicals in bulk # Bunker delivery notes,0.704 # 0.699 # 0.687
Is a safe means of access to the vessel being provided? (V)?,Safe means of access shore - ship # Safe means of access # Safe access to tanker bows,0.781 # 0.759 # 0.755
"Are accommodation ladders and gangways maintained in good condition, marked clearly, and inspected regularly (V)?","Gangway, accommodation-ladder # Safe means of access shore - ship # Access/structure",0.740 # 0.737 # 0.723
"Are pilot ladders used for pilot transfer in good condition and inspected regularly, clearly identified with tags or with permanent marking and are maintenance records available? (V)?",Pilot ladders and hoist/pilot transfer arrangements # Safe means of access # Safe means of access shore - ship,0.750 # 0.729 # 0.716
Has the vessel been provided with ship-specific fire safety and SOLAS training manuals and operational booklets? (V)?,Fire drills # Cargo ship safety equipment (including exemption) # Fire control plan,0.770 # 0.764 # 0.759
"Is if the vessel is provided with a helicopter operating area, does the area comply with the requirements of ICS guidelines, and is there a safe access from the hatch cover to deck? (V)?",Helicopter landing and pick-up area # Safe means of access # Safe means of access shore - ship,0.745 # 0.720 # 0.718
Is an up-to-date muster list with ship specific emergency instructions displayed? (V)?,Muster list # Fire control plan # Facilities for reception of marine safety information,0.769 # 0.726 # 0.713
"Are the crew familiar with the helicopter operation at sea, and are records available to show that the proper communication, shipboard helicopter safety checklist and specific risk assessment conducted prior to helicopter operation? (V)?","Operation of GMDSS equipment # Helicopter landing and pick-up area # Risk evaluation, training and instruction to seafarers",0.750 # 0.740 # 0.734
Is the Oil Record Book (Part 1) completed correctly?,Log-books/compulsory entries # Record book engine parameters # Retention of oil on board,0.735 # 0.691 # 0.678
"Is an approved MARPOL Shipboard Oil Pollution Emergency Plan (SOPEP) available, and up to date and are ship’s personnel familiar with their duties?",Shipboard Marine Pollution emergency operations # Shipboard oil pollution emergency plan (SOPEP) # International Oil Pollution Prevention (IOPP),0.814 # 0.799 # 0.744
Are the ship’s personnel aware of the requirements of MARPOL Annex V with respect to the disposal of operational waste and cargo residues from ships?,Placards # Garbage # Retention of oil on board,0.761 # 0.750 # 0.743
"Are scupper plugs fitted, in satisfactory condition, and are scupper filters readily available for draining rainwater on deck when the vessel is involved in solid bulk cargo operations?","Scuppers, inlets and discharges # Manholes / flush scuttles # Cargo and other hatchways",0.734 # 0.688 # 0.672
Is the vessel free from any visible bulkhead leakage?,Bulkheads - operational damage # Bulkhead –corrosion # Manholes / flush scuttles,0.721 # 0.703 # 0.702
"Are the cargo hold bilge pumping systems and bilge arrangements appropriately set, in good order and tested?","Bilge pumping arrangements # Pumping, piping and discharge arrangements # Cargo transfer - Tankers",0.760 # 0.714 # 0.690
"Is the sounding of cargo hold bilge, ballast tanks, chain lockers, pipe ducts and other void spaces regularly performed for accumulations of water, or alternative evidence of regular monitoring?","Water level detectors on single hold cargo ships # Pumping, piping and discharge arrangements # Bulkheads - operational damage",0.733 # 0.706 # 0.699
Are suitable containment arrangements in place around the hydraulic components of deck machinery?,"Machinery space openings # Obstruction/slipping, etc. # Ventilators, air pipes, casings",0.699 # 0.683 # 0.682
"Are the arrangements for detection and disposal of water from forecastle store and chain locker in good order, and are measures in place to prevent the accidental discharge of oil?","Oil / water interface detector # Retention of oil on board # Pumping, piping and discharge arrangements",0.716 # 0.715 # 0.712
"If a ballast water treatment system is fitted, is it in good order and are the officers familiar with its safe operation?","Ballast Water Management Certificate # Ballast, fuel and other tanks # Loading/Ballast condition (Tanker)",0.749 # 0.748 # 0.739
Is an approved ballast water and sediment management plan provided and complied with?,Ballast Water Management Certificate # Garbage management plan # Loading/Ballast condition (Tanker),0.716 # 0.673 # 0.669
"If ballast tanks are located adjacent to fuel oil tanks, or there is a possibility of contamination by hydraulic oil, are ballast tank contents being sampled to ensure there has been no contamination of the water by oil prior to discharge?","Segregation of oil and water ballast # Ballast, fuel and other tanks # Loading/Ballast condition (Tanker)",0.795 # 0.773 # 0.736
"Are the emergency bilge suction and emergency overboard discharge valves in the engine room in good order and clearly identified with a notice warning against accidental opening and, is the area around the bilge injection suction bellmouth clear of debris and clean?","Scuppers, inlets and discharges # Pumping, piping and discharge arrangements # Bilge pumping arrangements",0.761 # 0.755 # 0.730
Are arrangements for sludge collecting pumps free from any connection to a direct overboard discharge?,"Pumping, piping and discharge arrangements # Sewage discharge connection # Scuppers, inlets and discharges",0.760 # 0.714 # 0.713
Are the Engine room Bilge pumping system and Oily Water Separator (OWS) in good order and being operated in accordance with MARPOL requirements?,"Oil filtering equipment # Pumping, piping and discharge arrangements # Bilge pumping arrangements",0.804 # 0.771 # 0.765
Have specific warning signs been posted at the Oily Water Separator overboard discharge valve and effective sealing arrangements implemented to prevent accidental opening?,"Scuppers, inlets and discharges # Oil filtering equipment # Pumping, piping and discharge arrangements",0.755 # 0.736 # 0.732
Is the steering compartment oily bilge water discharge arrangement satisfactory?,"Bilge pumping arrangements # Pumping, piping and discharge arrangements # Oil filtering equipment",0.702 # 0.699 # 0.688
Has a declaration been provided by the shipper as to whether the cargo is harmful to the marine environment (HME)?,Dangerous goods or harmful substances in pack. Form # Stowage # Stability Information Booklet,0.758 # 0.741 # 0.730
Has a Garbage Management Plan been provided and is the Garbage Record Book (GRB) being correctly maintained?,Other (MARPOL Annex V) # Garbage record book # Garbage management plan,0.725 # 0.657 # 0.653
Are the garbage storage and disposal facilities in a tidy and hygienic condition?,"Cleanliness # Dirty, parasites",0.682 # 0.675 # 0.667
Has the vessel been provided with a specific Ship Energy Efficiency Management Plan (SEEMP)?,International Energy Efficiency Cert # Records of seafarers' daily hours of work or rest # Ship Energy Efficiency Management plan,0.763 # 0.709 # 0.697
Has the vessel been provided with an International Energy Efficiency Certificate?,International Energy Efficiency Cert # Engine International Air Pollution Prevention Cert # Load lines (including Exemption),0.782 # 0.742 # 0.736
If the vessel is provided with an exhaust gas cleaning system (scrubber system) are the engineers familiar with its safe operation and have procedures been incorporated in the Safety Management System?,"Approved doc exhaust gas cleaning system # Tank washing equipment # Technical Files and if applicable, monitoring manual",0.759 # 0.727 # 0.727
Is the vessel free from any visible valve or pipeline leakage?,"Pumping, piping and discharge arrangements # Scuppers, inlets and discharges # Cargo transfer - Tankers",0.708 # 0.704 # 0.674
"Are the ballast pumping systems, their associated instruments, controls, valves, and pipework in good order and is there recorded evidence of regular inspection?","Ballast, fuel and other tanks # Pumping, piping and discharge arrangements # Loading/Ballast condition (Tanker)",0.712 # 0.704 # 0.686
Are the ballast valves in good order and being maintained?,"Ballast, fuel and other tanks # Loading/Ballast condition (Tanker) # Maintenance of Fire protection systems",0.692 # 0.678 # 0.661
Are ballast tank manholes being maintained in good condition?,"Manholes / flush scuttles # Ballast, fuel and other tanks # Loading/Ballast condition (Tanker)",0.704 # 0.690 # 0.657
Is the vessel free of any hull repairs unreported to class? (V)?,Hull damage impairing seaworthiness # Logbook entries referring AFS # Bulkheads - operational damage,0.706 # 0.705 # 0.690
"Does the SMS include procedures for regular inspection of cargo holds, ballast tanks, void spaces, trunks, duct keel and cofferdams by the ship’s personnel and are records maintained? (V)?",ISM # Operation/maintenance # Cargo securing manual,0.756 # 0.754 # 0.742
Is the enhanced survey report file adequately maintained and does the condition evaluation report confirm the fitness of the ship for its intended service for the next five years?,Enhanced survey programme (ESP) # Condition Assessment Scheme # Loading/Ballast condition (Tanker),0.723 # 0.709 # 0.706
"Are the access points to cargo holds, ballast tanks, and void spaces including vertical ladders, spiral ladders, rungs, stations, and platforms being maintained and in good order? (V)?","Safe means of access deck - hold/tank, etc. # Permanent means of access # Safe means of access",0.767 # 0.764 # 0.739
Are the air pipes and sounding pipes in the cargo holds and void spaces in good condition? (V)?,Spaces in cargo areas # Atmosphere testing instruments # Cargo pump room,0.714 # 0.706 # 0.705
"Is if the vessel has a duct keel, is the access, mechanical ventilator, and lighting adequate and is it free of water? (V)?","Ventilators, air pipes, casings # Ventilation (Accommodation) # Windows, side scuttles and deadlights",0.657 # 0.654 # 0.650
Is the vessel free of any apparent structural defects? (V)?,Hull damage impairing seaworthiness # Cargo ship safety construction (including exempt.) # Bulkheads - cracking,0.676 # 0.673 # 0.660
Are cargo hold ventilation systems being maintained in good condition? (V)?,Cargo tank vent system # Ventilation procedures / equipment # Ventilation (Accommodation),0.719 # 0.711 # 0.707
"Is adequate manifold spill containment provided under the bunker manifolds, and are they clean and empty? (V)?","Fire protection cargo deck area # Cargo pump room # Ballast, fuel and other tanks",0.703 # 0.703 # 0.691
Is bunker transfer system hydrostatically tested to their Maximum Allowable Working Pressure (MAWP) on an annual basis and to 1.5 times their MAWP at least twice within any five years period?,Hydrostatically balanced loading # Cargo transfer - Tankers # Loading/Ballast condition (Tanker),0.709 # 0.681 # 0.671
"Are the drains, vents, and pressure gauges at the bunker manifolds in good order and blanks fitted when not in use? (V)?","Cargo tank vent system # Ventilation procedures / equipment # Gauges, thermometers etc.",0.697 # 0.679 # 0.674
"Are save-alls fitted around all fuel, diesel, and lubricating oil tank vents; are they clean and empty, and is the drain plug secured with a strap chain to a save-all? (V)?",Cargo tank vent system # Jacketed high pressure lines and oil leakage alarm # Cargo transfer - Tankers,0.668 # 0.643 # 0.640
"Are there procedures for analysis of fuel, lubricating and hydraulic oils, and are oil sampling requirements aligned with equipment manufacturer’s recommendations? (V & M)?","Oil and oily mixtures from machinery spaces # Log-books/compulsory entries # Technical Files and if applicable, monitoring manual",0.683 # 0.678 # 0.676
Are SMS guidelines for the mitigation of engine damage due to catalytic fines and other potentially injurious elements or containments in place and being followed? (V & M)?,"Protection machinery # Diesel engine air pollution control # Technical Files and if applicable, monitoring manual",0.720 # 0.714 # 0.711
"Are bunkering and oil transfer operations carefully planned and executed in accordance with procedures, and are details of the last operation available? (V)?",Shipboard oil pollution emergency plan (SOPEP) # Cargo transfer - Tankers # Loading/Ballast condition (Tanker),0.736 # 0.723 # 0.709
"Can the vessel safely comply with the requirements of Emission Control Area (ECA) and other local requirements regarding use of very-low or ultra-low sulphur fuels in the main engine, auxiliary engines and boilers?",Quality of fuel oil # Sulphur oxides # Engine International Air Pollution Prevention Cert,0.770 # 0.746 # 0.729
"Are ship-specific procedures to control the change from residual to low-sulphur / distillate fuels and vice versa provided, and is the fuel oil change over logbook and data collection system being maintained correctly? (V & M)?","Quality of fuel oil # Technical Files and if applicable, monitoring manual # Ballast, fuel and other tanks",0.716 # 0.714 # 0.708
Are the Quick Closing Valves of the fuel system being regularly tested and in good order? (V)?,"Means of control (opening, pumps) Machinery spaces # Maintenance of Fire protection systems # Jacketed high pressure lines and oil leakage alarm",0.702 # 0.683 # 0.667
"Are high pressure fuel delivery pipes of diesel engines protected with a jacketed piping and alarm system, and is the alarm system being tested regularly and in good order? (V)?",Jacketed high pressure lines and oil leakage alarm # Inert gas alarm # Boiler-alarm,0.798 # 0.698 # 0.693
"Are purifier rooms and fuel and lubricating oil handling areas ventilated, free of oil leaks and clean? (V)?",Cleanliness of engine room # Cargo pump room # Ventilation (Working spaces),0.715 # 0.693 # 0.671
Is the reserve fuel tank of the emergency generator filled with sufficient fuel of a suitable type for at least 18 hours operation? (V)?,Reserve source of energy # Emergency source of power - Emergency generator # Emergency fire pump and its pipes,0.716 # 0.686 # 0.656
"Is there an approved LNG Fuel Handing and Emergency Procedure Manual, and are crew familiar with the bunkering and emergency procedures such as leakage, fire or potential fuel stratification resulting in rollover?",Liquefied gases in bulk # Liquefied gases in bulk (CoF/GC Code) # Fire protection cargo deck area,0.744 # 0.726 # 0.716
"Do the master, engineering officers and all personnel with immediate responsibility for the care and use of fuels and fuel systems on ship, hold a certificate in advanced training for service on the ships subject to the IGF Code?",Certificate for personnel on ships subject to the IGF Code # Certificate for rating able seafarer deck/engine and electro-technical # Certificate for personnel on tankers,0.789 # 0.722 # 0.716
"Do seafarers responsible for designated safety duties associated with the care, use or emergency response to the fuel onboard the ship, hold a certificate in basic training for service on ships subject to the IGF Code?",Certificate for personnel on ships subject to the IGF Code # Certificate for personnel on tankers # Certificate for rating able seafarer deck/engine and electro-technical,0.784 # 0.720 # 0.716
Does the schedule of drills and exercises related to LNG fuels address potential emergency shipboard situations and has it been conducted effectively?,Security drills # Abandon ship drills # Fire drills,0.738 # 0.737 # 0.724
Are hazardous areas marked with clearly visible warning signage and are the crew familiar with the special precautions and the risks for those areas?,Danger areas # Warning notices # Guards / fencing around dangerous machinery parts,0.749 # 0.732 # 0.709
Are staff responsible for LNG bunkering aware of their responsibilities and actions to be taken in case of malfunction or emergency and are instructions and warning signs clearly posted on site for safe LNG bunkering operation?,Liquefied gases in bulk # Holds and tanks safety # Liquefied gases in bulk (CoF/GC Code),0.711 # 0.686 # 0.679
"Is the safety zone clearly marked and, have restrictions within the safety zone been enforced and followed?",Guards / fencing around dangerous machinery parts # Danger areas # Dangerous areas,0.708 # 0.701 # 0.685
Are the self-igniting lights of lifebuoys located in the hazardous area intrinsically safe?,Lifebuoys incl. provision and disposition # Low level lighting in corridors # Lighting (Working spaces),0.701 # 0.670 # 0.657
Is the LNG bunkering operator control panel fitted with an earth indicator light to indicate the faulty circuits and is the control panel free of any faulty earth indication during LNG bunkering?,Liquefied gases in bulk # Inert gas alarm # Liquefied gases in bulk (CoF/GC Code),0.652 # 0.652 # 0.642
Is the main radio aerial earthed and are portable two-way UHF radios approved for use in hazardous areas?,VHF EPIRB # Performance standards for radio equipment # Radio life-saving appliances,0.673 # 0.643 # 0.642
Has a pre-compatibility assessment and study of the weather and current forecast been carried out prior to confirming the bunkering operation and is there documented evidence of such assessment and study?,"Loading/Ballast condition (Tanker) # Ballast, fuel and other tanks # Facilities for reception of marine safety information",0.721 # 0.702 # 0.702
Is all lighting around the bunker area Ex-rated and does it appear adequate to illuminate the bunker area?,"Low level lighting in corridors # Lighting (Working spaces) # Emergency lighting, batteries and switches",0.656 # 0.644 # 0.643
"Have the key components of the LNG bunkering system been identified, included within the PMS, maintained and where applicable, calibrated as per the manufacturer’s recommendation?","Liquefied gases in bulk # Liquefied gases in bulk (CoF/GC Code) # Ballast, fuel and other tanks",0.722 # 0.722 # 0.714
Is there a procedure for communication failure during LNG bunkering operation and are crew familiar with such a procedure?,Main installation # Operation of GMDSS equipment # Liquefied gases in bulk,0.703 # 0.701 # 0.692
Is there an agreed method of tank pressure and temperature control between the delivering and receiving vessels and is there recorded evidence to show that both ships’ combined temperature and pressure range are within the safety limits before commencing LNG bunkering?,Loading/Ballast condition (Tanker) # Liquefied gases in bulk # Temperature control,0.727 # 0.723 # 0.721
Is there evidence to show that a detailed mooring plan was exchanged between the delivering and receiving vessels and has the master of the receiving vessel reviewed the type and size of fenders of the delivering vessel?,Load lines (including Exemption) # Other (load lines) # Facilities for reception of marine safety information,0.703 # 0.697 # 0.697
Has the LNG hose handling operation been carried out and supervised by trained personnel?,Liquefied gases in bulk # Cargo transfer - Tankers # Liquefied gases in bulk (CoF/GC Code),0.648 # 0.636 # 0.633
Is a water curtain system provided for the ship’s sides in way of manifold and is the manifold tray arrangement adequate and free of any sharp edges?,"Division - decks, bulkheads and penetrations # Fire protection cargo deck area # Windows, side scuttles and deadlights",0.642 # 0.642 # 0.642
Has the LNG fuels bunkering checklist been correctly completed and is there evidence to show that they are effectively managing their obligations as accepted in the checklist?,Liquefied gases in bulk (CoF/GC Code) # Liquefied gases in bulk # Liquefied gases in bulk (ICoF/IGC Code),0.741 # 0.736 # 0.723
Are LNG bunker lines being inerted immediately after completion of LNG bunkering and disconnection of hoses from the manifolds and before departure?,Liquefied gases in bulk # Cargo tank vent system # Jacketed high pressure lines and oil leakage alarm,0.684 # 0.680 # 0.674
Are system safety valves in good order and officers aware of the requirements?,Operation of GMDSS equipment # Performance standards for radio equipment # Operation/maintenance,0.709 # 0.705 # 0.698
Is the receiving vessel in a high state of readiness at all times during LNG bunkering operations?,Liquefied gases in bulk (CoF/GC Code) # Loading/Ballast condition (Tanker) # Stability/strenght/loading information and instruments,0.718 # 0.710 # 0.709
Was the vessel provided with contingency plans for dealing with emergencies?,Fire control plan # Damage control plan # SAR co-operation plan for pass.ships on fixed trade,0.719 # 0.717 # 0.715
Is the emergency shutdown system in good order and is there recorded evidence of regular testing?,Emergency Systems # Reserve source of energy # Maintenance of Fire protection systems,0.684 # 0.677 # 0.661
"Are tank domes, domes’ insulation, vapour and filling pipes’ insulation, manhole cover insulation and associated fittings in good order, free from leaks and corrosion?","Ballast, fuel and other tanks # Pumping, piping and discharge arrangements # Manholes / flush scuttles",0.677 # 0.663 # 0.661
Are LNG fuel tanks protected by an independent LNG tank level alarm device and is there recorded evidence to show that the device has been tested regularly?,Inert gas alarm # Jacketed high pressure lines and oil leakage alarm # Liquefied gases in bulk,0.710 # 0.678 # 0.676
"Is there recorded evidence of regular calibration of thermometers, pressure gauges, the gas detection system and tank level gauges?","Gauges, thermometers etc. # Atmosphere testing instruments # Instrumentation",0.714 # 0.686 # 0.679
Is prevention of over-pressurization of the LNG transfer system in the event of activation of the ERS or the ESD documented in the LNG fuel-handing manual?,Liquefied gases in bulk # Liquefied gases in bulk (CoF/GC Code) # Cargo transfer - Tankers,0.690 # 0.659 # 0.657
"Are precautions to prevent electrostatic charge in the LNG bunker hose being taken and, have the minimum and maximum hose lengths and diameters that the hose support loading arm and/or hose saddles can support been documented in the LNG fuel-handing manual?",Liquefied gases in bulk # Cargo transfer - Tankers # Pump room bottom protection,0.707 # 0.690 # 0.689
"Are the officers aware of any LNG bunker loading limitations for the vessel and are these limitations, if applicable, clearly posted at the LNG bunker operation panel?",Loading/Ballast condition (Tanker) # Liquefied gases in bulk (CoF/GC Code) # Stability/strenght/loading information and instruments,0.756 # 0.752 # 0.751
Is the vessel provided with vessel manager’s procedures and relevant publications for the safe carriage and handling of solid bulk cargoes? (V)?,Stability/strenght/loading information and instruments # Cargo securing manual # P & A manual,0.726 # 0.715 # 0.712
Has appropriate information about the cargo and its characteristics been provided to the master prior to loading? (V)?,Cargo density declaration # Stability/strenght/loading information and instruments # Cargo operations including equipment,0.737 # 0.720 # 0.712
"Has the Master been provided with a signed certificate or declaration, indicating the moisture content, Transportable Moisture Limit (TML) and density? (V & M)?",Document of compliance (DoC/ ISM) # Ballast Water Management Certificate # Certificates and Documentation - Document,0.659 # 0.654 # 0.651
"Is information readily available on the ballasting and de-ballasting rate, the maximum allowable load per unit, the surface area of the tank-top plating, and the maximum allowable load per hold? (V)?","Loading/Ballast condition (Tanker) # Ballast, fuel and other tanks # Decks - corrosion",0.720 # 0.713 # 0.703
Is there an approved damaged stability / stability and loading booklet available? (V)?,Shipboard working arrangements # Stability/strenght/loading information and instruments # Stability Information Booklet,0.767 # 0.715 # 0.672
Is a Class-approved loading computer or programme in use and has the operational accuracy been regularly tested? (V)?,Stability/strenght/loading information and instruments # Ship Energy Efficiency Management plan # Type approval equipment,0.692 # 0.660 # 0.645
"Are the stresses, stability information and any limitations included in the cargo plan understood by the cargo watch officers, and are conditions being monitored and maintained within design limits throughout the cargo operation? (V)?","Stability/strenght/loading information and instruments # Cargo operation # Stowage incl. uprights, lashing, etc (timber)",0.742 # 0.721 # 0.720
"Are there procedures in place for loading, ballasting and de-ballasting of the ballast holds? (V)?","Loading/Ballast condition (Tanker) # Ballast, fuel and other tanks # Hydrostatically balanced loading",0.705 # 0.690 # 0.675
Are there guidelines and procedures for hold cleaning after completion of unloading? (V)?,"Loading, unloading & cleaning procedures cargo spaces of tankers # Tank washing equipment # Freeboard marks",0.692 # 0.648 # 0.647
Is the vessel free of any limitations or restrictions specified in the Loading Manual or Trim and Stability Booklet? (V)?,Stability/strenght/loading information and instruments # Load lines (including Exemption) # Shipboard working arrangements,0.747 # 0.744 # 0.735
"Are officers familiar with the risk, hazard and carriage requirements of solid bulk cargo on board the ship? (V)?","P & A manual # Stowage incl. uprights, lashing, etc (timber) # Stability/strenght/loading information and instruments",0.767 # 0.766 # 0.761
"Have precautionary measures to minimise the risk of potential liquefaction and chemical reaction within the cargo during the voyage been incorporated in the procedures, and are these procedures being followed? (V)?",Fire protection cargo deck area # Loading/Ballast condition (Tanker) # Stowage,0.741 # 0.740 # 0.735
"Is if the solid bulk cargo is not listed in the IMSBC Code, has the Master been provided with a certificate from the shipper, endorsed by the competent authority of the port, stating the characteristics of the cargo and the required conditions for carriage and handling? (V)?",Cargo density declaration # Ship Energy Efficiency Management plan # Document of compliance (DoC/ ISM),0.755 # 0.738 # 0.713
"Has as a cargo loading/unloading plan providing a detailed sequence of cargo and ballast transfer been prepared, understood, and signed off by the master and deck officers? (V)?","Loading/Ballast condition (Tanker) # Booklet for bulk cargo loading/unloading/stowage # Stowage incl. uprights, lashing, etc (timber)",0.734 # 0.734 # 0.717
Is an adequate record of all cargo operation activities maintained during loading and unloading? (V)?,Cargo operations including equipment # Stability/strenght/loading information and instruments # Cargo operation,0.714 # 0.695 # 0.690
Have details of cargo care during the voyage been adequately recorded? (V)?,Records of seafarers' daily hours of work or rest # Cargo information # Cargo operations including equipment,0.734 # 0.731 # 0.722
"Are the dangers associated with oxygen depletion of cargo understood by officers and crew, and have reasonable precautions been taken during routine inspections of the cargo, when entering the holds and adjacent spaces? (V)?","Atmosphere testing instruments # Safe means of access deck - hold/tank, etc. # Openings to cargo area, doors, ..., scuttles",0.754 # 0.750 # 0.747
"Is if coal cargo is being carried, was the ship equipped with appropriate instruments for measuring the temperature of cargo, monitoring the atmosphere of the cargo hold and checking the pH value of cargo bilge sample? (V)?",Instrumentation # Atmosphere testing instruments # Fire protection cargo deck area,0.762 # 0.757 # 0.725
Is any special emergency equipment required by IMSBC on board(as applicable) and in a state of readiness during the cargo operation? (V)?,Ship Energy Efficiency Management plan # Cargo ship safety equipment (including exemption) # Medical equipment,0.728 # 0.708 # 0.706
Has the vessel manager provided policy statements and relevant publications for the safe carriage and handling of grain in bulk? (V)?,Grain # Ship Energy Efficiency Management plan # Authorization for grain carriage,0.746 # 0.731 # 0.729
Has appropriate information about the cargo and its characteristics been provided to the master or master’s representative prior to loading? (V & M)?,Cargo density declaration # Cargo information # Stability/strenght/loading information and instruments,0.732 # 0.713 # 0.712
Has the grain cargo been examined and sampled during loading to ensure that the apparent conditions meet the requirements as described in the documentation and is there recorded evidence of regular monitoring where applicable? (V)?,Grain # Stability/strenght/loading information and instruments # Authorization for grain carriage,0.760 # 0.745 # 0.733
Is the approved document of authorisation and grain stability booklet (Grain Loading Manual) provided?,Authorization for grain carriage # Grain # Shipboard working arrangements,0.740 # 0.718 # 0.700
"Is if the document of authorisation was not provided, can the master demonstrate the compliance of the ship’s stability with the Grain Code? (V)?",Grain # Authorization for grain carriage # Document of compliance (DoC/ ISM),0.790 # 0.766 # 0.754
Is a Class-approved loading computer or programme in use and has its operational accuracy been regularly tested? (V)?,Stability/strenght/loading information and instruments # Ship Energy Efficiency Management plan # Operation of machinery,0.689 # 0.661 # 0.645
Are regular monitoring of stress and stability being maintained throughout cargo operations and is the vessel’s condition being maintained within design limits? (V)?,Stability/strenght/loading information and instruments # Loading/Ballast condition (Tanker) # Bulkheads - operational damage,0.780 # 0.750 # 0.742
"Are there procedures in place for loading, ballasting and de-ballasting of the ballast holds? (V)?","Loading/Ballast condition (Tanker) # Ballast, fuel and other tanks # Hydrostatically balanced loading",0.705 # 0.690 # 0.675
Are there guidelines and procedures for hold cleaning in place (V)?,Cleanliness # Laundry # Emergency cleaning devices,0.682 # 0.662 # 0.649
"Have cargo holds been grain or hospital cleaned, where applicable, and has a ship’s hold inspection certificate been issued by a 3rd party prior to loading grain? (V & M)?",Stability/strenght/loading information and instruments # Grain # Authorization for grain carriage,0.737 # 0.732 # 0.727
Is the vessel free of any limitations or restrictions specified in the loading manual or trim and stability booklet? (V)?,Stability/strenght/loading information and instruments # Load lines (including Exemption) # Shipboard working arrangements,0.747 # 0.744 # 0.735
"Are officers familiar with the risk, hazard and carriage requirements of grain cargo on board the ship? (V)?","Grain # Stowage incl. uprights, lashing, etc (timber) # P & A manual",0.778 # 0.750 # 0.744
Have hatch covers been ultrasonically tested for weather tightness before loading? (V & M)?,"Cargo and other hatchways # Covers (hatchway-, portable-, tarpaulins, etc.) # Openings to cargo area, doors, ..., scuttles",0.711 # 0.701 # 0.640
"Has the master been provided with clear instructions regarding any fumigation, prior to arrival at the load port? (V)?","Dirty, parasites # Protection machinery # Ship Energy Efficiency Management plan",0.663 # 0.651 # 0.649
Has the vessel been provided with procedures and contingencies regarding fumigation of cargo holds and are the master and chief officer familiar with the procedure? (V)?,Fire drills # Cargo securing manual # Loading/Ballast condition (Tanker),0.722 # 0.719 # 0.714
"Is if the vessel is carrying cargo under fumigation, are the requirements of the IMO recommendations on safe use of pesticides being met? (V)?",Document of compliance (DoC/ ISM) # Unattended machinery spaces (UMS) evidence # Stowage,0.723 # 0.704 # 0.703
Do on-board safety requirements for fumigation comply with sub-section 3.3.2.7 of the IMO recommendation on the safe use of pesticides? (V)?,Performance standards for radio equipment # Document of compliance (DoC/ ISM) # Unattended machinery spaces (UMS) evidence,0.694 # 0.690 # 0.687
Are the master’s appointed representatives for fumigation trained and is there evidence to show that they have been effectively performing duties associated with this task? (V)?,"Maintenance of Fire protection systems # Dirty, parasites # Record of inspection",0.656 # 0.648 # 0.641
Have pre-fumigation and post fumigation statements been provided to the master by the fumigator-in-charge? (V)?,"Maintenance of Fire protection systems # Record of inspection # Dirty, parasites",0.685 # 0.677 # 0.677
Are visible means provided to prevent access to all entrances containing fumigant and other spaces that are considered unsafe to enter after fumigation? (V)?,"Permanent means of access # Openings to cargo area, doors, ..., scuttles # Guards / fencing around dangerous machinery parts",0.656 # 0.655 # 0.647
"Has the Voyage Safety Plan (VSP), including the checklist for fumigation during the voyage, been discussed with and signed by the master prior to sailing to the discharge port? (V)?",Ship security plan # Fire control plan # Damage control plan,0.739 # 0.727 # 0.723
"Has as a cargo loading/unloading plan providing a detailed sequence of cargo and ballast transfer been prepared, understood, and signed off by the master and deck officers? (V)?","Loading/Ballast condition (Tanker) # Booklet for bulk cargo loading/unloading/stowage # Stowage incl. uprights, lashing, etc (timber)",0.734 # 0.734 # 0.717
Are procedures in place for entering any cargo holds sealed for fumigation in transit? (V)?,"Openings to cargo area, doors, ..., scuttles # Cargo operations including equipment # Document for carriage of dangerous goods",0.697 # 0.686 # 0.678
Has the master informed the appropriate authorities of the country of destination about the fumigation? (V)?,"Dirty, parasites # Facilities for reception of marine safety information # Document of compliance (DoC/ ISM)",0.653 # 0.641 # 0.633
Has the vessel been provided with a gas free certificate at the discharge port prior to commencement of discharge operation? (V)?,Liquefied gases in bulk (CoF/GC Code) # Load lines (including Exemption) # Tonnage certificate,0.758 # 0.743 # 0.732
Are records maintained of fumigation operations? (V)?,Maintenance of Fire protection systems # Log-books/compulsory entries # Record book engine parameters,0.645 # 0.640 # 0.632
"Are necessary instruments (with spares) to determine the dew point provided, maintained in good condition and are there records of the calibration of such instruments? (V)?","Gauges, thermometers etc. # Magnetic compass # Ready availability of fire fighting equipment",0.662 # 0.634 # 0.630
Are the master and / or chief officer familiar with the rules for deciding to ventilate the cargo holds during the voyage? (V)?,"Ventilation (Accommodation) # No direct openings into sleeping rooms cargo/mach. # Openings to cargo area, doors, ..., scuttles",0.747 # 0.734 # 0.716
"Is ventilation of cargo holds, where required, being carried out and recorded? (V)?","Ventilation (Accommodation) # Ventilation (Working spaces) # Openings to cargo area, doors, ..., scuttles",0.726 # 0.717 # 0.716
Is there evidence of a satisfactory grain stability calculation for the last voyage?,Grain # Authorization for grain carriage # Stability/strenght/loading information and instruments,0.775 # 0.721 # 0.709
"Has a cargo loading/unloading plan providing detailed sequences of cargo and ballast transfer been prepared, understood, and signed off by the deck officers? (V)?","Booklet for bulk cargo loading/unloading/stowage # Loading/Ballast condition (Tanker) # Stowage incl. uprights, lashing, etc (timber)",0.751 # 0.748 # 0.732
Are the hold bilges cleaned prior to loading and have all hold openings been made grain tight? (V)?,Bulkheads - operational damage # Bulwarks and freeing ports # Machinery space openings,0.679 # 0.664 # 0.662
"Do records on board verify that cargo lights in holds, where fitted, were properly isolated before cargo was loaded? (V)?","Low level lighting in corridors # Stowage incl. uprights, lashing, etc (timber) # Stability/strenght/loading information and instruments",0.713 # 0.711 # 0.709
Is an adequate record of all cargo operation activities maintained during loading and unloading? (V)?,Cargo operations including equipment # Stability/strenght/loading information and instruments # Cargo operation,0.714 # 0.695 # 0.690
"Are the dangers associated with oxygen depletion of grain cargo understood by officers and crew, and have reasonable precautions been taken during routine inspections of the cargo, when entering the holds and adjacent spaces? (V)?","Stowage # Openings to cargo area, doors, ..., scuttles # Safe means of access deck - hold/tank, etc.",0.740 # 0.739 # 0.738
"Are policy statements and relevant publications for the safe stowage, securing and handling of the cargo unit and timber available on board? (V)?","Stowage incl. uprights, lashing, etc (timber) # Other cargo - timber -deck/construction # Stability/strenght/loading information and instruments",0.776 # 0.744 # 0.721
Has appropriate information about the cargo and its characteristics been provided to the master or master’s representative prior to loading? (V)?,Cargo density declaration # Cargo information # Stability/strenght/loading information and instruments,0.741 # 0.718 # 0.715
"Is if dangerous goods are carried in packaged form, have appropriate documents been provided to the vessels? (V)?",Document of compliance dangerous goods # P & A manual # Document for carriage of dangerous goods,0.773 # 0.756 # 0.732
Are procedures for safe lashing and securing operations incorporated in the ship’s SMS?,Cargo securing manual # ISM # Operation/maintenance,0.746 # 0.742 # 0.733
Is an approved ship-specific Cargo Securing Manual available and are officers thoroughly familiar with the contents of the manual? (V)?,"Cargo securing manual # Stability/strenght/loading information and instruments # Stowage incl. uprights, lashing, etc (timber)",0.780 # 0.751 # 0.738
Are records maintained of the regular inspection and maintenance of the cargo-securing devices on board the ship? (V)?,Maintenance of Life Saving Appliances # Stability/strenght/loading information and instruments # Logbook entries referring AFS,0.724 # 0.722 # 0.716
Are there procedures for the removal of damaged lashing devices from service? (V)?,Lashing material # Maintenance of Fire protection systems # Maintenance / duplication of equipment,0.681 # 0.628 # 0.626
Is there evidence to show that samples of the timber cargoes are being weighed during loading and what is the actual weight compared to the weight stated by the shipper? (V)?,"Stowage incl. uprights, lashing, etc (timber) # Other cargo - timber -deck/construction # Freeboard marks",0.758 # 0.736 # 0.714
"Is if the vessel is a timber carrier, have up to date lashing plans for each stowage and securing arrangement been incorporated in the Cargo Securing Manual? (V)?","Stowage incl. uprights, lashing, etc (timber) # Other cargo - timber -deck/construction # Cargo securing manual",0.785 # 0.764 # 0.727
"Is if the vessel is a timber carrier, has a lashing plan according to the ship’s Cargo Securing Manual been prepared? (V)?","Stowage incl. uprights, lashing, etc (timber) # Other cargo - timber -deck/construction # Cargo securing manual",0.794 # 0.781 # 0.734
"Has a pre-stowage plan been prepared prior to the vessel’s arrival at the load port, taking into account any deck cargo and anticipated stability throughout the voyage? (V)?","Stability/strenght/loading information and instruments # Stowage incl. uprights, lashing, etc (timber) # Booklet for bulk cargo loading/unloading/stowage",0.743 # 0.743 # 0.738
"Are officers aware of the strength limits of tank tops, tween decks, hatch covers and weather decks with regards to safe cargo stowage and is this information posted in the ship’s office/ ballast control room? (V)?","Stowage incl. uprights, lashing, etc (timber) # Safe means of access deck - hold/tank, etc. # Cargo and other hatchways",0.773 # 0.769 # 0.762
Have pre-stowage and stowage plans been prepared and completed effectively? (V)?,"Booklet for bulk cargo loading/unloading/stowage # Stowage # Stowage incl. uprights, lashing, etc (timber)",0.718 # 0.715 # 0.708
"Is there evidence to show that evaluation of forces acting on the cargo unit have been calculated, and correct cargo-securing devices are being used to secure the cargo to the ship? (V)?","Stability/strenght/loading information and instruments # Stowage incl. uprights, lashing, etc (timber) # Cargo securing manual",0.747 # 0.741 # 0.735
Have personnel engaged in cargo securing operations been provided with relevant training and familiarisation? (V)?,Security drills # Security awareness training # Training and qualification MLC - Personnel safety training,0.724 # 0.719 # 0.715
"Is if the vessel is carrying timber deck cargo, are relevant regulations of the applicable Load-Line Convention for stowage and securing of timber as prescribed in the ship’s Cargo Securing Manual being followed? (V)?","Stowage incl. uprights, lashing, etc (timber) # Other cargo - timber -deck/construction # Stability/strenght/loading information and instruments",0.810 # 0.797 # 0.748
"Is if the vessel is carrying timber, are instructions for ballast water exchange operations for the intended voyage available in the Ballast Water Management Plan? (V)?","Other cargo - timber -deck/construction # Stowage incl. uprights, lashing, etc (timber) # Ballast Water Management Certificate",0.740 # 0.731 # 0.712
Can timber deck cargo be jettisoned into the sea in a controlled manner in an emergency? (V)?,"Stowage incl. uprights, lashing, etc (timber) # Other cargo - timber -deck/construction # Fire protection cargo deck area",0.716 # 0.708 # 0.682
"Is if the vessel is a non-cellular ship, have the containers been stowed correctly on deck? (V)?","Stowage incl. uprights, lashing, etc (timber) # Stowage # Garbage",0.720 # 0.719 # 0.709
Is there a procedure for monitoring the temperature of refrigerated containers and are records maintained? (V)?,Food temperature # Cold room temperature # Temperature control,0.673 # 0.668 # 0.665
"Is if refrigerated containers are carried, are sufficient spare parts available on board? (V)?",Medical equipment # Lifeboat inventory # Loading and unloading equipment,0.695 # 0.685 # 0.684
"Is if refrigerated containers are carried, is the electric power supply permanently installed from the engine room and are the ship’s electrical distribution system and electric container sockets in good condition and undamaged? (V)?",Reserve source of energy # Electrical # Emergency source of power - Emergency generator,0.716 # 0.705 # 0.704
Are pre-loading/acceptance procedures for the carriage of vehicles on board a ro-ro cargo ship incorporated in the SMS? (V)?,Cargo density declaration # Loading and unloading equipment # Facilities for reception of marine safety information,0.692 # 0.687 # 0.685
Is the ro-ro cargo ship equipped with CCTV remote monitoring to monitor the vehicle decks? (V)?,Loading and unloading equipment # Fire protection cargo deck area # Information on the A/A-max ratio (Roro/pass.only),0.628 # 0.625 # 0.624
"Is the ro-ro cargo ship drainage system in good order, tested regularly and are effective measures in place to prevent blocking of drains? (V)?","Retention of oil on board # Loading and unloading equipment # Pumping, piping and discharge arrangements",0.709 # 0.708 # 0.708
Is the ro-ro cargo ship provided with an approved Operating and Maintenance Manual (OMM)? (V)?,"Technical Files and if applicable, monitoring manual # Document of compliance (DoC/ ISM) # Information on the A/A-max ratio (Roro/pass.only)",0.674 # 0.661 # 0.655
"Are procedures in place to carry out function and tightness testing of bow, inner, side shell, stern doors and main to lower deck cargo elevators of ro-ro cargo ships and is there evidence of regular testing? (V)?","Loading and unloading equipment # Openings to cargo area, doors, ..., scuttles # Closing devices/watertight doors",0.719 # 0.711 # 0.699
Is an operation manual for the ventilation system in a ro-ro cargo space provided and do records on board verify that the air quality is tested? (V)?,"Atmosphere testing instruments # Ventilation (Accommodation) # Technical Files and if applicable, monitoring manual",0.734 # 0.703 # 0.696
"Is the ro-ro ship fitted with an automatic system to control air quality in the cargo holds and are records of inspection, testing, calibration, and maintenance of the system being maintained? (V)?","Atmosphere testing instruments # Technical Files and if applicable, monitoring manual # International Air Pollution Prevention Cert",0.703 # 0.688 # 0.676
Are vehicles on the ro-ro car decks safely stowed and secured? (V)?,"Information on the A/A-max ratio (Roro/pass.only) # Loading and unloading equipment # Openings to cargo area, doors, ..., scuttles",0.692 # 0.692 # 0.671
Has the vessel been provided with procedures and contingencies with regards to fumigation of cargo holds and are the master and chief officer familiar with the procedure? (V)?,Fire drills # Cargo securing manual # Loading/Ballast condition (Tanker),0.726 # 0.722 # 0.716
"Have the air conditioning intakes for the accommodation, the engine room and other spaces been set to prevent the possibility of drawing in fumigant gas? (V)?",Ventilation (Working spaces) # Ventilation (Accommodation) # No direct openings into sleeping rooms cargo/mach.,0.731 # 0.717 # 0.705
"Are necessary instruments (with spares) to determine the dew points provided, maintained in good condition and are there records of calibration of such instrument? (V)?","Gauges, thermometers etc. # Maintenance of Fire protection systems # Magnetic compass",0.652 # 0.630 # 0.624
Are master and/or chief officer familiar with the rules for deciding when to ventilate the cargo holds during the voyage? (V)?,"Ventilation (Accommodation) # No direct openings into sleeping rooms cargo/mach. # Safe means of access deck - hold/tank, etc.",0.746 # 0.732 # 0.718
Is ventilation of cargo holds being carried out and recorded? (V)?,Ventilation (Accommodation) # Ventilation (Working spaces) # Ventilation procedures / equipment,0.707 # 0.700 # 0.696
Are the hold bilges cleaned prior to loading and are cleaning and checks being recorded? (V)?,Logbook entries referring AFS # Bilge pumping arrangements # Freeboard marks,0.720 # 0.694 # 0.693
Do records on board verify that cargo lights in holds were properly isolated before cargo was loaded? (V)?,"Low level lighting in corridors # Stability/strenght/loading information and instruments # Stowage incl. uprights, lashing, etc (timber)",0.711 # 0.707 # 0.706
Is an adequate record of all cargo operation activities maintained during loading and unloading? (V)?,Cargo operations including equipment # Stability/strenght/loading information and instruments # Cargo operation,0.714 # 0.695 # 0.690
"Is the vessel provided with operator’s policy statements and relevant publications for the safe stowage, securing and handling of the container? (V)?",Stability/strenght/loading information and instruments # Stowage # Booklet for bulk cargo loading/unloading/stowage,0.721 # 0.710 # 0.707
Has appropriate cargo information been provided to the vessel prior to loading? (V)?,Stability/strenght/loading information and instruments # Cargo density declaration # Cargo information,0.747 # 0.731 # 0.716
"Is if dangerous goods are carried in a container, have appropriate documents been provided to the vessel, and is safety in relation to stowage of declared dangerous goods and higher risk cargoes being considered? (V & M)?",Document of compliance dangerous goods # P & A manual # Document for carriage of dangerous goods,0.771 # 0.769 # 0.764
Is there a procedure for checking the container’s seals and is there documented evidence of compliance? (V)?,Garbage # Document of compliance (DoC/ ISM) # Other (AFS),0.685 # 0.684 # 0.681
"Is cargo on flat racks, where applicable properly secured? (V)?","Stowage of cargo # Stowage incl. uprights, lashing, etc (timber) # Lashing material",0.709 # 0.707 # 0.698
Is the verified gross mass communicated in shipping documents sufficiently in advance to the master? (V)?,Cargo density declaration # Document of compliance (DoC/ ISM) # Liquefied gases in bulk (CoF/GC Code),0.720 # 0.698 # 0.683
Have containers carried on deck or on hatches been stowed in the fore-and-aft direction? (V)?,"Stowage incl. uprights, lashing, etc (timber) # Cargo and other hatchways # Openings to cargo area, doors, ..., scuttles",0.717 # 0.703 # 0.702
Are containers stowed in block stowage? (V)?,"Stowage of cargo # Stowage # Stowage incl. uprights, lashing, etc (timber)",0.706 # 0.701 # 0.694
Are procedures for safe lashing and securing operations of containers being incorporated in the ship’s SMS? (V)?,Cargo securing manual # ISM # Operation/maintenance,0.746 # 0.737 # 0.732
"Is an approved ship’s specific Cargo Securing Manual available, and are officers thoroughly familiar with the contents of the manual and is the lashing plan compatible with the design of the vessel? (V)?","Cargo securing manual # Stowage incl. uprights, lashing, etc (timber) # Lashing material",0.777 # 0.760 # 0.752
Are records maintained of the regular inspection and maintenance of the cargo-securing devices on board the ship? (V)?,Maintenance of Life Saving Appliances # Stability/strenght/loading information and instruments # Logbook entries referring AFS,0.724 # 0.722 # 0.716
Is there a sufficient quantity of reserve cargo- securing devices on board? (V)?,"Loading and unloading equipment # Cargo ship safety equipment (including exemption) # Stowage incl. uprights, lashing, etc (timber)",0.734 # 0.733 # 0.732
Is the Cargo Safe Access Plan (CSAP) prepared and was it followed on board? (V)?,SAR co-operation plan for pass.ships on fixed trade # Booklet for bulk cargo loading/unloading/stowage # Ship security plan,0.749 # 0.735 # 0.725
Are appropriate securing points being used for cargo securing and is there recorded evidence of regular inspection and maintenance of them? (V)?,"Stowage incl. uprights, lashing, etc (timber) # Stability/strenght/loading information and instruments # Cargo and other hatchways",0.730 # 0.729 # 0.728
Are there procedures for reporting and removal of damaged lashing devices from service and are there records to demonstrate that damaged lashing devices have been removed from service? (V)?,Lashing material # Maintenance of Fire protection systems # Other (AFS),0.699 # 0.677 # 0.676
Is a Class-approved loading computer or programme in use and has its operational accuracy been regularly tested? (V)?,Stability/strenght/loading information and instruments # Ship Energy Efficiency Management plan # Operation of machinery,0.689 # 0.661 # 0.645
Is was the pre-loading plan forwarded to the ship prior to loading and is there evidence to show that the ship’s loading plan was updated and reviewed by the chief officer prior to loading? (V)?,Stability/strenght/loading information and instruments # Loading/Ballast condition (Tanker) # Booklet for bulk cargo loading/unloading/stowage,0.714 # 0.712 # 0.711
Is there recorded evidence to show that the pre-loading plan has been checked for ‘heavy’ container stacks? (V)?,Stability/strenght/loading information and instruments # Cargo density declaration # Ship Energy Efficiency Management plan,0.727 # 0.721 # 0.717
Has the vessel avoided loading of heavy containers over light or at the top of a stack in a deck stow? (V)?,"Stowage of cargo # Stowage incl. uprights, lashing, etc (timber) # Stowage",0.733 # 0.727 # 0.718
Is there recorded evidence to show that the lashing pattern from the Cargo Securing Manual has been provided to the terminal and is the information for the lashing pattern posted at the ship’s access? (V)?,"Cargo securing manual # Lashing material # Stowage incl. uprights, lashing, etc (timber)",0.772 # 0.770 # 0.754
Is had the Ballast Water Management Plan for the present port stay been executed? (V)?,"Ballast Water Management Certificate # Loading/Ballast condition (Tanker) # Ballast, fuel and other tanks",0.724 # 0.708 # 0.698
Is there documented evidence of carrying out a spot check of actual loading against loading plan? (V)?,Freeboard marks # Stability/strenght/loading information and instruments # Ship Energy Efficiency Management plan,0.697 # 0.676 # 0.668
Is there documented evidence of signing off completed lashing per bay and is all lashing gear used compatible with the lashing plan? (V)?,Lashing material # Load lines (including Exemption) # Freeboard marks,0.673 # 0.642 # 0.637
Is the bridge visibility condition for the next port confirmed? (V)?,"Navigation bridge visibility # Automatic radar plotting aid (ARPA) # Windows, side scuttles and deadlights",0.706 # 0.682 # 0.682
Is there evidence to show that evaluation of forces acting on the containers have been calculated and the correct cargo-securing devices are being used to secure the containers to the ship (V)?,"Stability/strenght/loading information and instruments # Stowage incl. uprights, lashing, etc (timber) # Bulkheads - operational damage",0.754 # 0.745 # 0.739
Is there documented evidence that lashings were tightened after departure once the lashings and containers settled in? (V)?,"Lashing material # Stowage incl. uprights, lashing, etc (timber) # Cargo securing manual",0.751 # 0.715 # 0.707
Have personnel engaged in cargo securing operations been provided with relevant training and familiarisation? (V)?,Security drills # Security awareness training # Training and qualification MLC - Personnel safety training,0.724 # 0.719 # 0.715
"Is the vessel equipped with sufficient portable radio equipment for use and has a direct radio communication capability been stablished between the terminal (planner, foreman, and watchman) and the ship duty’s officer? (V)?",Main installation # MF radio installation # VHF radio installation,0.737 # 0.735 # 0.733
"Has an IMDG spotting plan been prepared, updated, and made available for emergency preparedness? (V)?",Facilities for reception of marine safety information # Stowage/segregation/packaging of dangerous goods # VHF EPIRB,0.659 # 0.655 # 0.649
Is there a procedure for monitoring the temperature of refrigerated containers and are records maintained? (V)?,Food temperature # Cold room temperature # Temperature control,0.673 # 0.668 # 0.665
"Is if refrigerated containers are carried, are sufficient spare parts available on board? (V)?",Medical equipment # Lifeboat inventory # Loading and unloading equipment,0.695 # 0.685 # 0.684
Are officers familiar with the exothermic chain reaction and the stowage and segregation requirements for calcium hypochlorite in containers? (V)?,Temperature control # Dangerous liquid chemicals in bulk # Stowage/segregation/packaging of dangerous goods,0.720 # 0.714 # 0.713
Is an adequate record of all cargo operation activities maintained during loading and unloading? (V)?,Cargo operations including equipment # Stability/strenght/loading information and instruments # Cargo operation,0.714 # 0.695 # 0.690
Is the vessel provided with operator’s procedures for safe operation of the self- unloading system? (V)?,Stability/strenght/loading information and instruments # Booklet for bulk cargo loading/unloading/stowage # Loading and unloading equipment,0.714 # 0.710 # 0.709
Is the vessel provided with self-unloading isolation procedures? (V)?,Stability/strenght/loading information and instruments # Booklet for bulk cargo loading/unloading/stowage # Stowage of liferafts,0.705 # 0.697 # 0.689
Have personnel engaged in operation of the self-unloading system been provided with relevant training and familiarisation? (V)?,Booklet for bulk cargo loading/unloading/stowage # Loading and unloading equipment # Operation of GMDSS equipment,0.678 # 0.675 # 0.667
"Are the ship’s crew aware of the safe operating requirements of tunnel conveyor watertight bulkhead doors and/or watertight doors in shuttle conveyor room, where applicable, and is a record of inspections and maintenance available on board? (V)?","Closing devices/watertight doors # Safe means of access deck - hold/tank, etc. # Bulkheads - operational damage",0.779 # 0.770 # 0.764
Are the officers and ratings aware of the location of the emergency stop devices; are the emergency stop devices in good order and is there recorded evidence of regular testing? (V)?,Maintenance of Life Saving Appliances # Operation of GMDSS equipment # Radio log (diary),0.688 # 0.680 # 0.677
Are light fittings in the tunnel conveyor Ex‘d’ rated and in good condition? (V)?,Electric equipment in general # Low level lighting in corridors # Lighting (Working spaces),0.654 # 0.646 # 0.641
Are lights and warning devices of the self-unloading system regularly tested and the result recorded? (V)?,Loading and unloading equipment # Stability/strenght/loading information and instruments # Bulk carriers additional safety measures,0.636 # 0.629 # 0.629
Is there a procedure for suppression of dust during cargo operations? (V)?,Cargo operations including equipment # Fire protection cargo deck area # Ventilation procedures / equipment,0.690 # 0.688 # 0.679
Is the belt cleaning system/scrapper in good order and maintained as per manufacturer recommendation and is there evidence to show that the belt cleaners have been inspected regularly for proper function? (V)?,Maintenance of Fire protection systems # Tank washing equipment # Efficient stripping,0.686 # 0.675 # 0.667
"Are the belt speed- sensors, belt scales and slip detecting device, where applicable, in good order and maintained as per manufacturer recommendations? (V)?","Steering gear # Gauges, thermometers etc. # Winches and capstans",0.654 # 0.653 # 0.635
Are the cargo hold discharge gates and water-tight doors clearly marked to indicate the hold and spaces they serve? (V)?,"Spaces in cargo areas # Openings to cargo area, doors, ..., scuttles # Cargo ports and other similar openings",0.736 # 0.728 # 0.715
Has the hydraulic oil of the self-unloading system been tested regularly for contamination and deterioration as per manufacturer recommendation?,15 PPM alarm arrangements # COW operations and equipment manual # Oil and oily mixtures from machinery spaces,0.643 # 0.641 # 0.637
"Are the tunnel-conveyor emergency stop, speed switch, and belt misalignment switch in good order and inspected regularly? (V)?",Steering gear # Protection machinery # Guards / fencing around dangerous machinery parts,0.676 # 0.664 # 0.661
Is the tunnel-conveyor hydraulic system arrangement in good condition and free from oil leakage? (V)?,"Cargo transfer - Tankers # Machinery # Ballast, fuel and other tanks",0.674 # 0.671 # 0.646
"Are boom dust cover, spill tray and telescopic chute arrangements, where applicable, adequate? (V)?","Fire protection cargo deck area # Covers (hatchway-, portable-, tarpaulins, etc.) # Safe means of access deck - hold/tank, etc.",0.639 # 0.638 # 0.624
"Has the sequence of the cargo plan been followed by the cargo-gate operators, and is the movement of the cargo-gate operators reported to the duty officer and is there evidence to confirm that movement of cargo-gate operators has been monitored to ensure compliance with the cargo plan? (V)?",Pilot ladders and hoist/pilot transfer arrangements # Cargo operation # Long-Range Identification and Tracking system (LRIT),0.721 # 0.719 # 0.717
Is the vibrator system in good order and is there recorded evidence of regular inspection as per manufacturer recommendations? (V)?,Maintenance of Fire protection systems # Record of inspection # Cleanliness,0.656 # 0.638 # 0.634
"Is the lift conveyor in good order, free of corrosion, damage and leakage and is the spillage chute of the lift conveyor, where applicable, collecting the cargo spillage effectively? (V)?","Cargo transfer - Tankers # Loading and unloading equipment # Safe means of access deck - hold/tank, etc.",0.696 # 0.696 # 0.694
"Are walk-rounds of the entire system carried out regularly, recorded and are the staff conducting the rounds aware of their duties? (V)?",Record of inspection (Accommodation) # Radio log (diary) # Security drills,0.634 # 0.630 # 0.628
Is the condition of belts’ tension checked during cargo operations and is there evidence to show that the belt tension and alignment is inspected regularly for proper function? (V)?,"Lashing material # Stowage incl. uprights, lashing, etc (timber) # Bulkheads - operational damage",0.737 # 0.708 # 0.691
Are the tunnel trash pumping and disposal arrangements in good order and is the overboard valve provided with a notice warning against discharge of oil or oily mixture? (V)?,"Pumping, piping and discharge arrangements # Cleanliness of engine room # Standard discharge connection",0.757 # 0.722 # 0.712
"Is a water-level alarm system provided for the tunnel bilge well, and is the alarm system regularly tested and the result recorded? (V)?",Water level detectors on single hold cargo ships # Water level indicator # Bridge Navigational Watch Alarm System (BNWAS),0.705 # 0.697 # 0.662
"Are the emergency stop switch, misalignment switch and speed switch for the boom conveyor and/or shuttle conveyor, where applicable, in good order and are the switches regularly inspected and the result recorded? (V)?",Loading and unloading equipment # Steering gear # Cargo transfer - Tankers,0.654 # 0.644 # 0.642
"Is the boom conveyor in good order, free of corrosion, damage, and oil leakage? (V)?",Machinery # Cargo transfer - Tankers # Decks - corrosion,0.653 # 0.649 # 0.636
"Are the boom conveyor and /or shuttle conveyor, where applicable, walkway lights and, floodlights in good working condition? (V)?","Low level lighting in corridors # Lighting (Working spaces) # Emergency lighting, batteries and switches",0.642 # 0.633 # 0.625
"Is all electric equipment including cable box, cable run and cable tray and shore interlock connection system on the boom conveyor in good order? (V)?",Maintenance / duplication of equipment # Electrical # Loading and unloading equipment,0.647 # 0.645 # 0.637
Are the officers aware of the slewing/swing out limits of the boom conveyor/shuttle conveyor and is there recorded evidence of verification of function of slew/luff limit switch? (V)?,"Revolution counter # Pilot ladders and hoist/pilot transfer arrangements # Safe means of access deck - hold/tank, etc.",0.698 # 0.688 # 0.681
Are the idlers and return rolls of the self-unloading system free from build-up material and are they rotating freely? (V)?,Loading and unloading equipment # Bulwarks and freeing ports # Guards / fencing around dangerous machinery parts,0.642 # 0.627 # 0.618
"Is the ventilation system of the tunnel area in order, and is there documented evidence to confirm that the ventilators are working to their operational capacity? (V)?",Ventilation (Accommodation) # Ventilation (Working spaces) # Ventilation procedures / equipment,0.683 # 0.682 # 0.667
Is the tunnel area clean free from refuse and is the overall standard of housekeeping satisfactory? (V)?,"Cleanliness # Dirty, parasites",0.711 # 0.694 # 0.687
"Is the vessel is provided with guidelines for ‘the prevention, early detection and suppression of fire in the cargo conveyor tunnel’ and are the crew familiar with the guidelines? (V)?",Fire protection cargo deck area # Fire drills # Fire control plan,0.793 # 0.778 # 0.762
Does the vessel stability information provide guidance for shipboard personnel on the effect of flooding the tunnel? (V)?,Stability/strenght/loading information and instruments # Shipboard working arrangements # Information on the A/A-max ratio (Roro/pass.only),0.729 # 0.726 # 0.718
"Is if the electric voltage power of vessel is greater than 1000 volts (high voltage), is staff suitably trained? (V)?",Electrical # Doc evidence for personnel on passenger ships # Fire drills,0.699 # 0.670 # 0.668
"Is the vessel equipped with sufficient intrinsically safe portable radios for use inside the tunnel and, are the radio ‘dead zones’ within tunnel identified and safeguards put in place? (V)?",Cargo ship safety radio (including exemption) # Main installation # Satellite EPIRB 406MHz / 1.6 GHz,0.757 # 0.756 # 0.751
"Are the cargo holds, including the underside of hatch covers, free of loose rust scale and paint flakes? (V)?","Cargo and other hatchways # Covers (hatchway-, portable-, tarpaulins, etc.) # Paint condition",0.716 # 0.699 # 0.687
Is the master/chief officer suitably trained in the inspection and maintenance of hatch covers? (V)?,"Cargo and other hatchways # Covers (hatchway-, portable-, tarpaulins, etc.) # Record of inspection (Accommodation)",0.698 # 0.674 # 0.663
Are adequate procedures in place for carrying out hose and / or ultrasonic testing of hatch covers and is documented evidence of such testing available? (V)?,"Cargo and other hatchways # Covers (hatchway-, portable-, tarpaulins, etc.) # Maintenance of Fire protection systems",0.718 # 0.699 # 0.657
"Are the compression bars and the coaming tops’ water channels clean, free of corrosion and maintained in good condition? (V)?",Bulkhead –corrosion # Bulkheads - operational damage # Pump room bottom protection,0.662 # 0.652 # 0.650
"Are the drain holes of coaming clean, the inboard coaming faces free from any vertical rust staining and are the non-return valves in good condition? (V)?","Logbook entries referring AFS # Pumping, piping and discharge arrangements # Scuppers, inlets and discharges",0.633 # 0.625 # 0.617
Are quick-acting cleats and holders all in place and in good working condition with the rubber washers flexible and free from paint and crack? (V)?,Others,
"Is if the hatch panel side and end plates are in steel-to-steel contact with the coaming tops when closed, are the coaming tops free from grooving or wear? (V)?","Hull - corrosion # Cargo and other hatchways # Covers (hatchway-, portable-, tarpaulins, etc.)",0.670 # 0.658 # 0.641
"Is if the hatch covers are supported by bearing pads, chocks, or support blocks, are they free from wear or damage? (V)?","Cargo and other hatchways # Covers (hatchway-, portable-, tarpaulins, etc.) # Lashing material",0.711 # 0.708 # 0.644
Are the side and cross-joint rubber seals in good condition? (V)?,"Closing devices/watertight doors # Maintenance of Fire protection systems # Covers (hatchway-, portable-, tarpaulins, etc.)",0.624 # 0.608 # 0.603
Are hatch cover panels free of misalignment? (V)?,"Covers (hatchway-, portable-, tarpaulins, etc.) # Cargo and other hatchways # Openings to cargo area, doors, ..., scuttles",0.651 # 0.650 # 0.609
"Are the cross-joint seal retaining channels and the cross-joint compression bar straight, free of corrosion and damage, and are the channel supports and brackets in good condition? (V)?","Bulkheads - operational damage # Bulkhead –corrosion # Beams, frames, floors-op.damage",0.672 # 0.653 # 0.648
"Are the following parts of the hatch covers, where applicable, all in good order and do they appear to be well maintained? (V)?","Cargo and other hatchways # Covers (hatchway-, portable-, tarpaulins, etc.) # Openings to cargo area, doors, ..., scuttles",0.705 # 0.703 # 0.644
"Are cross-joint wedges and their wedge bridge (where fitted) in place, operational and effective? (V)?",Rudder angle indicator # Fire doors/openings in fire-resisting divisions # Automatic radar plotting aid (ARPA),0.619 # 0.616 # 0.610
"Is if hatch covers are hydraulically operated, has the hydraulic oil been tested regularly for contamination and deterioration? (V & M)?","Cargo and other hatchways # Covers (hatchway-, portable-, tarpaulins, etc.) # Openings to cargo area, doors, ..., scuttles",0.696 # 0.667 # 0.645
Are officers familiar with emergency hatch cover operation arrangements and is there evidence of effective training of personnel available on board? (V)?,Operation of GMDSS equipment # Abandon ship drills # Fire drills,0.727 # 0.726 # 0.725
Has a thorough examination and load test of lifting appliances been carried out and is the record of the test and examination being maintained properly? (V & M)?,Maintenance of Fire protection systems # Stability/strenght/loading information and instruments # Freeboard marks,0.683 # 0.650 # 0.635
"Are the hoist and luffing wires of cranes, where fitted, reported in good order and is there recorded evidence of regular inspection and maintenance? (V)?",Pilot ladders and hoist/pilot transfer arrangements # Loading and unloading equipment # Ropes and wires,0.664 # 0.652 # 0.648
"Are the main structures, foundation structures and mountings of the cargo cranes free of apparent defect or damage? (V)?",Spaces in cargo areas # Loading and unloading equipment # Bulkheads - operational damage,0.691 # 0.678 # 0.674
"Is the machinery of the cargo crane, including controls in the operator’s cab inspected, tested, and maintained as per manufacturer’s recommendations? (V)?",Loading and unloading equipment # Cargo transfer - Tankers # Operation of machinery,0.678 # 0.666 # 0.657
Are the ship’s grabs being maintained as per manufacturer recommendation and have the maintenance requirements been incorporated in the PMS? (V)?,Operation/maintenance # Maintenance / duplication of equipment # Facilities for reception of marine safety information,0.743 # 0.740 # 0.732
Are the loose gears of lifting appliances marked clearly and are the certificates of the loose gears available and traceable on board? (V)?,"Gauges, thermometers etc. # Freeboard marks # Loading and unloading equipment",0.672 # 0.668 # 0.665
Has the vessel been provided with procedures for the safe operation of the gantry crane? (V)?,Loading and unloading equipment # Stability/strenght/loading information and instruments # Safe means of access shore - ship,0.727 # 0.722 # 0.718
"Is if gantry cranes are used for lifting hatch covers, are the hydraulic cylinders used for lifting the hatch covers free from leaks and are the hatch covers being marked correctly for precise positioning of the lifting beams and hooks where applicable? (V)?","Cargo and other hatchways # Covers (hatchway-, portable-, tarpaulins, etc.) # Loading and unloading equipment",0.704 # 0.682 # 0.663
"Are check lists in place and being used to cover the check before use, starting the crane and releasing the crane from sea stowage? Is a procedure in place for safe travelling of the gantry crane on deck and are crew familiar with the procedure? (V)?",Pilot ladders and hoist/pilot transfer arrangements # Booklet for bulk cargo loading/unloading/stowage # Safe means of access shore - ship,0.713 # 0.710 # 0.709
Is the vessel provided with a specific isolation procedure for the gantry cranes? (V)?,Special requirements # Loading and unloading equipment # Emergency towing arrangements and procedures,0.653 # 0.648 # 0.644
Are the visual and audible warning signals provided for gantry cranes in the deck area in good order and tested regularly? (V)?,"Warning notices # Bridge Navigational Watch Alarm System (BNWAS) # Lights, shapes, sound-signals",0.677 # 0.661 # 0.660
Are the safety devices of gantry cranes in good order and is there recorded evidences of regular testing? (V)?,Loading and unloading equipment # Safe means of access # Guards / fencing around dangerous machinery parts,0.701 # 0.681 # 0.677
Are the main hoist overload protection and unbalance detection systems in good order and tested as per manufacturer’s recommendation? Are officers aware of the safe operation parameters of gantry cranes and is this information posted in the ship’s office/ ballast control room? (V)?,Stability/strenght/loading information and instruments # Loading and unloading equipment # Pilot ladders and hoist/pilot transfer arrangements,0.746 # 0.736 # 0.717
"Is each gantry cranes provided with a storm locking arrangement and, does the arrangement appeared to be well maintained? (V)?",Loading and unloading equipment # Pilot ladders and hoist/pilot transfer arrangements # Guards / fencing around dangerous machinery parts,0.641 # 0.627 # 0.625
Are the gantry cranes electrically bonded and earthed to the vessel’s structure? (V)?,Stability/strenght/loading information and instruments # Loading and unloading equipment # Bulkheads - operational damage,0.628 # 0.622 # 0.615
"Are the mechanical brakes for the gantry crane motions in good order, tested regularly, and recorded? (V)?",Operation of machinery # Guards / fencing around dangerous machinery parts # Loading and unloading equipment,0.642 # 0.641 # 0.640
"Are the anti-collision and deceleration devices of the gantry cranes in good order and tested regularly, and are track wheels at the deck level fitted with foot guards? (V)?",Loading and unloading equipment # Guards / fencing around dangerous machinery parts # Steering gear,0.669 # 0.665 # 0.650
"Is if the operator’s cabin of a gantry crane travels with the horizontal movement of a load, is the crane operator able to leave the cabin safely in case of power failure or another emergency? (V)?",Loading and unloading equipment # Pilot ladders and hoist/pilot transfer arrangements # Safe means of access,0.703 # 0.684 # 0.682
"Are portable fire extinguishers located around the gantry cranes and in good condition, and are they maintained regularly? (V)?",Ready availability of fire fighting equipment # Fire fighting equipment and appliances # Maintenance of Fire protection systems,0.699 # 0.690 # 0.648
Are the driver’s cabs and local operating stations of the gantry cranes maintained in good condition? (V)?,Loading and unloading equipment # Pilot ladders and hoist/pilot transfer arrangements # Bulkheads - operational damage,0.652 # 0.649 # 0.641
"Are the retractable jib roofs, sides’ curtains and their securing arrangement being maintained in good condition, are checklists for the operation of the jib roof and curtains available and is the evidence of their consistent use? (V)?","Windows, side scuttles and deadlights # Pilot ladders and hoist/pilot transfer arrangements # Covers (hatchway-, portable-, tarpaulins, etc.)",0.659 # 0.657 # 0.656
"Is the telephone system provided for communication between driver’s cab, electrical control room, hatch cover control station and deck level in good order and is there evidence of regular testing and maintenance? (V)?",Facilities for reception of marine safety information # Main installation # Operation/maintenance,0.686 # 0.683 # 0.678
"Is if a platform has been provided on the top of the crane roof for helicopter winching operations, does the area comply with the requirements of ICS guidelines? (V)?",Helicopter landing and pick-up area # Pilot ladders and hoist/pilot transfer arrangements # Safe means of access,0.683 # 0.662 # 0.658
"Is if the gantry crane is equipped with a pilot ladder hoist, is the system being by-passed and not in use? (V)?",Pilot ladders and hoist/pilot transfer arrangements # Safe means of access # Safe means of access shore - ship,0.701 # 0.678 # 0.662
"Have a Crane Monitoring System and a port/crane performance logger been provided, are they in good condition and regularly monitored? Are faults recorded in the fault log, verified and fault-finding rectification procedures recorded appropriately? (V)?","Loading and unloading equipment # Revolution counter # Gauges, thermometers etc.",0.687 # 0.680 # 0.671
"Is the emergency pump for the operation of the crane maintained in good condition, are crew familiar with their duties in the using the emergency pump and are emergency drills being carried out? (V)?",Emergency fire pump and its pipes # Abandon ship drills # Operation of GMDSS equipment,0.725 # 0.703 # 0.693
"Is the steel structure of girders and trolleys free of deformation? Are the access and service platforms of the gantry cranes, including vertical ladders, ladders cages, rungs, stations and platforms being maintained, free of corrosion and in good order? (V)?",Access/structure # Permanent means of access # Safe means of access,0.699 # 0.687 # 0.686
"Are the cranes’ transverse rail, rack, tooth-rack, travelling pinion and travelling wheel free of cracks, misalignment, and abnormal wear; and is there evidence of regular inspection and maintenance? (V)?",Loading and unloading equipment # Guards / fencing around dangerous machinery parts # Decks - cracking,0.687 # 0.663 # 0.662
"Is there evidence to show that regular maintenance has been conducted on the AC motors, electromechanical brake, gear reducer and the blower motors? (V)?",Maintenance of Fire protection systems # Protection machinery # Steering gear,0.713 # 0.700 # 0.684
Has the hydraulic oil of the gantry crane system been tested regularly for contamination and deterioration as per manufacturer recommendation? (V)?,Machinery # Oil and oily mixtures from machinery spaces # COW operations and equipment manual,0.667 # 0.651 # 0.641
"Has the company established guidelines and procedures for the inspection, maintenance and wear zone management of the mooring lines and are they being implemented? (V & M)?",Other (load lines) # Load lines (including Exemption) # Ballast Water Management Certificate,0.705 # 0.705 # 0.701
"Does the vessel’s manager carry out regular safe mooring campaigns, learning from near misses and accidents related to mooring operations and are these shared with the fleet? (V & M)?",Winches and capstans # Ropes and wires # Other (mooring),0.689 # 0.665 # 0.657
Are the certificates of mooring lines and mooring tails available on board? (V & M)?,Certificates & Documentation - Ship Certificate # Certificates & Documentation - Crew Certificate # Load lines (including Exemption),0.713 # 0.706 # 0.705
Do mooring lines and mooring tails comply with industry guidelines and are they in good order? (V & M)?,Winches and capstans # Ropes and wires # Load lines (including Exemption),0.740 # 0.707 # 0.690
Is there a procedure for testing the winch brake rendering setting and is it being tested regularly? (V & M)?,Records of drills and steering gear tests # Winches and capstans # Winches & capstans,0.629 # 0.628 # 0.621
Are mooring lines correctly deployed and tended? (V)?,Ropes and wires # Winches and capstans # Adequate lighting - mooring arrangements,0.731 # 0.731 # 0.719
"Are there sufficient crew members on board to assist in the mooring operation, check and tend the mooring lines at regular intervals? (V)?",Adequate lighting - mooring arrangements # Winches and capstans # Emergency towing arrangements and procedures,0.706 # 0.704 # 0.673
"Are all mooring lines on winches correctly reeled on drums, and if made fast ashore, are winch brakes secured and winches out of gear? (V)?",Winches and capstans # Ropes and wires # Launching arrangements for survival craft,0.790 # 0.675 # 0.669
"Is on split drum winches, have the split drums been set up correctly after the completion of mooring operation? (V)?",Winches and capstans # Launching arrangements for survival craft # Adequate lighting - mooring arrangements,0.760 # 0.681 # 0.663
"Is if the mooring tails are used, have they properly connected to the main mooring lines in accordance with industry guidance? (V & M)?",Winches and capstans # Ropes and wires # Adequate lighting - mooring arrangements,0.729 # 0.696 # 0.680
"Are the mooring ropes stowed clear of the deck and are mooring stations well lit, clean and free from oil leaks? (V)?","Adequate lighting - mooring arrangements # Winches and capstans # Obstruction/slipping, etc.",0.686 # 0.662 # 0.661
Have heaving lines been constructed with a monkey’s fist at one end and are they free of any added weighting material? (V)?,Freeboard marks # Other (load lines) # Overloading,0.649 # 0.647 # 0.646
Is the whole mooring deck area marked with clearly visible signage and considered a danger? (V)?,"Freeboard marks # Safe means of access shore - ship # Obstruction/slipping, etc.",0.695 # 0.693 # 0.684
Are appropriate stoppers in use and are the mooring ropes turned up to bitts correctly? (V)?,Winches and capstans # Launching arrangements for survival craft # Adequate lighting - mooring arrangements,0.723 # 0.674 # 0.667
"Do controls, linkages, operating levers, brake drums, brake linings and pins of winches appear to be in good order? (V)?",Winches and capstans # Winches & capstans # Guards / fencing around dangerous machinery parts,0.682 # 0.655 # 0.632
"Are the pedestal fairleads, roller fairleads and other rollers free of grooving, well-greased and free to turn? (V)?",Others,
"Are the fairleads, rollers, bitts chocks and other items of mooring equipment clearly marked with the relevant SWL? (V)?",Freeboard marks # Winches and capstans # Load lines (including Exemption),0.690 # 0.659 # 0.655
"Are the windlasses, anchors, locking bars and cables in good order, operating effectively and is their maintenance incorporated in the plan maintenance system? (V)?",Anchoring devices # Winches and capstans # Maintenance / duplication of equipment,0.753 # 0.718 # 0.702
Have the anchors been tightly secured in the hawse pipe? (V)?,"Anchoring devices # Manholes / flush scuttles # Scuppers, inlets and discharges",0.702 # 0.695 # 0.695
Are the chain locker doors firmly battened down and are the bitter end securing arrangements located outside the chain locker and accessible? (V)?,Others,
Is the master aware of the limitations of anchoring equipment? (V)?,Anchoring devices # Winches and capstans,0.673 # 0.661 # 0.659
Has the vessel been provided with a ship-specific emergency towing booklet? (V)?,Emergency towing arrangements and procedures # Booklet for bulk cargo loading/unloading/stowage # Shipboard working arrangements,0.749 # 0.728 # 0.719
"If the vessel’s deadweight is 120,000 or more, does it meet the Pilbara Ports Authority (PPA) requirements for towing?",Load lines (including Exemption) # Stability/strenght/loading information and instruments # Tonnage certificate,0.695 # 0.690 # 0.687
Has a qualified person other than the master been designated to handle distress and safety radio communication? (V)?,Distress messages: obligations and procedures # Other (radio communication) # Certificates for radio personnel,0.746 # 0.734 # 0.733
"Is communication equipment, listed in the Record of Equipment attached to the Safety Radio Certificate or Safety Certificate (Form R or Form C), in good condition and has the GMDSS Logbook (the Radio Log) been maintained correctly and are daily, weekly and monthly tests being carried out? (V)?",Radio log (diary) # Cargo ship safety radio (including exemption) # Maintenance / duplication of equipment,0.796 # 0.767 # 0.765
"Has the Satellite EPIRB been correctly installed, tested and maintained? (V & M)?",VHF EPIRB # Satellite EPIRB 406MHz / 1.6 GHz # MF radio installation,0.673 # 0.666 # 0.647
Is the most current edition and up to date List of Radio Signals available on board? (V)?,VHF EPIRB # Satellite EPIRB 406MHz / 1.6 GHz # Facilities for reception of marine safety information,0.711 # 0.692 # 0.692
"Is the vessel equipped with sufficient portable two-way UHF radios, for use in general on-board operations? (V)?",Radio life-saving appliances # Emergency equipment for 2-way comm. # MF radio installation,0.764 # 0.747 # 0.743
Are Search and Rescue Radar Transponders (SARTs) in good order and tested regularly? (V)?,SART/AIS-SART # VHF EPIRB # Satellite EPIRB 406MHz / 1.6 GHz,0.743 # 0.675 # 0.668
Are survival craft portable VHF radios in good order and charged? (V)?,Radio life-saving appliances # Reserve source of energy # VHF EPIRB,0.739 # 0.706 # 0.699
"Is the AIS static, dynamic and voyage data up to date and has an AIS annual test been performed and the record available on board? (V & M)?",Automatic Identification System (AIS) # Thickness measurement report # AIS test report,0.736 # 0.700 # 0.700
Is there a Shore-Based Maintenance Agreement in place to fulfil the maintenance requirements?,Maintenance / duplication of equipment # Seafarer' employment agreement SEA # Survey report file,0.716 # 0.699 # 0.683
Is access to the ship being controlled by an adequate deck watch? (V)?,Access control to ship # Safe means of access shore - ship # Bridge Navigational Watch Alarm System (BNWAS),0.742 # 0.703 # 0.703
Has a Ship Security Officer (SSO) been appointed and trained adequately to perform the duties of SSO and have all crew received security-related training and instructions? (V)?,Ship security officer # Ship Security Officer certificate # Security drills,0.792 # 0.775 # 0.722
Are deck officers familiar with the function and use of the Ship Security Alert System and is the Ship Security Alert System being tested regularly? (V)?,Ship security alert system # Operation of GMDSS equipment # Facilities for reception of marine safety information,0.761 # 0.732 # 0.728
"Is if the vessel transits or may transit a high-risk piracy area, are updated security charts and publications being provided? (V)?",Facilities for reception of marine safety information # Charts # Security related defects,0.733 # 0.728 # 0.720
"Is if the vessel transited or may transit an area with a high risk of piracy, has a voyage risk assessment been produced? (V)?",Facilities for reception of marine safety information # Security related defects # Long-Range Identification and Tracking system (LRIT),0.719 # 0.711 # 0.709
Have preventive measures been taken by the master and crew during the stay in port and prior to departure to prevent stowaways? (V)?,Stowage # Safe means of access shore - ship # Security related defects,0.749 # 0.738 # 0.736
Are cyber security policies and procedures being incorporated in the safety management system and was the cyber security management system evaluated and certified by Class? (V)?,"Risk evaluation, training and instruction to seafarers # Functionality of Safety Systems # ISM",0.676 # 0.674 # 0.673
"Are measures in place for controlling the use of removable media such as USB memory sticks, CDs, DVDs, and diskettes on shipboard computers? (V)?",Garbage # Facilities for reception of marine safety information # Electronic charts (ECDIS),0.683 # 0.667 # 0.667
"Are adequate engineering procedures, instructions and guidelines included in the SMS? (V)?",Operation/maintenance # ISM # Facilities for reception of marine safety information,0.705 # 0.701 # 0.699
Is an engineer manning matrix in place and are the responsibilities of watch standing engineers and engine ratings clearly defined and posted in the Engine Control Room? (V)?,Certificate for rating for watchkeeping # Manning specified by the minimum safe manning doc # Certificate for rating able seafarer deck/engine and electro-technical,0.737 # 0.737 # 0.734
"Have specific standing orders been prepared by the chief engineer and have these orders along with the night order book been read, understood, and signed by the watch standing engineers, engine crew and electrical engineer, where applicable? (V & M)?",Certificate for rating for watchkeeping # Manning specified by the minimum safe manning doc # Fire drills,0.724 # 0.717 # 0.715
"Is if the vessel has been certified for periodically unattended machinery spaces (UMS), is the machinery space being operated in that mode? (V)?",UMS-ship # Unattended machinery spaces (UMS) evidence # UMS-alarms,0.827 # 0.807 # 0.759
"Is if the engine room is not being operated in UMS mode, are there sufficient engineers and crew on board for safe operation of the machinery space? (V)?",UMS-ship # Unattended machinery spaces (UMS) evidence # UMS-alarms,0.822 # 0.819 # 0.792
"Have the entry requirements to the engine room when operating in UMS mode been documented, posted at the entrance to the engine room and understood by all crew? (V)?",Unattended machinery spaces (UMS) evidence # UMS-ship # UMS-alarms,0.809 # 0.807 # 0.796
"Is if an engine room dead man alarm (personnel alarm) is provided, is it being set correctly and in good order? (V)?",Crew alarm # Engineer's alarm # General alarm,0.735 # 0.731 # 0.721
"Is an engineer’s calling alarm system fitted and is it tested regularly, in good order and the results recorded? (V)?",Engineer's alarm # UMS-alarms # Machinery controls alarm,0.674 # 0.670 # 0.667
Is the engine room logbook being properly maintained? (V)?,Cleanliness of engine room # Log-books/compulsory entries # Unattended machinery spaces (UMS) evidence,0.746 # 0.740 # 0.731
Are procedures to recover essential equipment documented and posted in the engine room? (V)?,Means of recovery of life saving appliances # Booklet for bulk cargo loading/unloading/stowage # Log-books/compulsory entries,0.729 # 0.717 # 0.714
Is an effective and up to date planned maintenance system available and being followed on board the vessel? (V & M)?,Operation/maintenance # Maintenance / duplication of equipment # Facilities for reception of marine safety information,0.714 # 0.701 # 0.699
Is critical equipment identified and are a sufficient spare part available as per the manufacturers’ recommendations? (V & M)?,Ready availability of fire fighting equipment # Medical equipment # Protection machinery,0.678 # 0.675 # 0.669
Are the major components of the main engine maintained as per manufacturer’s recommendations and records of periodic maintenance kept? (V)?,"Technical Files and if applicable, monitoring manual # Maintenance of Fire protection systems # Propulsion main engine",0.696 # 0.692 # 0.688
Are the major components of the auxiliary engines maintained as per manufacturer’s recommendations and records of periodic maintenance kept? (V)?,"Technical Files and if applicable, monitoring manual # Auxiliary engine # Maintenance of Fire protection systems",0.689 # 0.688 # 0.680
"Are the emergency escape routes clearly marked, free of obstruction and adequately lit? (V)?","Low level lighting in corridors # Means of escape # Emergency lighting, batteries and switches",0.707 # 0.668 # 0.666
Is the lighting illumination level in engine room space adequate (V)?,Lighting (Working spaces) # Low level lighting in corridors # Adequate lighting - mooring arrangements,0.741 # 0.712 # 0.700
"Is the emergency equipment tested, in good condition and the result recorded? (V)?",Performance standards for radio equipment # Ready availability of fire fighting equipment # Radio log (diary),0.676 # 0.675 # 0.674
"Are engine room emergency stops for ventilation fans and the closing mechanism of ventilation supply and exhaust ducts clearly marked, in working condition, and do records indicate that they have been regularly tested? (V)?","Ventilation (Working spaces) # Ventilators, air pipes, casings # Means of control (opening, pumps) Machinery spaces",0.747 # 0.741 # 0.722
Are engine exhausts and other hot surfaces effectively shielded against oil spray and are flanges and connections of flammable liquid pipelines adequately protected with guards and spray tape? (V)?,Insulation wetted through (oil) # Jacketed high pressure lines and oil leakage alarm # Protection machinery,0.711 # 0.707 # 0.691
"Is lagging and insulation, free of any significant oil impregnation ? (V)?",Insulation wetted through (oil) # Retention of oil on board # Insulation,0.739 # 0.638 # 0.630
Are main engine bearing temperature monitors or crankcase oil mist detector(s) in good condition and regularly tested as per manufacturer instruction? (V)?,"Gauges, thermometers etc. # Maintenance of Fire protection systems # Machinery controls alarm",0.689 # 0.671 # 0.668
"Are the main, emergency switchboards and local starter panels surrounded by non- conducting mat and are the mats in good order? (V)?","Electrical # Pipes, wires (insulation) # Electric equipment in general",0.689 # 0.665 # 0.664
Are the self-closing valves and gauge glasses being maintained and in good order? (V)?,"Gauges, thermometers etc. # Maintenance of Fire protection systems # Ballast, fuel and other tanks",0.695 # 0.663 # 0.649
Are self-closing sounding devices in good order and closed? (V)?,Fire doors/openings in fire-resisting divisions # Minimum headroom # Closing devices/watertight doors,0.634 # 0.634 # 0.629
"Is where moving machinery presents a hazard, is it guarded effectively? (V)?",Guards / fencing around dangerous machinery parts # Protection machines/parts # Protection machinery,0.800 # 0.748 # 0.743
"Are the protective guards, shields and emergency stop of the engine room workshop tools being maintained in good order? (V)?",Protection machinery # Guards / fencing around dangerous machinery parts # Ventilation (Working spaces),0.749 # 0.745 # 0.726
"Is the engine room crane and other lifting gear regularly inspected, tested, and maintained? (V & M)?",Loading and unloading equipment # Unattended machinery spaces (UMS) evidence # Maintenance of Fire protection systems,0.682 # 0.666 # 0.660
"Are all spare parts and loose gear in the machinery spaces, stores and steering compartment properly secured? (V)?",Steering gear # Guards / fencing around dangerous machinery parts # Protection machinery,0.717 # 0.705 # 0.688
Is the standard of housekeeping in the machinery space and steering gear room satisfactory and are they clean and free from obvious leaks? (V)?,"Machinery # Steering gear # Galley, handlingroom (maintenance)",0.703 # 0.697 # 0.695
Are engine room bilges clean and free of oil and sediment? (V)?,"Cleanliness of engine room # Pumping, piping and discharge arrangements # Bilge pumping arrangements",0.761 # 0.715 # 0.713
"Is the bilge high level alarm system in good order, regularly tested and are records of test maintained? (V)?",Water level detectors on single hold cargo ships # Bridge Navigational Watch Alarm System (BNWAS) # Water level indicator,0.693 # 0.681 # 0.681
"Are the sea chest, seawater pumps and related sea water lines in good order, free of hard rust and temporary repairs? (V)?","Pumping, piping and discharge arrangements # Emergency fire pump and its pipes # Other (load lines)",0.695 # 0.677 # 0.675
"Is the following machinery/equipment, where applicable, in good order and well maintained? (V)?",Machinery # Guards / fencing around dangerous machinery parts # Ready availability of fire fighting equipment,0.696 # 0.678 # 0.678
"Is the pipe work in the machinery space, including but not limited to steam, fuel, lubricating oil, sewage, drain and air lines well maintained, in good condition and free of any temporary repair? (V)?","Machinery # Oil and oily mixtures from machinery spaces # Steam pipes, pressure pipes, wires (insulation)",0.715 # 0.695 # 0.694
Are engineers familiar with operation of the main engine from the local manoeuvring control position? (V)?,Revolution counter # Rudder angle indicator # Emergency steering position communications/ compass reading,0.709 # 0.694 # 0.692
Are crew familiar with the starting procedure for the emergency generator and how to put power on the emergency switch board? (V)?,Emergency source of power - Emergency generator # Reserve source of energy # Auxiliary engine,0.756 # 0.732 # 0.720
"Is if the starting source of the emergency generator relies on a single starter motor, has a spare starter motor been provided? (V)?",Emergency source of power - Emergency generator # Auxiliary engine # Reserve source of energy,0.715 # 0.696 # 0.688
"Is if an emergency generator is not fitted, are engine room emergency batteries in good order, fully charged and capable of supplying the designed power load up to a minimum 18 hours? (V)?",Reserve source of energy # Emergency source of power - Emergency generator # Auxiliary engine,0.739 # 0.739 # 0.696
Is the earth fault monitoring equipment of the main and emergency switchboards operational and are they free of faults? (V)?,"Emergency source of power - Emergency generator # Emergency lighting, batteries and switches # Electrical",0.652 # 0.652 # 0.648
Is the emergency steering gear drill being carried out every three months? (V)?,Records of drills and steering gear tests # Steering gear # Enclosed space entry and rescue drills,0.706 # 0.667 # 0.666
Is the emergency reserve tank of the steering gear system fully charged? (V)?,Steering gear # Steering-gear alarm # Reserve source of energy,0.677 # 0.668 # 0.665
Is a heading indicator and communication system provided in the steering gear room and are they in good order? (V)?,Emergency steering position communications/ compass reading # Steering-gear alarm # Steering gear,0.771 # 0.727 # 0.720
Is the emergency steering position rudder angle indicator in good order and clearly marked in red and green? (V)?,Rudder angle indicator # Emergency steering position communications/ compass reading # Rate-of-turn indicator,0.735 # 0.703 # 0.700
Is the steering gear compartment clear of obstructions and loos equipment properly secured? (V)?,Steering gear # Steering-gear alarm # Guards / fencing around dangerous machinery parts,0.707 # 0.671 # 0.659
"Are suitable handrails, gratings or other non-slip surfaces provided for the steering gear compartment? (V)?","Obstruction/slipping, etc. # Steering gear # Steering-gear alarm",0.646 # 0.639 # 0.613
"Is the ship’s hull clean, free of significant corrosion, extensive coating breakdown and marine growth? (V)?",Hull damage impairing seaworthiness # Loading/Ballast condition (Tanker) # Decks - corrosion,0.727 # 0.715 # 0.708
"Are the following permanent markings on the ship’s hull, where applicable, plainly visible and painted in a contrasting colour? (V)?",Freeboard marks # Paint condition # Triangle mark,0.747 # 0.725 # 0.722
Are the weather decks free of loose rust scale and maintained in a satisfactory condition? (V)?,Decks - corrosion # Bulwarks and freeing ports # Hull - corrosion,0.684 # 0.648 # 0.648
"Are the pipes on deck free of significant corrosion, pitting, soft patches or temporary repair and maintained in good condition? (V)?",Decks - corrosion # Manholes / flush scuttles # Decks - cracking,0.715 # 0.697 # 0.695
"Are all the watertight doors, weathertight doors, portholes, and wheelhouse windows maintained in good order? (V)?","Wheelhouse door, -window # Doors # Closing devices/watertight doors",0.785 # 0.733 # 0.722
Are the vents and air pipes on weather decks maintained in good order and are they clearly marked to indicate the compartment they serve? (V)?,"Ventilators, air pipes, casings # Ventilation (Accommodation) # Covers (hatchway-, portable-, tarpaulins, etc.)",0.707 # 0.689 # 0.688
Is the cosmetic appearance of the superstructure satisfactory? (V)?,Spaces in cargo areas # Structural condition # Lighting (Accommodation),0.646 # 0.645 # 0.643
Are the hatch numbers clearly indicated and correctly placed? (V)?,Triangle mark # Freeboard marks # Adequate lighting - mooring arrangements,0.670 # 0.649 # 0.645
"Are the deck lights, emergency lights and hold lights (where fitted) in good order? (V)?","Adequate lighting - mooring arrangements # Emergency lighting, batteries and switches",0.725 # 0.675 # 0.669
Are portable and fixed cargo lights used for illumination of cargo holds inspected regularly and maintained in good condition? (V)?,"Holds and tanks safety # Covers (hatchway-, portable-, tarpaulins, etc.) # Lighting (Working spaces)",0.675 # 0.664 # 0.653
"Is the condition of electrical equipment including switches, sockets, junction boxes, plugs, conduits and wiring on weather decks satisfactory? (V)?",Electrical # Electric equipment in general # Facilities for reception of marine safety information,0.708 # 0.703 # 0.671
"Are the explosion-proof lights in paint lockers, acetylene stores or similar spaces in good condition? (V)?","Emergency lighting, batteries and switches # Lighting (Working spaces) # Low level lighting in corridors",0.682 # 0.681 # 0.673
Are the stores located inside the accommodation and on the weather decks clean and tidy? (V)?,Cleanliness # Doors # Oil skin locker,0.664 # 0.661 # 0.649
Are dryers inside the laundries clear of any build-up of lint? (V)?,Laundry # Oil skin locker,0.627 # 0.619
"Are galley appliances, audio-visual equipment, and other electrical equipment inside the accommodation in good order? (V)?","Galley, handlingroom (maintenance) # Furnishings",0.703 # 0.702 # 0.701
"Are the door seals, catches and alarm system of the refrigerated space in good order? (V)?","Cold room, cold room cleanliness, cold room temperature # Cold room # Cold room temperature",0.669 # 0.660 # 0.659
"Is the elevator, where fitted, inspected, tested and in good order? (V)?","Pilot ladders and hoist/pilot transfer arrangements # Maintenance of Fire protection systems # Evaluation, testing and approval",0.673 # 0.647 # 0.642
"Is if provided, is the ship’s hospital properly equipped, clean, hygienic and for medical use only? (V & M)?",Hospital accommodation (Sickbay) # Sickbay # Medical equipment,0.722 # 0.712 # 0.706
Do the Seafarer Employment Agreements (SEA) comply with the requirements of MLC 2006 and do the crew salaries meet or exceed the current ILO Minimum Wage Scale? (V & M)?,Seafarer' employment agreement SEA # Survey report file # Wages,0.755 # 0.742 # 0.724
"Are the accommodation spaces safe, provided to a respectable level of health and hygiene and regularly inspected, including checks of ventilation, noise, heating, lighting, and sanitation? (V)?","Cleanliness # Dirty, parasites # MLC, 2006 - Accommodation, recreational facilities, food and catering",0.753 # 0.728 # 0.712
Are the ship’s staff provided with adequate recreation facilities on board the ship? (V)?,"Other (crew and accommodation) # MLC, 2006 - Accommodation, recreational facilities, food and catering # Fire drills",0.686 # 0.681 # 0.679
Has the master been provided with a monthly welfare budget? (V)?,Wages # Record of inspection # Provisions quantity,0.620 # 0.618 # 0.616
Are seafarers being provided with sufficient food and water free of charge and does the cook hold appropriate qualifications? (V)?,Training and qualification of ship's cook # Wages # Seafarer' employment agreement SEA,0.724 # 0.690 # 0.685
Are ship’s staff provided with appropriate medical care and health promotion programmes? (V)?,"Medical certificate # Medical care onboard or ashore free of charge # MLC, 2006 - Health protection, medical care, social security",0.711 # 0.704 # 0.703
"Is there evidence to confirm that visits to a qualified medical doctor or dentist have been arranged without delay in ports of call, where required? (V)?",Access to on shore medical doctor or dentist # Medical advice by radio or satellite # Medical doctor or person in charge of medical care,0.693 # 0.683 # 0.648
"Are individual monthly statements provided to all seafarers on board, detailing their monthly wage and any authorised deductions such as allotments? (V)?",Measures to ensure transmission to seafarer's family # Wages # Seafarer' employment agreement SEA,0.701 # 0.687 # 0.681
Is there a complaints procedure on board and are seafarers aware of this procedure? (V)?,"Procedure for complaint under MLC, 2006 # Procedure for inspection, reporting and correcting unsafe conditions and for investigating and reporting on-board occupational accidents # Records of seafarers' daily hours of work or rest",0.740 # 0.714 # 0.712
Is the vessel provided with adequate policies on mental health and mental disorders? (V)?,"Medical advice by radio or satellite # Medical certificate # Dirty, parasites",0.707 # 0.703 # 0.702
"Are seafarers provided with free access to external sources of support, whom they can contact in confidence while on board (V)?",Access to on shore medical doctor or dentist # Medical care onboard or ashore free of charge # Seafarer' employment agreement SEA,0.672 # 0.671 # 0.670
Has company provided training for on-board key personnel in recognising signs of mental health problems? (V)?,On board programme for the prevention of occupational injuries and diseases # Training and qualification MLC - Personnel safety training # Doc evidence for personnel on passenger ships,0.669 # 0.660 # 0.658
Is the vessel provided with a practical guide regarding the management of death at sea?,Booklet for bulk cargo loading/unloading/stowage # Cargo securing manual # Lifejackets incl. provision and disposition,0.701 # 0.675 # 0.673
Is the vessel provided with an approved ship-specific Polar Water Operation manual or an Ice Operation manual? (V)?,Oil record book # Polar ship certificate # Polar Water Operational Manual,0.734 # 0.727 # 0.727
Is the master aware of the operational limitations specified in the Polar Ship Certificate? (V)?,Operational limitations for passenger ships # Certificate for rating able seafarer deck/engine and electro-technical # Facilities for reception of marine safety information,0.730 # 0.718 # 0.717
"Is the vessel appropriately manned by adequately qualified, trained, and experienced personnel? (V)?",Manning specified by the minimum safe manning doc # Certificate for rating able seafarer deck/engine and electro-technical # Fire drills,0.717 # 0.712 # 0.711
Is polar water operation incorporated in the approved SOPEP manual? (V)?,Polar Water Operational Manual # Oil record book # Shipboard Marine Pollution emergency operations,0.732 # 0.704 # 0.692
Is the vessel provided with a means of detecting floating ice? (V)?,Facilities for reception of marine safety information # Oil / water interface detector # Echo sounder,0.658 # 0.657 # 0.657
Is the vessel able to receive up-to-date information including ice reports for safe navigation? (V)?,Facilities for reception of marine safety information # Nautical publications # Charts,0.747 # 0.701 # 0.693
Are main engine sea chests provided with steam heating systems and is a record of check available? (V)?,"Unattended machinery spaces (UMS) evidence # Steam pipes and pressure pipes # Pumping, piping and discharge arrangements",0.683 # 0.682 # 0.671
Are personnel provided with appropriate protective equipment suitable for sub- freezing temperature? (V)?,Immersion suits # Personal equipment # Heating,0.718 # 0.708 # 0.703
Are the accommodation spaces provided with adequate heating systems? (V)?,"Heating # Ventilation (Accommodation) # Heating, air conditioning and ventilation",0.684 # 0.676 # 0.673
Is the vessel equipped with suitable material and / or equipment for cleaning the ice and snow from critical areas? (V)?,Tank washing equipment # Immersion suits # Helicopter landing and pick-up area,0.669 # 0.665 # 0.659
Is effective vision enhancement equipment provided on the Navigation Bridge? (V)?,Navigation bridge visibility # Rudder angle indicator # Gyro compass,0.680 # 0.659 # 0.654
"Is exterior electronic equipment, such as communication transmitters / receivers exposed to rotating radar scanners and fog horns protected from sub-freezing temperature? (V)?",Facilities for reception of marine safety information # MF/HF radio installation # Main installation,0.625 # 0.623 # 0.620
Are procedures in place to safeguard the operation of critical equipment in sub-freezing temperatures? (V)?,Protection machinery # Immersion suits # Operation of GMDSS equipment,0.712 # 0.704 # 0.696
Are procedures in place to safeguard the readiness of lifesaving appliances and survival arrangements in sub-freezing temperature? (V)?,Immersion suits # Operational readiness of lifesaving appliances # Lifejackets incl. provision and disposition,0.716 # 0.705 # 0.691
Are procedures in place to safeguard the readiness of firefighting equipment in sub-freezing temperature? (V)?,Ready availability of fire fighting equipment # Operation of Fire protection systems # Protection machinery,0.712 # 0.699 # 0.687
"Are procedures in place to safeguard the ballast lines, hydraulic lines, fire lines and bunker lines in sub-freezing temperature? (V)?","Steam pipes, pressure pipes, wires (insulation) # Immersion suits # Ballast, fuel and other tanks",0.703 # 0.698 # 0.695
Are means and procedures in place to safeguard the readiness of the ballast systems in sub-freezing temperature? (V)?,"Loading/Ballast condition (Tanker) # Ballast, fuel and other tanks # Immersion suits",0.720 # 0.714 # 0.710
Are means and procedures in place to safeguard the blockage of vent pipes in sub-freezing temperature? (V)?,"Fire-dampers # Ventilators, air pipes, casings # Ventilation",0.695 # 0.664 # 0.661
Are the emergency drill procedures amended prior to entering sub-freezing / polar areas and are the crew being regularly trained with such a procedure? (V)?,Enclosed space entry and rescue drills # Abandon ship drills # Security drills,0.738 # 0.737 # 0.733
"Is if the vessel intends to trade in Polar Regions, have the hull underwriters and P&I Club been informed? (V)?",Polar ship certificate # Oil record book # Immersion suits,0.720 # 0.714 # 0.703
