Code,Title,Description,Paris MOU Recommendations,AMSA Trends,AMSA Recommendations,Tokyo MOU Trends,Tokyo MOU Recommendations,Paris MOU Trends,Mapped Questions-Internal,Mapped Questions-External
1,Certificates & Documentation,,,,,,,,Are all certificates valid (including calibration certs as per AD-04)?,
11,Certificates & Documentation - Ship Certificate,,,,,,,,Are all certificates valid (including calibration certs as per AD-04)?,Are the certificates of mooring lines and mooring tails available on board? (V & M)?
1101,Cargo ship safety equipment (including exemption),"(SOLAS) Required certificate for firefighting, lifesaving, etc. If missing/expired, the ship is illegal to sail since critical safety equipment compliance is unverified. PSC usually detains ships lacking this cert, as it undermines multiple safety aspects.",,,,,,,,Has the vessel been provided with ship-specific fire safety and SOLAS training manuals and operational booklets? (V)? # Is any special emergency equipment required by IMSBC on board(as applicable) and in a state of readiness during the cargo operation? (V)? # Is there a sufficient quantity of reserve cargo- securing devices on board? (V)?
1102,Cargo ship safety construction (including exempt.),(SOLAS) Verifies hull/structural integrity standards. Absence suggests structural components or watertight integrity might not meet SOLAS – a detainable breach of seaworthiness.,,,,,,,,Is the vessel free of any apparent structural defects? (V)?
1103,Passenger ship safety (including exemption),"(SOLAS) Mandatory for passenger vessels; without it, the ship cannot carry passengers legally. PSC would prevent operation due to the heightened risk to many lives on board.",,,,,,,,
1104,Cargo ship safety radio (including exemption),(SOLAS) Ensures GMDSS radio outfit is as required. Missing this cert means long-range distress communications might be compromised – very serious for emergency response. Likely detention until an interim certificate or waiver is obtained.,,,,,,,,"Is the ECDIS of an approved type and does it meet the SOLAS requirement? # Is the vessel equipped with sufficient intrinsically safe portable radios for use inside the tunnel and, are the radio ‘dead zones’ within tunnel identified and safeguards put in place? (V)? # Is communication equipment, listed in the Record of Equipment attached to the Safety Radio Certificate or Safety Certificate (Form R or Form C), in good condition and has the GMDSS Logbook (the Radio Log) been maintained correctly and are daily, weekly and monthly tests being carried out? (V)?"
1105,Cargo ship safety (including exemption),"(SOLAS) Integrated certificate (on some ships) covering construction, equipment, radio. Its absence is effectively the same as multiple major certs missing, hence a ship is considered unsafe to proceed.",,,,,,,,
1106,Document of compliance (DoC/ ISM),"(ISM Code) Company’s ISM certification. If a vessel’s managing company lacks a valid DoC, the ship’s whole Safety Management System is not recognized – a major non-compliance. Vessels have been detained or even banned from departing without a valid DoC/ISM framewor​maritime-mutual.com】.","Ensure a valid copy of the company’s Document of Compliance (DoC) is kept onboard. The copy does not need to be certified, but the DoC must be valid and appropriate for the ship type; ensure that the DoC is not expired or withdrawn and that annual verification endorsements are up to date. The ship type listed on the Safety Management Certificate (SMC) must also be listed on the DoC and the company’s name, address and certificate number must match. If minor typographical errors exist, correct them promptly; if the DoC is expired or withdrawn, the ship should not sail until a new DoC is issued.",Marine Order 504 changes,"Review and update the safety management system (SMS) to comply with revised Marine Order 504; incorporate simplified risk assessments, fatigue management, drug and alcohol policy, cargo & dangerous goods procedures, operational procedures for key vessel operations, emergency plans (including loss of propulsion and fuel/oil spills), updated master and designated person responsibilities, assembly station requirements, and record of vessel modifications requiring stability risk assessmenthttps://www.amsa.gov.au/news-community/news-and-media-releases/new-safety-management-system-requirements-now-effect",,,,All ITU publications provided onboard are up-to-date.? # All Nautical Publications updated and available including USCG 33 & 46 CFR; USCG Navigation Rules - International - Inland?,"Has an SMS policy and procedure been established to enforce the STCW Convention and Code requirements for the purpose of preventing drug and alcohol abuse? (V & M)? # Has the vessel’s manager established a documented system for personnel to effectively implement the ISM Code? (V)? # Has the Master been provided with a signed certificate or declaration, indicating the moisture content, Transportable Moisture Limit (TML) and density? (V & M)? # Is if the solid bulk cargo is not listed in the IMSBC Code, has the Master been provided with a certificate from the shipper, endorsed by the competent authority of the port, stating the characteristics of the cargo and the required conditions for carriage and handling? (V)? # Is if the document of authorisation was not provided, can the master demonstrate the compliance of the ship’s stability with the Grain Code? (V)? # Is if the vessel is carrying cargo under fumigation, are the requirements of the IMO recommendations on safe use of pesticides being met? (V)? # Do on-board safety requirements for fumigation comply with sub-section 3.3.2.7 of the IMO recommendation on the safe use of pesticides? (V)? # Has the master informed the appropriate authorities of the country of destination about the fumigation? (V)? # Is the ro-ro cargo ship provided with an approved Operating and Maintenance Manual (OMM)? (V)? # Is there a procedure for checking the container’s seals and is there documented evidence of compliance? (V)? # Is the verified gross mass communicated in shipping documents sufficiently in advance to the master? (V)?"
1107,Safety management certificate (SMC/ ISM),"(ISM Code) Ship-specific ISM certificate. A missing or invalid SMC usually results in immediate detention, as the ship is deemed not under a compliant safety management regime. ISM failures are the top cause of detentions globall​maritime-mutual.com】. Score 10 reflects that lack of SMC implies systematic safety oversights.","Ensure a valid Safety Management Certificate (SMC) is onboard, including all endorsements. The SMC is valid only if the company holds a valid DoC for the ship type; check that the SMC’s validity does not exceed five years and that intermediate verification has been completed between the second and third anniversaries. If the SMC is expired, withdrawn, or lacks evidence of intermediate verification, the vessel should not operate until a new SMC is issued. The ship type and company details on the SMC must match those on the DoC.",Marine Order 504 changes,"Review and update the safety management system (SMS) to comply with revised Marine Order 504; incorporate simplified risk assessments, fatigue management, drug and alcohol policy, cargo & dangerous goods procedures, operational procedures for key vessel operations, emergency plans (including loss of propulsion and fuel/oil spills), updated master and designated person responsibilities, assembly station requirements, and record of vessel modifications requiring stability risk assessmenthttps://www.amsa.gov.au/news-community/news-and-media-releases/new-safety-management-system-requirements-now-effect",,,,,Has the vessel’s manager established a documented system for personnel to effectively implement the ISM Code? (V)?
1108,Load lines (including Exemption),"(Load Line Convention) Without a valid Load Line certificate, there’s no assurance the ship’s freeboard and loading are safe. Overloading risk is high. PSC treats this as detainable – no Load Line cert = no sail.","Carry a valid International Load Line Certificate and ensure the ship has not undergone material alterations that would invalidate it; maintain the certificate and attachments, and check that the freeboard marks and deck line are correctly positioned and visible.","Marine Orders 16 & 19 updates; MO16 & MO19 updates (Sept 2025): vessel certification, load line marks and tonnage measurement","Verify vessel has a valid load line and tonnage certificate; ensure load line marks are correctly positioned and the vessel is not overloaded; commercial yachts operating as commercial vessels must comply with load line requirements and may need an International Tonnage Certificatehttps://www.amsa.gov.au/news-community/news-and-media-releases/revised-marine-orders-16-and-19-commence-1-september-2025; Ensure the ship carries valid load line and tonnage certificates in accordance with Marine Orders 16 & 19; verify that load line marks and Plimsoll mark are correctly positioned and visible; avoid overloading and operate within assigned freeboard; apply for an International Tonnage Certificate when required; maintain hull openings, hatch covers and closing devices to ensure watertight integrity; update certificates if vessel modifications affect load line or tonnage",,,,Any COCs on vessel. Check due dates? # Operating conditon of Loadicator and record of test reports (for all ships)? # Review of MSMP and LMP. Physical verification of mooring winches/system/acessories/ropes/wires for wear and tear and suitability?,"Is the latest Class Survey Status available and are all statutory certificates listed in the Class Survey Status valid, and is the vessel free of condition of class or significant recommendations? # Has the vessel been provided with certificates of financial security for seafarers? # Does the vessel’s manager produce a guideline for under keel clearance and air draft clearance? # Has the vessel been safely navigated in compliance with international and inland regulations? (V)? # Has the vessel been provided with an International Energy Efficiency Certificate? # Is there evidence to show that a detailed mooring plan was exchanged between the delivering and receiving vessels and has the master of the receiving vessel reviewed the type and size of fenders of the delivering vessel? # Is the vessel free of any limitations or restrictions specified in the Loading Manual or Trim and Stability Booklet? (V)? # Is the vessel free of any limitations or restrictions specified in the loading manual or trim and stability booklet? (V)? # Has the vessel been provided with a gas free certificate at the discharge port prior to commencement of discharge operation? (V)? # Is there documented evidence of signing off completed lashing per bay and is all lashing gear used compatible with the lashing plan? (V)? # Has the company established guidelines and procedures for the inspection, maintenance and wear zone management of the mooring lines and are they being implemented? (V & M)? # Are the certificates of mooring lines and mooring tails available on board? (V & M)? # Do mooring lines and mooring tails comply with industry guidelines and are they in good order? (V & M)? # Are the fairleads, rollers, bitts chocks and other items of mooring equipment clearly marked with the relevant SWL? (V)? # If the vessel’s deadweight is 120,000 or more, does it meet the Pilbara Ports Authority (PPA) requirements for towing?"
1109,Decision-support system for masters on pass. ships,"(SOLAS V) Required for passenger ships to assist in emergencies (often a specialized software/manual). If not provided, master’s ability to make optimal decisions in crises (like damage control) is reduced. It’s a significant safety aid; its absence is a moderate-to-high concern.",,,,,,,,
1110,Authorization for grain carriage,"(Grain Code) A document certifying the ship’s stability arrangements for bulk grain. Without it, carrying grain can lead to severe stability issues (grain shift). PSC will insist on this authorization (or approved grain stability data) before allowing grain loading – a major concern but rectifiable by proper loading plan or exemptions.",,"MO16 & MO19 updates (Sept 2025): vessel certification, load line marks and tonnage measurement","Ensure the ship carries valid load line and tonnage certificates in accordance with Marine Orders 16 & 19; verify that load line marks and Plimsoll mark are correctly positioned and visible; avoid overloading and operate within assigned freeboard; apply for an International Tonnage Certificate when required; maintain hull openings, hatch covers and closing devices to ensure watertight integrity; update certificates if vessel modifications affect load line or tonnage",,,,,"Has the vessel manager provided policy statements and relevant publications for the safe carriage and handling of grain in bulk? (V)? # Has the grain cargo been examined and sampled during loading to ensure that the apparent conditions meet the requirements as described in the documentation and is there recorded evidence of regular monitoring where applicable? (V)? # Is the approved document of authorisation and grain stability booklet (Grain Loading Manual) provided? # Is if the document of authorisation was not provided, can the master demonstrate the compliance of the ship’s stability with the Grain Code? (V)? # Have cargo holds been grain or hospital cleaned, where applicable, and has a ship’s hold inspection certificate been issued by a 3rd party prior to loading grain? (V & M)? # Is there evidence of a satisfactory grain stability calculation for the last voyage?"
1111,Liquefied gases in bulk (CoF/GC Code),"(Gas Carrier Code) Certifies an LPG/LNG carrier meets design/equipment standards for hazardous gases. Missing this is very severe – the ship should not carry such cargo. Likely detention until a valid CoF is produced or cargo offloaded, due to extreme fire/explosion risks.",,"MO16 & MO19 updates (Sept 2025): vessel certification, load line marks and tonnage measurement","Ensure the ship carries valid load line and tonnage certificates in accordance with Marine Orders 16 & 19; verify that load line marks and Plimsoll mark are correctly positioned and visible; avoid overloading and operate within assigned freeboard; apply for an International Tonnage Certificate when required; maintain hull openings, hatch covers and closing devices to ensure watertight integrity; update certificates if vessel modifications affect load line or tonnage",,,,,"Is there an approved LNG Fuel Handing and Emergency Procedure Manual, and are crew familiar with the bunkering and emergency procedures such as leakage, fire or potential fuel stratification resulting in rollover? # Are staff responsible for LNG bunkering aware of their responsibilities and actions to be taken in case of malfunction or emergency and are instructions and warning signs clearly posted on site for safe LNG bunkering operation? # Is the LNG bunkering operator control panel fitted with an earth indicator light to indicate the faulty circuits and is the control panel free of any faulty earth indication during LNG bunkering? # Have the key components of the LNG bunkering system been identified, included within the PMS, maintained and where applicable, calibrated as per the manufacturer’s recommendation? # Has the LNG hose handling operation been carried out and supervised by trained personnel? # Has the LNG fuels bunkering checklist been correctly completed and is there evidence to show that they are effectively managing their obligations as accepted in the checklist? # Is the receiving vessel in a high state of readiness at all times during LNG bunkering operations? # Is prevention of over-pressurization of the LNG transfer system in the event of activation of the ERS or the ESD documented in the LNG fuel-handing manual? # Are the officers aware of any LNG bunker loading limitations for the vessel and are these limitations, if applicable, clearly posted at the LNG bunker operation panel? # Has the vessel been provided with a gas free certificate at the discharge port prior to commencement of discharge operation? (V)? # Is the verified gross mass communicated in shipping documents sufficiently in advance to the master? (V)?"
1112,Liquefied gases in bulk (ICoF/IGC Code),(Modern gas carriers under IGC Code) – Same severity reasoning as 01111: essential for legal carriage of LNG/LPG under current standards.,,,,,,,,Has the LNG fuels bunkering checklist been correctly completed and is there evidence to show that they are effectively managing their obligations as accepted in the checklist?
1113,Minimum safe manning document,"(SOLAS V) States the minimum crew numbers/qualifications. If not on board, or if manning is below that level, the ship is legally undermanned – a detainable situation. PSC views undermanning as directly increasing accident risk (fatigue, emergency response capability); ships have been detained until additional crew joi​crclass.org】.",,Watchkeeping & crewing standards 2025 – fatigue & hours of rest,"Maintain appropriate crewing levels and safe watchkeeping arrangements to prevent fatigue; avoid the 6-on/6-off watch schedule where possible; comply with minimum hours-of-rest requirements and keep accurate work/rest records; do not falsify rest records; review watchkeeping schedules to ensure adequate sleep and safe handovers; integrate fatigue risk management into the Safety Management System and follow STCW, MLC and Marine Order 28 requirements",,,,,
1114,Dangerous chemicals in bulk (CoF/BCH Code),(Old Bulk Chemical Code) Certificate for older chemical tankers. Absence means the vessel’s structure/equipment for toxic or reactive chemicals isn’t verified – an unacceptable situation. Would be treated on par with other fitness certs (detention or no loading of such cargo).,,"MO16 & MO19 updates (Sept 2025): vessel certification, load line marks and tonnage measurement","Ensure the ship carries valid load line and tonnage certificates in accordance with Marine Orders 16 & 19; verify that load line marks and Plimsoll mark are correctly positioned and visible; avoid overloading and operate within assigned freeboard; apply for an International Tonnage Certificate when required; maintain hull openings, hatch covers and closing devices to ensure watertight integrity; update certificates if vessel modifications affect load line or tonnage",,,,,
1115,Dangerous chemicals in bulk (ICoF/IBC Code),(IBC Code) Certificate for modern chemical tankers. Similarly critical – without it the ship should not transport IMO Class chemicals. Non-compliance would result in detention or cargo refusal due to pollution and safety hazards.,,,,,,,,
1116,Operational limitations for passenger ships,"Some passenger ships have explicit operational limits (e.g., wave height, area). This entry implies documentation of those limits. If missing, the vessel might unknowingly operate beyond safe conditions. It’s a moderate issue; PSC will require clarity on any restrictions to ensure compliance.",,,,,,,,Is the master aware of the operational limitations specified in the Polar Ship Certificate? (V)?
1117,International Oil Pollution Prevention (IOPP),"(MARPOL Annex I) Proves ship has oil pollution prevention equipment (e.g. oily water separator) and procedures. No IOPP = potential illegal oil discharge. PSC treats it as highly detainable (ship cannot legally carry oil/fuel without it). In effect, a ship without IOPP is a huge pollution risk and often targeted for detailed exa​safety4sea.com】.",,,,,,,,"Is an approved MARPOL Shipboard Oil Pollution Emergency Plan (SOPEP) available, and up to date and are ship’s personnel familiar with their duties?"
1118,Pollution prevention by noxious liquid sub in bulk,"(MARPOL Annex II) Required for chemical tankers carrying noxious liquids (categories X, Y, Z). Missing NLS cert is similar to missing IOPP but for chemicals – very serious (ship shouldn’t be carrying those cargoes). PSC likely detains or restricts cargo operations until certificated.",,,,,,,,
1119,International Sewage Pollution Prevention Cert.,"(MARPOL Annex IV) Required for ships >400 GT or >15 persons for sewage treatment/holding compliance. If absent, the ship technically shouldn’t discharge sewage at sea. It’s a moderate environmental cert; PSC will cite it and likely require one before departure, but not usually immediate detention unless the ship is actively found polluting.",,,,,,,"15 ppm OWS , ODME, sewage plant (STP), incinerator - operation/test records. Effluent test records for STP.?",
1120,Statement of Compliance CAS,"(MARPOL Annex I) CAS applies to older single-hull tankers to assess structural condition. If a tanker required to undergo CAS lacks this Statement, it indicates the vessel may be too old/risky to carry heavy oil. PSC in port states that enforce CAS will detain or ban such a tanke​file-rqgsxjhhjrkkp4ut9spfnu】, considering it high severity due to heightened spill risk in aging hulls.",,,,,,,,
1121,Interim Statement of Compliance CAS,"As above, if only an interim compliance is in effect (perhaps during the CAS process). If even that is missing when needed, it’s treated similarly – the tanker’s continued operation is in question. High severity for older tanker operation.",,,,,,,,
1122,International ship security certificate,"(SOLAS XI-2/ISPS) Indicates ship meets ISPS security standards. Absence means the ship has not been audited for security measures – a serious security breach. Many ports will refuse entry or detain a vessel without an ISSC, given global security post-9/11. Severity is very high (the ship might be considered a security risk with no valid ISSC).",Carry a valid International Ship Security Certificate (ISSC) issued by the Administration or a recognised security organisation; check that it is current and correctly endorsed; keep it available for inspection.,,,,,,,
1123,Continuous synopsis record,"(SOLAS XI-1) The CSR is a history of the ship’s identity and ownership. If missing or not updated, it’s a documentation lapse that could hinder traceability (important for security and safety history). PSC will require it to be updated. It’s moderately important legally but has no direct immediate safety impact – hence a lower score.",,,,,,,,
1124,International Air Pollution Prevention Cert,"(MARPOL Annex VI) Certifies compliance with engine NOx limits, fuel sulfur limits, etc. Without IAPP, the ship cannot prove it meets air emission rules (e.g., might be burning high-sulfur fuel illegally). PSC sees missing IAPP as a serious environmental non-compliance; in emission control areas this can lead to detention/fine​safety4sea.com】. We score it high – essential for legal operation post-2020 sulfur cap.",,,,,,,,"Is the ro-ro ship fitted with an automatic system to control air quality in the cargo holds and are records of inspection, testing, calibration, and maintenance of the system being maintained? (V)?"
1125,Engine International Air Pollution Prevention Cert,"(MARPOL Annex VI) Individual engines >130 kW need EIAPP certificates (NOx compliance). Missing certs mean the engine may not meet NOx standards. PSC will flag it – the ship might be allowed to sail short term but must rectify with the flag State. It’s a significant compliance issue, especially in NOx Emission Control Areas.",,,,,,,,"Has the vessel been provided with an International Energy Efficiency Certificate? # Can the vessel safely comply with the requirements of Emission Control Area (ECA) and other local requirements regarding use of very-low or ultra-low sulphur fuels in the main engine, auxiliary engines and boilers?"
1126,Document of compliance dangerous goods,"(SOLAS II-2/19) If a ship (not a tanker) carries packaged dangerous goods, it needs a DoC (indicating fire protection arrangements, etc., are in place). Without it, carrying DG is unsafe and not permitted. PSC would likely detain or forbid loading of dangerous goods until the ship is properly certified – a high safety risk if not compliant (e.g., insufficient fire protection for DG cargo).",,"MO16 & MO19 updates (Sept 2025): vessel certification, load line marks and tonnage measurement","Ensure the ship carries valid load line and tonnage certificates in accordance with Marine Orders 16 & 19; verify that load line marks and Plimsoll mark are correctly positioned and visible; avoid overloading and operate within assigned freeboard; apply for an International Tonnage Certificate when required; maintain hull openings, hatch covers and closing devices to ensure watertight integrity; update certificates if vessel modifications affect load line or tonnage",,,,,"Is if dangerous goods are carried in packaged form, have appropriate documents been provided to the vessels? (V)? # Is if dangerous goods are carried in a container, have appropriate documents been provided to the vessel, and is safety in relation to stowage of declared dangerous goods and higher risk cargoes being considered? (V & M)?"
1127,Special purpose ship safety,"(SPS Code) For vessels like research ships, cable layers, etc., carrying special personnel. Missing this cert means those vessels might not have implemented additional safety measures for people on board. PSC treats it seriously for those types – moderate-high severity (not as common, but important in that niche).",,,,,,,,
1128,High speed craft safety and permit to operate,"(HSC Code) High-Speed Crafts (fast ferries, etc.) are high-risk by design. Without an HSC Safety Certificate or valid Permit to Operate, a high-speed craft is not allowed to operate at high speeds or carry passengers. PSC would detain it immediately – the margins for error on HSC are low, so every required certificate must be in force.",,,,,,,,
1129,Mobile offshore drilling unit safety,"(MODU Code) For drilling rigs or vessels – ensures they meet special safety standards. If a MODU lacks this, it shouldn’t operate; PSC (or coastal state) would very likely shut down its operation until certified, due to high potential hazards (blowouts, etc.). High severity in offshore context.",,,,,,,,
1130,INF certificate of fitness,"(INF Code) Required for ships carrying category I, II, III nuclear materials. If missing, such extremely hazardous cargoes are being carried without special precautions – unacceptable. PSC would detain or refuse entry for the ship with INF cargo but no certificate. Very high severity (nuclear material incidents have huge consequences).",,,,,,,,
1131,International AFS certificate *),"(AFS Convention) Certifies the ship’s hull paint doesn’t contain banned toxins (like TBT). If missing, it’s a regulatory issue but not an acute danger – PSC will typically request the cert or a survey. (If it suggests the ship might still have TBT paint, the vessel might be required to renew coating). Low-moderate severity.",,,,,,,,
1132,Tonnage certificate,(TONNAGE 1969) Needed primarily for port fees and to determine convention applicability. Missing it doesn’t directly affect safety; PSC will ask for it to be produced. Minor severity (though legally required).,,"Marine Orders 16 & 19 updates; MO16 & MO19 updates (Sept 2025): vessel certification, load line marks and tonnage measurement","Verify vessel has a valid load line and tonnage certificate; ensure load line marks are correctly positioned and the vessel is not overloaded; commercial yachts operating as commercial vessels must comply with load line requirements and may need an International Tonnage Certificatehttps://www.amsa.gov.au/news-community/news-and-media-releases/revised-marine-orders-16-and-19-commence-1-september-2025; Ensure the ship carries valid load line and tonnage certificates in accordance with Marine Orders 16 & 19; verify that load line marks and Plimsoll mark are correctly positioned and visible; avoid overloading and operate within assigned freeboard; apply for an International Tonnage Certificate when required; maintain hull openings, hatch covers and closing devices to ensure watertight integrity; update certificates if vessel modifications affect load line or tonnage",,,,Any COCs on vessel. Check due dates?,"Is the latest Class Survey Status available and are all statutory certificates listed in the Class Survey Status valid, and is the vessel free of condition of class or significant recommendations? # Has the vessel been provided with a gas free certificate at the discharge port prior to commencement of discharge operation? (V)? # If the vessel’s deadweight is 120,000 or more, does it meet the Pilbara Ports Authority (PPA) requirements for towing?"
1133,Civil liability for oil pollution damage cert.,"(CLC Convention) This cert (often from P&I insurer) shows the ship has insurance for oil spill liability. If missing (for tankers carrying >2000 tons of oil), the ship cannot enter many ports (no insurance = no entry by law). PSC will detain or deny entry because any spill would otherwise have no guaranteed compensation. High severity from a regulatory perspective (financial security), though not a physical safety issue – but effectively, ship is not allowed to operate without it.",,,,,,,,
1134,Polar ship certificate,"(Polar Code) Required for ships operating in polar waters, outlining ice class and polar survival arrangements. If a ship is trading in Arctic/Antarctic without this, it means it may not be prepared for polar hazards (ice navigation, cold safety). PSC (or the polar coastal state) would likely detain or restrict it from polar routes until compliant. High severity for vessels actually in those regions (risk of oil spills or casualty in sensitive polar environment).",,,,,,,,"Is the vessel provided with an approved ship-specific Polar Water Operation manual or an Ice Operation manual? (V)? # Is if the vessel intends to trade in Polar Regions, have the hull underwriters and P&I Club been informed? (V)?"
1135,Document for carriage of dangerous goods,"(Possible duplicate of 01126?) – Ensures vessel’s arrangements for DG (ventilation, detection) are adequate. Same rationale: essential for legal carriage of dangerous cargo; without it, carrying DG is a major safety hazard and not permitted.",,,,,,,,"Are procedures in place for entering any cargo holds sealed for fumigation in transit? (V)? # Is if dangerous goods are carried in packaged form, have appropriate documents been provided to the vessels? (V)? # Is if dangerous goods are carried in a container, have appropriate documents been provided to the vessel, and is safety in relation to stowage of declared dangerous goods and higher risk cargoes being considered? (V & M)?"
1136,Ballast Water Management Certificate,"(BWM Convention) Indicates compliance with ballast water treatment standards to prevent invasive species. If missing, the ship might be using untreated ballast – an environmental violation. PSC increasingly enforces this; some countries detain ships or deny ballast discharge if no valid certificate. Moderate-high severity (environmental risk – not immediate like a spill, but significant ecological harm potential; also a legal must-have now).",Carry a valid BWM certificate; update and implement the Ballast Water Management Plan; maintain an accurate Ballast Water Record Book; ensure the ballast water treatment system is operational; familiarise crew with BWM procedures and the CIC questionnaire,,,2025 joint Paris–Tokyo MoU concentrated inspection campaign on Ballast Water Management will assess compliance with BWM requirements.,"Keep a valid Ballast Water Management Certificate; update and maintain the BWM Plan; ensure the ballast water management system is approved and operates correctly; keep an accurate Ballast Water Record Book; train crew on BWM procedures; manage sediment and ballast tank maintenance; include BWM compliance in the SMS; negative answers to CIC questions may lead to detentionhttps://www.dnv.com/news/2025/psc-cic-2025-on-ballast-water-management-questionnaire-now-published/#:~:text=Recommendationshttps://www.steamshipmutual.com/publications/articles/paris-and-tokyo-mous#:~:text=The%20purpose%20of%20the%20campaign,will%20be%20verified%20during%20inspections.","2025 joint CIC on Ballast Water Management – focus on compliance with BWM Convention (certificates, plans, record books, system operation, crew training)",,"If a ballast water treatment system is fitted, is it in good order and are the officers familiar with its safe operation? # Is an approved ballast water and sediment management plan provided and complied with? # Has the Master been provided with a signed certificate or declaration, indicating the moisture content, Transportable Moisture Limit (TML) and density? (V & M)? # Is if the vessel is carrying timber, are instructions for ballast water exchange operations for the intended voyage available in the Ballast Water Management Plan? (V)? # Is had the Ballast Water Management Plan for the present port stay been executed? (V)? # Has the company established guidelines and procedures for the inspection, maintenance and wear zone management of the mooring lines and are they being implemented? (V & M)?"
1137,Civil liability for Bunker oil pollution damage cert,"(Bunkers Convention) Similar to CLC but for fuel oil on all ships >1000 GT – proof of insurance for bunker spills. Missing it is a compliance gap; many ports will not let a ship sail without it. PSC will detain until one is provided. Moderately high severity due to legal/financial implications (less than CLC for tankers, but still important as bunker spills can be costly).",,,,,,,,
1138,International Energy Efficiency Cert,"(MARPOL Annex VI) Confirms the ship has a verified Energy Efficiency Design Index (EEDI) or a Ship Energy Efficiency Management Plan (SEEMP). If missing, it’s an administrative lapse in environmental documentation. PSC will note it but it doesn’t pose immediate danger. Low severity – need to obtain the certificate to satisfy Annex VI.",,,,,,,Operating condition of AE (each must be able to take at least 80% of rated load)?,Has the vessel been provided with a specific Ship Energy Efficiency Management Plan (SEEMP)? # Has the vessel been provided with an International Energy Efficiency Certificate?
1139,Maritime Labour Certificate,"(MLC 2006) Indicates the ship passed inspection of crew living/working conditions. If a required MLC certificate is absent or expired on a ship to which MLC applies, it signals potentially serious breaches of crew welfare. PSC can detain ships for MLC non-compliance especially if crew are found in bad conditions (and MLC cert missing reinforces that possibility). High severity due to legal requirements and the fact that 10% of detainable deficiencies relate to MLC issue​gard.no】.","Ensure a valid Maritime Labour Certificate is on board; keep it current and attached to the Declaration of Maritime Labour Compliance. The certificate becomes invalid if the ship changes or if measures are not complied with; maintain and present the certificate during inspections.; Carry a valid Maritime Labour Certificate and Declaration of Maritime Labour Compliance; ensure onboard medical facilities, accommodations, food and welfare services meet MLC standards; address crew complaints promptly and document corrective actionshttps://safety4sea.com/2024-paris-mou-annual-report/#:~:text=Looking%20at%20the%20,both%20in%20numbers%20and%20relatively",Seafarer welfare and MLC compliance,"Ensure maritime labour certificates and declarations are valid; uphold seafarer welfare by preventing harassment and violence, providing stronger repatriation entitlements, recognising seafarers as key workers, improving medical care on board, and ensuring thorough casualty investigations; report seafarer deaths as required",,,"Health protection, medical care, welfare and social security (MLC Title IV) were among the top deficiency categories in the 2024 annual report",,
1140,Declaration of Maritime Labour Compliance (Part I and II),"(MLC 2006) Accompanies the MLC certificate detailing how the ship meets MLC standards. If missing, the ship’s compliance regimen is unclear. PSC treats it as a significant deficiency – it must be on board along with the certificate. Not having it could contribute to detention if other crew welfare problems are observed.","Carry a Declaration of Maritime Labour Compliance (DMLC) parts I & II attached to the MLC certificate; Part I lists national requirements; Part II outlines measures adopted to ensure ongoing compliance; ensure details are correct and endorsed by the competent authority.; Maintain the Declaration of Maritime Labour Compliance Parts I and II; provide evidence of flag-state inspections; ensure employment conditions, accommodations, catering and medical care comply with MLC requirementshttps://safety4sea.com/2024-paris-mou-annual-report/#:~:text=Looking%20at%20the%20,both%20in%20numbers%20and%20relatively",Seafarer welfare and MLC compliance,"Ensure maritime labour certificates and declarations are valid; uphold seafarer welfare by preventing harassment and violence, providing stronger repatriation entitlements, recognising seafarers as key workers, improving medical care on board, and ensuring thorough casualty investigations; report seafarer deaths as required",,,"MLC Title IV deficiencies – emphasis on health protection, medical care, welfare and social security",,
1199,Other (certificates),Any other certificate/documentation issue not specified. Severity varies with the document’s importance. Generally a mid-level score – it could range from trivial (e.g. a missing crew list) to critical (a certificate not listed elsewhere). PSC will evaluate case-by-case.,,,,,,,,
12,Certificates & Documentation - Crew Certificate,,,,,,,,,Are the certificates of mooring lines and mooring tails available on board? (V & M)?
1201,Certificates for master and officers,"(STCW) If the Master or any officer required to hold a license (deck or engine) lacks a valid certificate or flag endorsement, the ship is not legally manned. This is one of the gravest deficiencies – e.g., an unlicensed Master/OOW is an accident waiting to happen. PSC will detain the ship until a properly certified officer is on board. (It’s both a safety issue and a violation of STCW and flag state law.)",,,,,,,Endorsement by Flag State of crew certificate are valid.?,Are the requirements of the master’s standing orders explained to the deck officers? and are bridge order books (Night Order) being completed by the master and countersigned by the officers? (V & M)?
1202,Certificate for rating for watchkeeping,"(STCW) Ratings on bridge/engine watch (able seafarer, oiler, etc.) need watchkeeping certificates. If those are missing, watch teams may be unqualified, raising collision/grounding risks especially if they need to take over in emergency. PSC treats it seriously – likely requiring crew change or additional training documentation. High, though not as high as for officers, since officers oversee watches.",,Certificate of competency compliance; Watchkeeping & crewing standards 2025 – fatigue & hours of rest,"Ensure masters, crew and operators hold valid and appropriate certificates of competency for their roles; operating without required certificates can lead to fines and enforcement actions; Maintain appropriate crewing levels and safe watchkeeping arrangements to prevent fatigue; avoid the 6-on/6-off watch schedule where possible; comply with minimum hours-of-rest requirements and keep accurate work/rest records; do not falsify rest records; review watchkeeping schedules to ensure adequate sleep and safe handovers; integrate fatigue risk management into the Safety Management System and follow STCW, MLC and Marine Order 28 requirements",,,,Crew contracts - crew member must be performing duties for which the contract is signed. For e.g - a person having signed a contract as wiper cannot be shown performing motorman duty even if he has a watchkeeping certificate.?,"Can the master and watch-keeping officer demonstrate a familiarity with the use of ECDIS? (V)? # Is an engineer manning matrix in place and are the responsibilities of watch standing engineers and engine ratings clearly defined and posted in the Engine Control Room? (V)? # Have specific standing orders been prepared by the chief engineer and have these orders along with the night order book been read, understood, and signed by the watch standing engineers, engine crew and electrical engineer, where applicable? (V & M)?"
1203,Certificates for radio personnel,"(STCW IV) The person in charge of radio communications (often an officer with GMDSS GOC) must be certified. Without a GMDSS operator license, distress communication may be mishandled. PSC will likely detain unless another certified person can fulfill the role – a major safety and SOLAS compliance issue.",,Certificate of competency compliance,"Ensure masters, crew and operators hold valid and appropriate certificates of competency for their roles; operating without required certificates can lead to fines and enforcement actions",,,,,Has a qualified person other than the master been designated to handle distress and safety radio communication? (V)?
1204,Certificate for personnel on tankers,"(STCW V/1) Officers and key crew on oil/chemical/gas tankers need special tanker safety training endorsements. Missing these means crew might not know how to handle cargo emergencies (fire, toxicity). For example, no “Tanker Familiarization” for a chief officer carrying chemicals is very serious. PSC can detain or at least bar the vessel from loading until compliant, considering the heightened fire/explosion risk.",,Certificate of competency compliance,"Ensure masters, crew and operators hold valid and appropriate certificates of competency for their roles; operating without required certificates can lead to fines and enforcement actions",,,,,"Are those officers who have immediate responsibility for carrying and care of dangerous and hazardous substances in solid form in bulk, in possession of specialised training as appropriate to the type of cargo being carried? (V)? # Are those officers who have immediate responsibility for carrying and care of dangerous and hazardous substances in packaged form, in possession of specialised training as appropriate to the type of cargo being carried? (V)? # Has a safety officer been appointed and trained, and is the safety officer familiar with the principles and practice of risk assessment? (V)? # Do the master, engineering officers and all personnel with immediate responsibility for the care and use of fuels and fuel systems on ship, hold a certificate in advanced training for service on the ships subject to the IGF Code? # Do seafarers responsible for designated safety duties associated with the care, use or emergency response to the fuel onboard the ship, hold a certificate in basic training for service on ships subject to the IGF Code?"
1205,Certificate for personnel on fast rescue boats,"(STCW VI) Crew designated to operate fast rescue boats must be certified. If those certificates are missing, the ship may not be able to conduct effective man overboard rescues. It’s a safety issue (especially on passenger ships or tankers required to have FRBs). PSC will require the crew get certified or refrain from tasks beyond capability. Moderate severity (critical in an MOB event, but only specific crew affected).",,Certificate of competency compliance,"Ensure masters, crew and operators hold valid and appropriate certificates of competency for their roles; operating without required certificates can lead to fines and enforcement actions",,,,,
1206,Certificate for advanced fire-fighting,"(STCW VI) Most officers are required to have Advanced Fire-Fighting training. If an officer (especially Chief Officer or Second Engineer who lead fire teams) lacks this, it weakens onboard emergency response. PSC will cite it and expect immediate rectification (could even detain if multiple officers are missing it, as that indicates non-compliance in safe manning). Moderate severity per individual, higher if systemic.",,Watchkeeping & crewing standards 2025 – fatigue & hours of rest,"Maintain appropriate crewing levels and safe watchkeeping arrangements to prevent fatigue; avoid the 6-on/6-off watch schedule where possible; comply with minimum hours-of-rest requirements and keep accurate work/rest records; do not falsify rest records; review watchkeeping schedules to ensure adequate sleep and safe handovers; integrate fatigue risk management into the Safety Management System and follow STCW, MLC and Marine Order 28 requirements",,,,,Are the fire and safety rounds being conducted at the end of each watch? (V)?
1209,Manning specified by the minimum safe manning doc,"(SOLAS V/MLC) If the actual crew on board is below the numbers/roles on the Safe Manning Document, the ship is undermanned. E.g., the Safe Manning requires 1 Chief + 2 watch officers, but only 1 watch officer is on board – that is a major violation. PSC will detain the ship until required crew joi​crclass.org】. Undermanning has been a factor in many incidents (fatigue, inadequate watch). This is very severe.",Ensure the safe manning document is on board and that the vessel is manned as specified; present the document during inspection; minimum safe manning must not be below the document; adjust manning before sailing.,Certificate of competency compliance; Watchkeeping & crewing standards 2025 – fatigue & hours of rest,"Ensure masters, crew and operators hold valid and appropriate certificates of competency for their roles; operating without required certificates can lead to fines and enforcement actions; Maintain appropriate crewing levels and safe watchkeeping arrangements to prevent fatigue; avoid the 6-on/6-off watch schedule where possible; comply with minimum hours-of-rest requirements and keep accurate work/rest records; do not falsify rest records; review watchkeeping schedules to ensure adequate sleep and safe handovers; integrate fatigue risk management into the Safety Management System and follow STCW, MLC and Marine Order 28 requirements",,,,,"Is the vessel’s manning in compliance with the Safe Manning Certificate? (V)? # Are the requirements of the master’s standing orders explained to the deck officers? and are bridge order books (Night Order) being completed by the master and countersigned by the officers? (V & M)? # Does the manning level in the bridge at all stages of the voyage and anchor meet or exceed that required by the Bridge Manning Matrix and are lookout arrangements adequate? (V)? # Is an engineer manning matrix in place and are the responsibilities of watch standing engineers and engine ratings clearly defined and posted in the Engine Control Room? (V)? # Have specific standing orders been prepared by the chief engineer and have these orders along with the night order book been read, understood, and signed by the watch standing engineers, engine crew and electrical engineer, where applicable? (V & M)? # Is the vessel appropriately manned by adequately qualified, trained, and experienced personnel? (V)?"
1210,Certificate for medical first aid,"(STCW VI) At least one seafarer (usually an officer) must have Medical First Aid training. If none are certified in even basic first aid, crew might not get proper immediate treatment for injuries, raising risks. PSC will require someone gets trained or added. It’s a moderate deficiency – important but can be compensated short-term (via telemedicine guidance, etc.).",,Certificate of competency compliance,"Ensure masters, crew and operators hold valid and appropriate certificates of competency for their roles; operating without required certificates can lead to fines and enforcement actions",,,,,
1211,Cert for personnel on survival craft & rescue boat,"(STCW VI) Any seaman assigned to lifeboat/rescue boat launching or command must have Proficiency in Survival Craft (PSC) certification. Without it, crew may mishandle lifesaving appliances in an abandon-ship scenario. PSC will not tolerate non-certified boat handlers – this is crucial for evacuation. Likely they will detain until enough crew have the cert or restrict vessel’s operations (e.g., reduce persons on board). High moderate severity.",,,,,,,,
1212,Certificate for medical care,"(STCW VI) The designated “medical person in charge” (often the Chief Officer) needs Advanced Medical Care training. If not certified, advanced treatment on board (for serious injuries/illnesses) might be inadequate. It’s a moderate issue – PSC expects at least one person with this training, especially on long voyages far from shoreside hospitals.",,Certificate of competency compliance,"Ensure masters, crew and operators hold valid and appropriate certificates of competency for their roles; operating without required certificates can lead to fines and enforcement actions",,,,,
1213,Evidence of basic training,"(STCW VI) All crew must have Basic Safety Training (BST). If some seafarers lack proof of BST (perhaps new crew without certificates on hand), that’s a compliance gap and a safety concern – those individuals may not know how to use firefighting gear or survival craft. PSC will likely detain or disembark any crew who cannot prove basic training. Moderately severe (the ship can sail if those crew are removed or quickly trained).",,,,,,,,
1214,Endorsement by flagstate,"(STCW I/10) Officers’ certificates issued by one country must be endorsed by the ship’s flag State. If an officer only has a foreign cert with no flag endorsement, legally they are not recognized by the flag. PSC treats this similar to not having a certificate at all – very serious administratively. Often results in detention or removal of the officer until endorsement is obtained. High severity because it invalidates the officer’s authority on board.",,,,,,,Endorsement by Flag State of crew certificate are valid.?,
1215,Application for Endorsement by flagstate,"Sometimes an officer may sail on proof of application for endorsement (a temporary measure). If the grace period passed and only an application (no actual endorsement) is aboard, PSC will flag it. It’s moderate – if within allowed time, fine; if overdue, it’s like 01214 (serious). Typically not detainable if still in process within STCW-allowed window, but must be resolved.",,,,,,,Endorsement by Flag State of crew certificate are valid.?,
1216,Certificate for personnel on ships subject to the IGF Code,"(STCW V/3) Crew on vessels using gases as fuel (e.g., LNG-powered ships) need special training (IGF Code). If those certificates (Basic or Advanced IGF training) are missing for engineers or bridge officers, that is a major hazard – mishandling LNG/LPG fuel can lead to catastrophic fires/explosions. PSC will likely detain until crew are properly qualified. High severity given the explosive nature of gas fuels.",,,,,,,Fixed deck water spray system for gas carriers and IGF code vessels? # Fixed gas detection system on IGF code vessels for Fuel Preparation Room on IGF Code vessels?,"Do the master, engineering officers and all personnel with immediate responsibility for the care and use of fuels and fuel systems on ship, hold a certificate in advanced training for service on the ships subject to the IGF Code? # Do seafarers responsible for designated safety duties associated with the care, use or emergency response to the fuel onboard the ship, hold a certificate in basic training for service on ships subject to the IGF Code?"
1217,Ship Security Officer certificate,"(STCW VI/5 & ISPS) The designated SSO must be trained and certified. Without a certified SSO, the ship’s ISPS compliance is in doubt – the crew may not handle security threats properly. This is moderately severe; while it doesn’t threaten immediate physical safety like a fire, it poses security risks. PSC will demand a certified SSO on board (they may accept that the Master or another officer has it – one of them must).",Designate a Ship Security Officer (SSO) and ensure the SSO holds a valid certificate of proficiency; keep proof of certification on board.,,,,,,,Has a Ship Security Officer (SSO) been appointed and trained adequately to perform the duties of SSO and have all crew received security-related training and instructions? (V)?
1218,Medical certificate,"(MLC/STCW I/9) Each seafarer must have a valid medical fitness certificate. If crew medicals are expired or missing, they might be unfit for duty (risk of sudden incapacitation or illness at sea). PSC views missing medicals as a serious MLC breach – a potentially unfit crew member can endanger themselves and others. Ships have been detained for widespread lack of valid medicals. High severity (especially for key personnel like bridge watchkeepers – an undiscovered medical condition could lead to incapacitation during critical moments).","Verify that all seafarers hold valid medical fitness certificates; ensure certificates are current and available for inspection.; Ensure all seafarers hold valid medical certificates; monitor expiry dates; maintain accessible medical certificates for inspection; follow required medical fitness procedureshttps://safety4sea.com/2024-paris-mou-annual-report/#:~:text=Looking%20at%20the%20,both%20in%20numbers%20and%20relatively",Seafarer welfare and MLC compliance,"Ensure maritime labour certificates and declarations are valid; uphold seafarer welfare by preventing harassment and violence, providing stronger repatriation entitlements, recognising seafarers as key workers, improving medical care on board, and ensuring thorough casualty investigations; report seafarer deaths as required",,,MLC medical care deficiencies noted in 2024 report,,Are ship’s staff provided with appropriate medical care and health promotion programmes? (V)? # Is the vessel provided with adequate policies on mental health and mental disorders? (V)?
1219,Training and qualification MLC - Personnel safety training,"Suggests crew must be trained in personal safety and social responsibilities (which is part of BST) and possibly other MLC-related safety training (like hygiene, bullying & harassment prevention, etc.). If records are missing, it’s a moderate issue – usually covered by STCW basic training anyway. PSC will note it as a documentation/training gap.",Ensure seafarers are trained and certified competent for their duties; provide evidence of required training and qualifications; do not employ persons under 16 and do not schedule seafarers under 18 for night work except as part of training.,Seafarer welfare and MLC compliance,"Ensure maritime labour certificates and declarations are valid; uphold seafarer welfare by preventing harassment and violence, providing stronger repatriation entitlements, recognising seafarers as key workers, improving medical care on board, and ensuring thorough casualty investigations; report seafarer deaths as required",,,,,Have personnel engaged in cargo securing operations been provided with relevant training and familiarisation? (V)? # Has company provided training for on-board key personnel in recognising signs of mental health problems? (V)?
1220,Seafarer' employment agreement SEA,"(MLC 2006) Each seafarer must have a signed employment contract (SEA) meeting MLC requirements. Unsigned or substandard SEAs are one of the most common detainable MLC deficiencie​gard.no】. If crew don’t have valid SEAs, it implies potential abuse (unpaid wages, excessive hours). PSC takes this very seriously – they often detain ships until proper contracts are in place or resolve conflicts (e.g., crew complaining of different terms). High severity due to legal and welfare implications.",Provide each seafarer with a valid employment agreement that meets MLC requirements; ensure agreements do not contain clauses denying seafarers’ rights; keep signed SEAs on board for inspection.; Ensure each seafarer has a signed Seafarer Employment Agreement that complies with MLC requirements; keep the SEA and any collective bargaining agreement onboard; provide seafarers with easy access to employment conditions and wage information,Seafarer welfare and MLC compliance,"Ensure maritime labour certificates and declarations are valid; uphold seafarer welfare by preventing harassment and violence, providing stronger repatriation entitlements, recognising seafarers as key workers, improving medical care on board, and ensuring thorough casualty investigations; report seafarer deaths as required","2024 joint Paris–Tokyo MoU CIC on crew wages and seafarer employment agreements found that absence of signed SEAs and lack of access to employment information were common deficiencies leading to detentionshttps://safety4sea.com/paris-mou-2024-concentrated-inspection-campaign-cic-on-crew-wages-and-seas/#:~:text=Wages%20and%20Seafarer%20Employment%20Agreements,related%20topic%20detainable%20deficiencyhttps://safety4sea.com/paris-mou-2024-concentrated-inspection-campaign-cic-on-crew-wages-and-seas/.","Provide each seafarer with a Seafarer Employment Agreement signed by both the seafarer and the shipowner; ensure the SEA includes all elements required by the Maritime Labour Convention and is available in English; make employment conditions accessible to the seafarer; pay wages at least monthly and provide statements of account; maintain financial security certificates for death/disability and repatriationhttps://safety4sea.com/paris-mou-2024-concentrated-inspection-campaign-cic-on-crew-wages-and-seas/#:~:text=1,a%20representative%20of%20the%20shipownerhttps://safety4sea.com/paris-mou-2024-concentrated-inspection-campaign-cic-on-crew-wages-and-seas/.",2024 CIC on crew wages & seafarer employment agreements – absence of signed SEAs and lack of access to employment information were major deficiencies,Seafarer Employment Agreement (SEA) is valid within the contract period. The contract period of SEA is checked to be in line with company procedure.? # Crew contracts - crew member must be performing duties for which the contract is signed. For e.g - a person having signed a contract as wiper cannot be shown performing motorman duty even if he has a watchkeeping certificate.?,"Has a specific permit to work and effective Lock-Out/Tag-Out (LOTO) system been introduced for high-risk duties and are the permits being used effectively? (V)? # Is there a Shore-Based Maintenance Agreement in place to fulfil the maintenance requirements? # Do the Seafarer Employment Agreements (SEA) comply with the requirements of MLC 2006 and do the crew salaries meet or exceed the current ILO Minimum Wage Scale? (V & M)? # Are seafarers being provided with sufficient food and water free of charge and does the cook hold appropriate qualifications? (V)? # Are individual monthly statements provided to all seafarers on board, detailing their monthly wage and any authorised deductions such as allotments? (V)? # Are seafarers provided with free access to external sources of support, whom they can contact in confidence while on board (V)?"
1221,Record of employment,"Discharge books or certificates of discharge that note a seafarer’s service. If not provided, it’s an MLC requirement not met, but relatively minor in terms of ship operation. PSC will advise rectification (ensures seafarers can prove sea time for their career). Low severity.",Maintain accurate records of employment for all seafarers; document wage payments and ensure they align with SEA and MLC requirements; make records available for inspection,,,"Same as code 1220 – the CIC highlighted deficiencies in access to employment information and SEA elementshttps://safety4sea.com/paris-mou-2024-concentrated-inspection-campaign-cic-on-crew-wages-and-seas/#:~:text=Wages%20and%20Seafarer%20Employment%20Agreements,related%20topic%20detainable%20deficiencyhttps://safety4sea.com/paris-mou-2024-concentrated-inspection-campaign-cic-on-crew-wages-and-seas/.","Maintain an up‑to‑date record of employment and make it accessible to seafarers; ensure records contain all required details and match the Seafarer Employment Agreement; provide seafarers with access to their employment conditions and wage statementshttps://safety4sea.com/paris-mou-2024-concentrated-inspection-campaign-cic-on-crew-wages-and-seas/#:~:text=1,a%20representative%20of%20the%20shipownerhttps://safety4sea.com/paris-mou-2024-concentrated-inspection-campaign-cic-on-crew-wages-and-seas/.",2024 CIC on crew wages & SEAs – focus on records of employment and wages,Seafarer Employment Agreement (SEA) is valid within the contract period. The contract period of SEA is checked to be in line with company procedure.?,
1222,Doc evidence for personnel on passenger ships,"(STCW V/2) Crew on passenger ships must have crowd management and safety training for assisting passengers. If crew designated to assist passengers in emergencies lack this, passenger evacuation efficiency and panic control are compromised (e.g., untrained crew might fail to manage crowds during a mustering). PSC on passenger vessels will check this; deficiency could lead to reduction in passenger count or detention until training done. Moderate-high severity given potential impact in an emergency.",,,,,,,,"Does the ship’s manager provide value-added training courses beyond the STCW to its on-board engineers? (V)? # Is if the electric voltage power of vessel is greater than 1000 volts (high voltage), is staff suitably trained? (V)? # Has company provided training for on-board key personnel in recognising signs of mental health problems? (V)?"
1223,Security awareness training,"(STCW VI/6) All seafarers need at least security awareness training, and those with security duties need a higher level. If certificates for these are missing, it’s an ISPS compliance gap. PSC will note it – it doesn’t immediately threaten the ship unless a security incident occurs, but it’s a mandatory requirement. Moderate severity – easily addressed by short courses, but still important for overall security posture.",Ensure all seafarers have appropriate security awareness training certificates and those with security duties have advanced training; maintain documentation of training on board.,,,,,,,Has the Master been provided with relevant ship handling training? (V)? # Does the ship’s manager provide value-added training courses beyond the STCW to its on-board engineers? (V)? # Have personnel engaged in cargo securing operations been provided with relevant training and familiarisation? (V)?
1224,Certificate for rating able seafarer deck/engine and electro-technical,"(STCW II/5, III/5, III/7) These are STCW certifications for experienced ratings (able seaman, able engine, ETR) introduced in 2010 amendments. If required by the vessel’s safe manning and missing, PSC will flag it. It affects the career progression of ratings and sometimes manning requirements. It’s moderately severe: lack of certified ABs or motormen might violate manning regulations and indicate crew may not have proven skills. The ship could be detained if manning doesn’t fulfill flag requirements.",,Certificate of competency compliance; Watchkeeping & crewing standards 2025 – fatigue & hours of rest,"Ensure masters, crew and operators hold valid and appropriate certificates of competency for their roles; operating without required certificates can lead to fines and enforcement actions; Maintain appropriate crewing levels and safe watchkeeping arrangements to prevent fatigue; avoid the 6-on/6-off watch schedule where possible; comply with minimum hours-of-rest requirements and keep accurate work/rest records; do not falsify rest records; review watchkeeping schedules to ensure adequate sleep and safe handovers; integrate fatigue risk management into the Safety Management System and follow STCW, MLC and Marine Order 28 requirements",,,,Crew contracts - crew member must be performing duties for which the contract is signed. For e.g - a person having signed a contract as wiper cannot be shown performing motorman duty even if he has a watchkeeping certificate.?,"Is the vessel’s manning in compliance with the Safe Manning Certificate? (V)? # Is if ECDIS was fitted on board, have the Master and Deck Officers completed Generic training and type-specific familiarisation? (V)? # Does the ship’s manager provide value-added training courses beyond the STCW to its on-board engineers? (V)? # Do the master, engineering officers and all personnel with immediate responsibility for the care and use of fuels and fuel systems on ship, hold a certificate in advanced training for service on the ships subject to the IGF Code? # Do seafarers responsible for designated safety duties associated with the care, use or emergency response to the fuel onboard the ship, hold a certificate in basic training for service on ships subject to the IGF Code? # Is an engineer manning matrix in place and are the responsibilities of watch standing engineers and engine ratings clearly defined and posted in the Engine Control Room? (V)? # Is the master aware of the operational limitations specified in the Polar Ship Certificate? (V)? # Is the vessel appropriately manned by adequately qualified, trained, and experienced personnel? (V)?"
13,Certificates and Documentation - Document,,,,,,,,Are all certificates valid (including calibration certs as per AD-04)?,"Has the Master been provided with a signed certificate or declaration, indicating the moisture content, Transportable Moisture Limit (TML) and density? (V & M)?"
1302,SAR co-operation plan for pass.ships on fixed trade,"(SOLAS V) Passenger ships on certain fixed routes (e.g., ferries) must have a plan for cooperation with SAR services. If missing, coordination in a rescue might be slowe​virtuemarine.nl】. PSC sees this as important (especially after incidents like Estonia); they’d require it before sailing. Moderate severity – crucial for passenger rescue preparedness.",,,,,,,,Was the vessel provided with contingency plans for dealing with emergencies? # Is the Cargo Safe Access Plan (CSAP) prepared and was it followed on board? (V)?
1303,Unattended machinery spaces (UMS) evidence,"(SOLAS II-1) If a ship operates engine room in UMS mode, documentation (class notation, test records) should prove it meets criteria. If this evidence (like periodic test results of alarms) is lacking, PSC may be concerned the ship isn’t truly safe for UMS at sea. They might insist on manned engine watches until proper evidence is provide​safety4sea.com】. Moderate severity (affects operation mode, not immediate danger if mitigated by manning).",,Watchkeeping & crewing standards 2025 – fatigue & hours of rest,"Maintain appropriate crewing levels and safe watchkeeping arrangements to prevent fatigue; avoid the 6-on/6-off watch schedule where possible; comply with minimum hours-of-rest requirements and keep accurate work/rest records; do not falsify rest records; review watchkeeping schedules to ensure adequate sleep and safe handovers; integrate fatigue risk management into the Safety Management System and follow STCW, MLC and Marine Order 28 requirements",,,,,"Does the master periodically review the effectiveness of the onboard Safety Management System, report the findings to shore based management and receive feedback from them? # Is the operation and maintenance of the breathing apparatus air recharging system (where fitted) incorporated in the ship’s safety management manual, and has the annual air quality check for breathing apparatus air recharging systems been carried out? (V & M)? # Is if the vessel is carrying cargo under fumigation, are the requirements of the IMO recommendations on safe use of pesticides being met? (V)? # Do on-board safety requirements for fumigation comply with sub-section 3.3.2.7 of the IMO recommendation on the safe use of pesticides? (V)? # Is if the vessel has been certified for periodically unattended machinery spaces (UMS), is the machinery space being operated in that mode? (V)? # Is if the engine room is not being operated in UMS mode, are there sufficient engineers and crew on board for safe operation of the machinery space? (V)? # Have the entry requirements to the engine room when operating in UMS mode been documented, posted at the entrance to the engine room and understood by all crew? (V)? # Is the engine room logbook being properly maintained? (V)? # Is the engine room crane and other lifting gear regularly inspected, tested, and maintained? (V & M)? # Are main engine sea chests provided with steam heating systems and is a record of check available? (V)?"
1304,Declaration of AFS compliance,(AFS Convention) Smaller ships or those not requiring the full AFS Certificate carry a declaration that their hull coating complies (no TBT). Missing declaration is a minor documentation gap. PSC will ask for it but it doesn’t alone cause detention (unless there’s reason to suspect banned paint). Low severity.,,,,,,,,
1305,Log-books/compulsory entries,"Various logs (deck log, engine log, GMDSS log, oil record book, garbage record, etc.) have required entries. If essential entries are missing (e.g., no entries of fire drills in log, or oil record book not maintained), it raises compliance and potential cover-up concerns. For instance, an empty Oil Record Book might imply illegal discharges not recorded – PSC would investigate such cases vigorousl​safety4sea.com】. Score moderate: exact impact depends on which log – an incomplete radio log (minor) vs. oil record (major with possibly higher effective severity if intentional omission is suspected).",,,,,,,"Any visible dents? If yes, are they included in Class records? # Oil record book entries in order?","Is the Oil Record Book (Part 1) completed correctly? # Are there procedures for analysis of fuel, lubricating and hydraulic oils, and are oil sampling requirements aligned with equipment manufacturer’s recommendations? (V & M)? # Are records maintained of fumigation operations? (V)? # Is the engine room logbook being properly maintained? (V)? # Are procedures to recover essential equipment documented and posted in the engine room? (V)?"
1306,Shipboard working arrangements,"(SOLAS II-1) The intact and damage stability booklet (or loading stability data) is essential. Without approved stability info, the crew cannot ensure the ship’s loading is within safe limits – a situation that has caused capsizings (e.g., Herald of Free Enterprise). PSC will detain ships lacking stability booklets or if they are wildly out of date, as this is critical for safe loadin​classnk.com】. Score 9: fundamental to seaworthiness.",,,,,,,,Is there an approved damaged stability / stability and loading booklet available? (V)? # Is the vessel free of any limitations or restrictions specified in the Loading Manual or Trim and Stability Booklet? (V)? # Is the approved document of authorisation and grain stability booklet (Grain Loading Manual) provided? # Is the vessel free of any limitations or restrictions specified in the loading manual or trim and stability booklet? (V)? # Does the vessel stability information provide guidance for shipboard personnel on the effect of flooding the tunnel? (V)? # Has the vessel been provided with a ship-specific emergency towing booklet? (V)?
1307,Maximum hours of work or the minimum hours of rest,(MARPOL VI) Required for new ships – documents the ship’s attained EEDI. Missing file doesn’t affect operation; it’s mostly for verification by auditors. PSC would just note it. Very low severity (environmental documentation).,Implement procedures to manage seafarers’ hours of work and rest; do not exceed maximum working hours and ensure minimum rest hours; maintain accurate records and avoid falsifying entries.,Fatigue risk management; Marine Order 504 changes; Seafarer welfare and MLC compliance; Watchkeeping & crewing standards 2025 – fatigue & hours of rest,"Ensure compliance with hours of work and rest requirements and implement a fatigue risk management system as part of the SMShttps://www.amsa.gov.au/news-community/news-and-media-releases/new-safety-management-system-requirements-now-effect; Ensure maritime labour certificates and declarations are valid; uphold seafarer welfare by preventing harassment and violence, providing stronger repatriation entitlements, recognising seafarers as key workers, improving medical care on board, and ensuring thorough casualty investigations; report seafarer deaths as required; Maintain appropriate crewing levels and safe watchkeeping arrangements to prevent fatigue; avoid the 6-on/6-off watch schedule where possible; comply with minimum hours-of-rest requirements and keep accurate work/rest records; do not falsify rest records; review watchkeeping schedules to ensure adequate sleep and safe handovers; integrate fatigue risk management into the Safety Management System and follow STCW, MLC and Marine Order 28 requirements",,,,,
1308,Records of seafarers' daily hours of work or rest,"(MARPOL VI) All ships must have a SEEMP onboard (a plan to improve energy efficiency). If missing, it’s an administrative breach with no direct safety effect. PSC will require one, but it’s a low severity compliance issue.",Maintain up-to-date records of seafarers’ daily hours of work and rest; ensure records reflect actual hours and are available for inspection; do not falsify or hide excessive work hours.,Fatigue risk management; Marine Order 504 changes; Seafarer welfare and MLC compliance,"Ensure compliance with hours of work and rest requirements and implement a fatigue risk management system as part of the SMShttps://www.amsa.gov.au/news-community/news-and-media-releases/new-safety-management-system-requirements-now-effect; Ensure maritime labour certificates and declarations are valid; uphold seafarer welfare by preventing harassment and violence, providing stronger repatriation entitlements, recognising seafarers as key workers, improving medical care on board, and ensuring thorough casualty investigations; report seafarer deaths as required",,,,Random check of Enclosed Space entry permits / Hot work permits / Ship Shore safety checklists / MSDS of cargoes?,Has the vessel been provided with a specific Ship Energy Efficiency Management Plan (SEEMP)? # Have details of cargo care during the voyage been adequately recorded? (V)? # Is there a complaints procedure on board and are seafarers aware of this procedure? (V)?
1309,Fire control plan - all,"Some flag States issue an MLC inspection report or certificate. If required and missing, PSC may wonder if the ship underwent its mandated MLC inspection. It’s moderately important for crew welfare verification – PSC may scrutinize working/living conditions more closely in its absence.",,,,,,,,Is the officer matrix accurately completed and does it reflect the information on officers and engineers on board the vessel at the time of inspection? (V)?
1310,"Signs, indications","(MLC Reg.5.1.5) Ships must have a procedure for crew to lodge confidential complaints about MLC violations. If missing, crew may have no remedy for issues like unpaid wages or bullying except going to PSC directly. PSC views this as significant (it’s a specific MLC requirement). Not having it is a deficiency that needs correction (post the procedure, train crew on it). Moderate severity (indirectly affects morale/compliance culture).",,,,,,,,
1311,Survey report file,"Many seafarers’ employment conditions are governed by a CBA between owner and unions. MLC requires that if a CBA applies, it’s available on board. If missing, PSC can’t verify if terms in SEAs meet at least CBA minimums – could hide substandard conditions. Moderate severity (documentary but important for ensuring fair conditions).",,,,,,,Seafarer Employment Agreement (SEA) is valid within the contract period. The contract period of SEA is checked to be in line with company procedure.? # Wage is paid in monthly interval in accordance with SEA/CBA.?,Is there a Shore-Based Maintenance Agreement in place to fulfil the maintenance requirements? # Do the Seafarer Employment Agreements (SEA) comply with the requirements of MLC 2006 and do the crew salaries meet or exceed the current ILO Minimum Wage Scale? (V & M)?
1312,Thickness measurement report,"After installation or annual servicing of AIS, a test report may be provided. If missing, it’s minor (the real issue is if the AIS itself is working – see code 10113). PSC might ask if AIS has been tested; absence of a report is an administrative gap. Low severity, assuming AIS itself is operational.",,,,,,,,"When was the date of the last unannounced drug test undertaken by an external agency? # Is the AIS static, dynamic and voyage data up to date and has an AIS annual test been performed and the record available on board? (V & M)?"
1313,Booklet for bulk cargo loading/unloading/stowage,"(SOLAS III/Reg.17) All ships must have a plan (and means) to recover a person from the sea (Man Overboard rescue). If missing, crew might not have thought through how to retrieve an unconscious person from water. This is quite important, especially with small freeboard or high freeboard ships needing special equipment (nets, Jason’s cradle, etc.). PSC will ask for the plan; lacking one is a moderate safety issue. They’ll likely detain until a suitable recovery arrangement is in place if the ship can’t demonstrate one.",,Cargo handling and stowage safety,"Review cargo packing, loading and stowage protocols; ensure compliance with international cargo handling and securing standards to prevent structural failures of cargo transport units",,,,,"Has as a cargo loading/unloading plan providing a detailed sequence of cargo and ballast transfer been prepared, understood, and signed off by the master and deck officers? (V)? # Has a cargo loading/unloading plan providing detailed sequences of cargo and ballast transfer been prepared, understood, and signed off by the deck officers? (V)? # Has a pre-stowage plan been prepared prior to the vessel’s arrival at the load port, taking into account any deck cargo and anticipated stability throughout the voyage? (V)? # Have pre-stowage and stowage plans been prepared and completed effectively? (V)? # Is the vessel provided with operator’s policy statements and relevant publications for the safe stowage, securing and handling of the container? (V)? # Is the Cargo Safe Access Plan (CSAP) prepared and was it followed on board? (V)? # Is was the pre-loading plan forwarded to the ship prior to loading and is there evidence to show that the ship’s loading plan was updated and reviewed by the chief officer prior to loading? (V)? # Is the vessel provided with operator’s procedures for safe operation of the self- unloading system? (V)? # Is the vessel provided with self-unloading isolation procedures? (V)? # Have personnel engaged in operation of the self-unloading system been provided with relevant training and familiarisation? (V)? # Are check lists in place and being used to cover the check before use, starting the crane and releasing the crane from sea stowage? Is a procedure in place for safe travelling of the gantry crane on deck and are crew familiar with the procedure? (V)? # Has the vessel been provided with a ship-specific emergency towing booklet? (V)? # Are procedures to recover essential equipment documented and posted in the engine room? (V)? # Is the vessel provided with a practical guide regarding the management of death at sea?"
1314,Shipboard oil pollution emergency plan (SOPEP),"(MARPOL Annex I, Chap.8) Oil tankers conducting Ship-to-Ship (STS) cargo transfers must have an STS transfer plan and keep records of each STS operation. If the ship does STS and has no plan or logs, it’s violating MARPOL (and is a spill risk due to lack of procedure). PSC in regions where STS is common (e.g., off Malaysia, Gulf of Guinea) will detain vessels for improper STS operations. High-moderate severity: STS has led to spills, so regulators require strict adherence to procedures.",,,,,,,,"Is an approved MARPOL Shipboard Oil Pollution Emergency Plan (SOPEP) available, and up to date and are ship’s personnel familiar with their duties? # Are bunkering and oil transfer operations carefully planned and executed in accordance with procedures, and are details of the last operation available? (V)?"
1315,Oil record book,"(Polar Code) Ships in polar waters must carry a PWOM detailing ship-specific procedures for ice navigation, cold weather operations, emergency equipment in polar conditions, etc. If a ship trading in Arctic/Antarctic lacks a PWOM, it is a serious safety and environmental concern (the crew may not be prepared for polar hazards). Polar PSC (e.g., Canada, Russia) would likely detain it until a proper manual is provided. Score 8 for extreme environment preparedness.",,,,,,,Oil record book entries in order?,"Is the vessel provided with an approved ship-specific Polar Water Operation manual or an Ice Operation manual? (V)? # Is polar water operation incorporated in the approved SOPEP manual? (V)? # Is if the vessel intends to trade in Polar Regions, have the hull underwriters and P&I Club been informed? (V)?"
1316,Cargo information,"(MLC A2.5.2) MLC requires shipowners to have insurance or financial security to repatriate crew in cases of abandonment. If this certificate (often from P&I club) is missing, and if crew are owed repatriation, they might be stranded. PSC treats this as a serious MLC compliance item after several high-profile crew abandonment cases. They will demand evidence of coverage (which pays for flights, subsistence, etc., if owner fails to) – high moderate severity as it directly affects crew welfare in worst-case scenario.",,Cargo handling and stowage safety,"Review cargo packing, loading and stowage protocols; ensure compliance with international cargo handling and securing standards to prevent structural failures of cargo transport units",,,,,Have details of cargo care during the voyage been adequately recorded? (V)? # Has appropriate information about the cargo and its characteristics been provided to the master or master’s representative prior to loading? (V & M)? # Has appropriate information about the cargo and its characteristics been provided to the master or master’s representative prior to loading? (V)? # Has appropriate cargo information been provided to the vessel prior to loading? (V)?
1317,Cargo record book,"(MLC A4.2) Another MLC-required security, covering shipowner liability for crew injury, illness, death (essentially guaranteeing compensation). Missing this means crew might not get due compensation or care. PSC will similarly view it seriously – it became mandatory from 2017, and lacking it is detainable under MLC in many ports. High moderate severity due to direct impact on crew well-being and legal compliance.",,,,,,,,
1318,P & A manual,(If not covered in earlier codes) This ensures the ship is fit to carry certain dangerous cargoes (solids in bulk or packaged DG). Absent documentation of compliance (for the class of cargo carried) is a major risk factor. The ship might be carrying hazardous cargo without proper safety arrangements. High severity and likely detainable for certain cargoes.,,,,,,,,"Are those officers who have immediate responsibility for carrying and care of dangerous and hazardous substances in packaged form, in possession of specialised training as appropriate to the type of cargo being carried? (V)? # Is the vessel provided with vessel manager’s procedures and relevant publications for the safe carriage and handling of solid bulk cargoes? (V)? # Are officers familiar with the risk, hazard and carriage requirements of solid bulk cargo on board the ship? (V)? # Are officers familiar with the risk, hazard and carriage requirements of grain cargo on board the ship? (V)? # Is if dangerous goods are carried in packaged form, have appropriate documents been provided to the vessels? (V)? # Is if dangerous goods are carried in a container, have appropriate documents been provided to the vessel, and is safety in relation to stowage of declared dangerous goods and higher risk cargoes being considered? (V & M)?"
1319,Shipboard mar. poll. Emergency plan (MPEP) for NLS,,,,,,,,"Any major surveys / CSM items due next 3 months. If any overdue, to be dealt with immediately?",
1320,Garbage record book,,,Garbage management and plastic waste prevention,Maintain a garbage management plan and record book; display MARPOL placards; do not discharge plastics or garbage overboard and report illegal discharges; use port reception facilities and support recycling initiativeshttps://www.amsa.gov.au/news-community/news-and-media-releases/tackling-marine-plastic-litter-month-and-beyondhttps://www.amsa.gov.au/news-community/news-and-media-releases/improving-international-shipping-waste-management-australian,,,,Garbage Management Plan and posters kept updated?,Has a Garbage Management Plan been provided and is the Garbage Record Book (GRB) being correctly maintained?
1322,Conformance Test Report,,,,,,,,Entry procedure in place & comm sys in order? # Seachest and ovbd v/v testing arrangement?,
1323,Fire safety operational booklet,,,,,,,,,
1324,Material safety data sheets,,,,,,,,,"Are Material Safety Data Sheets (MSDS) for all bunkers, chemicals, paint, corrosive, and toxic materials available, and are all crew familiar with their contents? (V)?"
1325,ACM statement of compliance (including exemption),"(SOLAS XI-1) If the CSR file (historical record) is not properly updated or available, it’s a moderate documentation issue. It doesn’t directly affect safety but is important for transparency of ownership and history. PSC will likely instruct to update it.",,,,,,,,
1326,Stability Information Booklet,"(HKC / EU SRR) Modern regulations require an IHM listing hazardous materials (like asbestos) on board. If the statement or certificate is missing, it’s a documentation compliance issue. Not an acute danger by itself unless it indicates uncontrolled asbestos (which appears later under code 02133 and 18422). Moderate.",,Marine Order 504 changes,,,,,,Has a declaration been provided by the shipper as to whether the cargo is harmful to the marine environment (HME)? # Is there an approved damaged stability / stability and loading booklet available? (V)?
1327,Energy Efficiency Design Index File,(SOLAS II-1 Regulation 3-6) Large tankers and bulk carriers need a Ship Structure Access Manual for safe access to structural spaces. Missing this manual is a safety issue for inspections/maintenance of the hull. PSC will require one because lack of it can hamper surveys and detection of structural problems​fma.fo​fma.fo. Moderately high severity.,,,,,,,,
1328,Ship Energy Efficiency Management plan,"(IMSBC Code) Certain bulk carriers (esp. carrying grain or prone to structural stress) require approved loading instruments and plans. If an approved loading manual or instrument is missing or inoperative, the ship could be at risk of structural overstress or instability when loading/unloading​fma.fo​classnk.com. PSC treats this seriously (e.g. requiring a functional loading computer and plan before cargo ops). High moderate severity.",,,,,,,Operating conditon of Loadicator and record of test reports (for all ships)?,"Is a completed IMSBC/BLU Code ship/shore safety checklist for loading and unloading dry bulk carriers available and are the requirements of the checklist complied with? # Has the vessel been provided with a specific Ship Energy Efficiency Management Plan (SEEMP)? # Is a Class-approved loading computer or programme in use and has the operational accuracy been regularly tested? (V)? # Is if the solid bulk cargo is not listed in the IMSBC Code, has the Master been provided with a certificate from the shipper, endorsed by the competent authority of the port, stating the characteristics of the cargo and the required conditions for carriage and handling? (V)? # Is any special emergency equipment required by IMSBC on board(as applicable) and in a state of readiness during the cargo operation? (V)? # Has the vessel manager provided policy statements and relevant publications for the safe carriage and handling of grain in bulk? (V)? # Is a Class-approved loading computer or programme in use and has its operational accuracy been regularly tested? (V)? # Has the master been provided with clear instructions regarding any fumigation, prior to arrival at the load port? (V)? # Is there recorded evidence to show that the pre-loading plan has been checked for ‘heavy’ container stacks? (V)? # Is there documented evidence of carrying out a spot check of actual loading against loading plan? (V)?"
1329,"Report of inspection on MLC, 2006","If PSC had done a previous MLC inspection and the report or follow-up is required on board (this might refer to keeping previous inspection reports), missing it is minor. It doesn’t affect compliance per se, but PSC likes to see previous reports to check if deficiencies were rectified. Low severity.",,,,,,,"Review of last Internal Audit/PSC/FSI/Vetting Reports. Any remarks/observations outstanding? If closed, is the closure effective? # Review of survey statements for prior damages and reports?",
1330,"Procedure for complaint under MLC, 2006","(Duplicate of 01310 in essence) Ensuring crew have a fair and functional onboard complaint process per MLC. If not in place, crew rights and welfare are compromised. PSC will cite it; moderate because it could indicate a poor safety culture but doesn’t directly threaten ship safety.",,,,,,,,Is there a complaints procedure on board and are seafarers aware of this procedure? (V)?
1331,Collective bargaining agreement,"(Duplicate of 01311 context) Without a CBA or equivalent, PSC may suspect substandard employment conditions. Important for crew welfare (wages, etc.), moderate severity.",Keep current collective bargaining agreements onboard; verify that employment agreements and wage payments reflect the CBA terms; allow crew access to the agreement to understand their rights,,,,,2024 CIC on crew wages & SEAs – adherence to collective bargaining agreements,,
1332,AIS test report,"(Duplicate context of 01312) If the annual test report for AIS is missing, it’s minor provided the AIS works.",,,,,,,,"When was the date of the last unannounced drug test undertaken by an external agency? # Is the AIS static, dynamic and voyage data up to date and has an AIS annual test been performed and the record available on board? (V & M)?"
1333,Ship specific plans for the recovery of persons from the water,(Duplicate context of 01313) Emphasizing again the necessity of a recovery plan.,,,,,,,,
1334,STS Operation Plan and Records of STS Operations,(Duplicate context of 01314) Ensuring safe STS transfers.,,,,,,,,
1335,Polar Water Operational Manual,(Duplicate context of 01315) Emphasizing its importance in polar ops.,,,,,,,,Is the vessel provided with an approved ship-specific Polar Water Operation manual or an Ice Operation manual? (V)? # Is polar water operation incorporated in the approved SOPEP manual? (V)?
1336,Certificate or documentary evidence of financial security for repatriation,(Duplicate context of 01316).,Keep a certificate or documentary evidence of financial security for repatriation on board and ensure it is valid; seafarers must be protected against abandonment and have repatriation costs covered.,Seafarer welfare and MLC compliance,"Ensure maritime labour certificates and declarations are valid; uphold seafarer welfare by preventing harassment and violence, providing stronger repatriation entitlements, recognising seafarers as key workers, improving medical care on board, and ensuring thorough casualty investigations; report seafarer deaths as required",,,,,Has the vessel been provided with certificates of financial security for seafarers?
1337,Certificate or documentary evidence of financial security relating to shipowners liability,(Duplicate context of 01317).,Maintain a certificate or evidence of financial security relating to shipowners’ liability for compensation; ensure documents are valid and available for inspection.,,,,,,,Has the vessel been provided with certificates of financial security for seafarers?
2,Structural condition,,,,,,,,,Is the cosmetic appearance of the superstructure satisfactory? (V)?
2101,Closing devices/watertight doors,"All openings (hull doors, ramps, watertight interior doors) must seal properly. If they fail, flooding can spread uncontrollably in an accident. E.g., an inoperative watertight door on a ro-ro deck is very hazardous (ro-ro ferry losses have been linked to open doors). PSC often tests random doors/hatches. A significant failure (door can’t close or seal) will typically result in a detention until fixed, as it violates damage control integrity. High severity – directly affects survivability in flooding.","Inspect and maintain watertight and weathertight doors and hatches; ensure hinges, gaskets and securing devices are serviceable; keep electrical installations in good order; rectify corrosion, cracking or improper repairshttps://safety4sea.com/2024-paris-mou-annual-report/#:~:text=Looking%20at%20the%20,both%20in%20numbers%20and%20relatively","Incidents – groundings, collisions and equipment failures; NCP 2024-25: Watertight integrity & maintenance – increased flooding incidents","Maintain watertight doors and closing devices; Regularly inspect and maintain watertight doors and closing devices to ensure hull integrity; failures can lead to flooding and sinkinghttps://www.amsa.gov.au/news-community/news-and-media-releases/february-2025-marine-incident-report#:~:text=During%20February%202025%2C%20there%20were,and%20one%20was%20very%20seriousand%20one%20was%20very%20serious; include door maintenance in SMS checks.; test seals and alarms; train crew to close watertight doors during emergencies","Tokyo MoU 2024 report noted increased deficiencies related to water/weather‑tight conditionshttps://safety4sea.com/tokyo-mou-annual-report-2024/#:~:text=There%20was%20also%20a%20continued,as%20MARPOL%20Annex%20VI%20compliance.","Inspect and maintain closing devices and watertight doors; ensure proper sealing and operation; test closing devices regularly; repair or replace defective seals or mechanisms; document inspections in the maintenance loghttps://safety4sea.com/tokyo-mou-annual-report-2024/#:~:text=There%20was%20also%20a%20continued,as%20MARPOL%20Annex%20VI%20compliance.",Structural and electrical elements were the second-highest category of deficiencies in the 2024 annual report,"Quick closing valves & mechanism, check of operation.?","Are procedures in place to carry out function and tightness testing of bow, inner, side shell, stern doors and main to lower deck cargo elevators of ro-ro cargo ships and is there evidence of regular testing? (V)? # Are the ship’s crew aware of the safe operating requirements of tunnel conveyor watertight bulkhead doors and/or watertight doors in shuttle conveyor room, where applicable, and is a record of inspections and maintenance available on board? (V)? # Are the side and cross-joint rubber seals in good condition? (V)? # Are self-closing sounding devices in good order and closed? (V)? # Are all the watertight doors, weathertight doors, portholes, and wheelhouse windows maintained in good order? (V)?"
2102,Damage control plan,"SOLAS requires a damage control plan on board, showing boundaries and steps to control flooding. If missing, crew might be less organized in an emergency. It’s a documentation issue – PSC will require one on board but likely won’t detain solely for this if the structural gear (pumps, W/T doors) are fine. Still, moderate severity since it aids crew response.",,,,,,,,"Are life jackets in good condition, allocated as per the plan and donning instructions clearly displayed? (V & M)? # Was the vessel provided with contingency plans for dealing with emergencies? # Has the Voyage Safety Plan (VSP), including the checklist for fumigation during the voyage, been discussed with and signed by the master prior to sailing to the discharge port? (V)?"
2103,Stability/strenght/loading information and instruments,"The ship must have approved stability data and any required loading instrument (for bulkers, container ships etc.) functioning. If this info or instrument is not available, the ship could be unknowingly loaded to unsafe stress or stability margin​classnk.com】. PSC sees that as critical – e.g., bulk carriers must have a working loading computer to avoid structural collapse. Expect detention or requirement to unload cargo if safe loading can’t be verified. Very high severity (multiple bulk carrier losses in the 90s led to strict enforcement of this).",,"Marine Order 504 changes; Tender safety and vessel stability; MO16 & MO19 updates (Sept 2025): vessel certification, load line marks and tonnage measurement","Conduct stability risk assessments for vessel modifications and tender operations; ensure stability instruments and residual damage stability comply with regulations; record any modifications as required; Ensure the ship carries valid load line and tonnage certificates in accordance with Marine Orders 16 & 19; verify that load line marks and Plimsoll mark are correctly positioned and visible; avoid overloading and operate within assigned freeboard; apply for an International Tonnage Certificate when required; maintain hull openings, hatch covers and closing devices to ensure watertight integrity; update certificates if vessel modifications affect load line or tonnage",,,,Operating conditon of Loadicator and record of test reports (for all ships)? # Is the Register of Cargo Machinery and Lifting Gear completed and up to date? # Review of MSMP and LMP. Physical verification of mooring winches/system/acessories/ropes/wires for wear and tear and suitability?,"Is the latest Class Survey Status available and are all statutory certificates listed in the Class Survey Status valid, and is the vessel free of condition of class or significant recommendations? # Is the vessel’s manning in compliance with the Safe Manning Certificate? (V)? # Is a completed IMSBC/BLU Code ship/shore safety checklist for loading and unloading dry bulk carriers available and are the requirements of the checklist complied with? # Is the receiving vessel in a high state of readiness at all times during LNG bunkering operations? # Are the officers aware of any LNG bunker loading limitations for the vessel and are these limitations, if applicable, clearly posted at the LNG bunker operation panel? # Is the vessel provided with vessel manager’s procedures and relevant publications for the safe carriage and handling of solid bulk cargoes? (V)? # Has appropriate information about the cargo and its characteristics been provided to the master prior to loading? (V)? # Is there an approved damaged stability / stability and loading booklet available? (V)? # Is a Class-approved loading computer or programme in use and has the operational accuracy been regularly tested? (V)? # Are the stresses, stability information and any limitations included in the cargo plan understood by the cargo watch officers, and are conditions being monitored and maintained within design limits throughout the cargo operation? (V)? # Is the vessel free of any limitations or restrictions specified in the Loading Manual or Trim and Stability Booklet? (V)? # Are officers familiar with the risk, hazard and carriage requirements of solid bulk cargo on board the ship? (V)? # Is an adequate record of all cargo operation activities maintained during loading and unloading? (V)? # Has appropriate information about the cargo and its characteristics been provided to the master or master’s representative prior to loading? (V & M)? # Has the grain cargo been examined and sampled during loading to ensure that the apparent conditions meet the requirements as described in the documentation and is there recorded evidence of regular monitoring where applicable? (V)? # Is a Class-approved loading computer or programme in use and has its operational accuracy been regularly tested? (V)? # Are regular monitoring of stress and stability being maintained throughout cargo operations and is the vessel’s condition being maintained within design limits? (V)? # Have cargo holds been grain or hospital cleaned, where applicable, and has a ship’s hold inspection certificate been issued by a 3rd party prior to loading grain? (V & M)? # Is the vessel free of any limitations or restrictions specified in the loading manual or trim and stability booklet? (V)? # Is there evidence of a satisfactory grain stability calculation for the last voyage? # Do records on board verify that cargo lights in holds, where fitted, were properly isolated before cargo was loaded? (V)? # Are policy statements and relevant publications for the safe stowage, securing and handling of the cargo unit and timber available on board? (V)? # Has appropriate information about the cargo and its characteristics been provided to the master or master’s representative prior to loading? (V)? # Is an approved ship-specific Cargo Securing Manual available and are officers thoroughly familiar with the contents of the manual? (V)? # Are records maintained of the regular inspection and maintenance of the cargo-securing devices on board the ship? (V)? # Has a pre-stowage plan been prepared prior to the vessel’s arrival at the load port, taking into account any deck cargo and anticipated stability throughout the voyage? (V)? # Is there evidence to show that evaluation of forces acting on the cargo unit have been calculated, and correct cargo-securing devices are being used to secure the cargo to the ship? (V)? # Is if the vessel is carrying timber deck cargo, are relevant regulations of the applicable Load-Line Convention for stowage and securing of timber as prescribed in the ship’s Cargo Securing Manual being followed? (V)? # Do records on board verify that cargo lights in holds were properly isolated before cargo was loaded? (V)? # Is the vessel provided with operator’s policy statements and relevant publications for the safe stowage, securing and handling of the container? (V)? # Has appropriate cargo information been provided to the vessel prior to loading? (V)? # Are appropriate securing points being used for cargo securing and is there recorded evidence of regular inspection and maintenance of them? (V)? # Is was the pre-loading plan forwarded to the ship prior to loading and is there evidence to show that the ship’s loading plan was updated and reviewed by the chief officer prior to loading? (V)? # Is there recorded evidence to show that the pre-loading plan has been checked for ‘heavy’ container stacks? (V)? # Is there documented evidence of carrying out a spot check of actual loading against loading plan? (V)? # Is there evidence to show that evaluation of forces acting on the containers have been calculated and the correct cargo-securing devices are being used to secure the containers to the ship (V)? # Is the vessel provided with operator’s procedures for safe operation of the self- unloading system? (V)? # Is the vessel provided with self-unloading isolation procedures? (V)? # Are lights and warning devices of the self-unloading system regularly tested and the result recorded? (V)? # Does the vessel stability information provide guidance for shipboard personnel on the effect of flooding the tunnel? (V)? # Has a thorough examination and load test of lifting appliances been carried out and is the record of the test and examination being maintained properly? (V & M)? # Has the vessel been provided with procedures for the safe operation of the gantry crane? (V)? # Are the main hoist overload protection and unbalance detection systems in good order and tested as per manufacturer’s recommendation? Are officers aware of the safe operation parameters of gantry cranes and is this information posted in the ship’s office/ ballast control room? (V)? # Are the gantry cranes electrically bonded and earthed to the vessel’s structure? (V)? # If the vessel’s deadweight is 120,000 or more, does it meet the Pilbara Ports Authority (PPA) requirements for towing?"
2104,Information on the A/A-max ratio (Roro/pass.only),"For certain ro-ro passenger ships, damage stability calculations include an A/A<sub>max</sub> factor (relative floodable deck area). They must have data to prove compliance. If not, the ferry’s damage stability might be insufficient. PSC in EU (Stockholm Agreement) and elsewhere will hold such a ship until it demonstrates compliance, because it’s directly related to survivability if car deck floods. High-moderate severity (ferries have sunk due to inadequate stability with open decks).",,,,,,,,Is the ro-ro cargo ship equipped with CCTV remote monitoring to monitor the vehicle decks? (V)? # Is the ro-ro cargo ship provided with an approved Operating and Maintenance Manual (OMM)? (V)? # Are vehicles on the ro-ro car decks safely stowed and secured? (V)? # Does the vessel stability information provide guidance for shipboard personnel on the effect of flooding the tunnel? (V)?
2105,Steering gear,"The steering gear (rudder actuators, pumps, controls) must be fully functional and redundant. Any deficiency – e.g., one steering pump inoperative, or control transfer not working – is treated as very serious. Loss of steering is a well-known cause of collisions/groundings. PSC typically tests steering during departure; if it fails or is unreliable, the ship will be detained until repaired. This is a critical system for safe navigation.",,"Incidents – groundings, collisions and equipment failures",Inspect and test steering gear regularly to avoid loss of control that can cause collisionshttps://www.amsa.gov.au/news-community/news-and-media-releases/february-2025-marine-incident-report#:~:text=During%20February%202025%2C%20there%20wereand%20one%20was%20very%20serious,,,,"Function test of Pumping arrangements for bosun store, steering flat? # Condition of windlass/winch machinery / brake lining / foundation. Availability of spare brake lining and Brake holding test kit? # Steering gear and associated machinery - telemotor controls ; rudder angle indicator, Gyro repeater, communication with Navigation console, hydraulic oil leaks , system alarms and trips, emergency steering arrangement.?","Is where manual steering is engaged, is the change over from auto steering, and vice versa, recorded? (V)? # Are the belt speed- sensors, belt scales and slip detecting device, where applicable, in good order and maintained as per manufacturer recommendations? (V)? # Are the tunnel-conveyor emergency stop, speed switch, and belt misalignment switch in good order and inspected regularly? (V)? # Are the emergency stop switch, misalignment switch and speed switch for the boom conveyor and/or shuttle conveyor, where applicable, in good order and are the switches regularly inspected and the result recorded? (V)? # Are the anti-collision and deceleration devices of the gantry cranes in good order and tested regularly, and are track wheels at the deck level fitted with foot guards? (V)? # Is there evidence to show that regular maintenance has been conducted on the AC motors, electromechanical brake, gear reducer and the blower motors? (V)? # Are all spare parts and loose gear in the machinery spaces, stores and steering compartment properly secured? (V)? # Is the standard of housekeeping in the machinery space and steering gear room satisfactory and are they clean and free from obvious leaks? (V)? # Is the emergency steering gear drill being carried out every three months? (V)? # Is the emergency reserve tank of the steering gear system fully charged? (V)? # Is a heading indicator and communication system provided in the steering gear room and are they in good order? (V)? # Is the steering gear compartment clear of obstructions and loos equipment properly secured? (V)? # Are suitable handrails, gratings or other non-slip surfaces provided for the steering gear compartment? (V)?"
2106,Hull damage impairing seaworthiness,"Any significant hull damage (e.g., a fracture in the side shell, holing, heavy indents, buckling) that impairs seaworthiness will almost certainly justify detentio​fma.fo】. This is among the most severe structural issues: it means the hull’s ability to keep water out or bear loads is compromised. PSC not only detains such a vessel, but often requires immediate class survey and repair before voyage. (Example: a crack in the main deck or bottom could lead to catastrophic failure in heavy seas.) Score 10 – extreme immediate risk.",,"Incidents – groundings, collisions and equipment failures; NCP 2024-25: Watertight integrity & maintenance – increased flooding incidents; focus on watertight integrity and ingress points; MO16 & MO19 updates (Sept 2025): vessel certification, load line marks and tonnage measurement","Ensure hull is free from damage and properly maintained to maintain seaworthiness and prevent groundings and collisionshttps://www.amsa.gov.au/news-community/news-and-media-releases/february-2025-marine-incident-report#:~:text=During%20February%202025%2C%20there%20wereand%20one%20was%20very%20serious; Implement rigorous planned maintenance of hull and ensure watertight integrity; inspect and repair corrosion and cracking; maintain hatch covers and ingress points; record maintenance in the SMS.; Ensure the ship carries valid load line and tonnage certificates in accordance with Marine Orders 16 & 19; verify that load line marks and Plimsoll mark are correctly positioned and visible; avoid overloading and operate within assigned freeboard; apply for an International Tonnage Certificate when required; maintain hull openings, hatch covers and closing devices to ensure watertight integrity; update certificates if vessel modifications affect load line or tonnage",,,,,"Is the vessel free of any hull repairs unreported to class? (V)? # Is the vessel free of any apparent structural defects? (V)? # Is the ship’s hull clean, free of significant corrosion, extensive coating breakdown and marine growth? (V)?"
2107,"Ballast, fuel and other tanks","Significant structural problems in tanks (e.g., holed ballast tank, severely corroded fuel tank boundaries) can lead to pollution or loss of stability. If a fuel tank is leaking internally, it could introduce oil into ballast or vice versa (contravenes MARPOL and weakens structure). PSC will involve class and likely detain if structural integrity of tanks is in doubt. High severity (both pollution and stability concerns).","Inspect and maintain ballast, fuel and other tanks; ensure separation between ballast and fuel; verify valves and air pipes work correctly; record ballast operations in the Ballast Water Record Book; ensure compliance with the BWM Plan and upcoming electronic record book requirements",,,2025 joint Paris–Tokyo MoU CIC on Ballast Water Management emphasises compliance for ballast tanks and operations.,"Ensure ballast, fuel and other tanks comply with the BWM Plan; maintain tanks free of sediment; operate ballast systems as approved; maintain records of all ballasting operations in the Ballast Water Record Book; train crew on proper ballast management and maintain equipmenthttps://www.dnv.com/news/2025/psc-cic-2025-on-ballast-water-management-questionnaire-now-published/#:~:text=Recommendationshttps://www.steamshipmutual.com/publications/articles/paris-and-tokyo-mous#:~:text=The%20purpose%20of%20the%20campaign,will%20be%20verified%20during%20inspections.","2025 joint CIC on Ballast Water Management – emphasises certification, approvals and record keeping","Condition of tank domes/operating mechanism. Any signs of leakage from packing? # Condition of cargo manifold for tankers - drip tray, gratings, drain lines, pipe supports, manifold valves, thickness of manifold flange, condition of spare reducers?","If a ballast water treatment system is fitted, is it in good order and are the officers familiar with its safe operation? # If ballast tanks are located adjacent to fuel oil tanks, or there is a possibility of contamination by hydraulic oil, are ballast tank contents being sampled to ensure there has been no contamination of the water by oil prior to discharge? # Are the ballast pumping systems, their associated instruments, controls, valves, and pipework in good order and is there recorded evidence of regular inspection? # Are the ballast valves in good order and being maintained? # Are ballast tank manholes being maintained in good condition? # Is adequate manifold spill containment provided under the bunker manifolds, and are they clean and empty? (V)? # Are ship-specific procedures to control the change from residual to low-sulphur / distillate fuels and vice versa provided, and is the fuel oil change over logbook and data collection system being maintained correctly? (V & M)? # Has a pre-compatibility assessment and study of the weather and current forecast been carried out prior to confirming the bunkering operation and is there documented evidence of such assessment and study? # Have the key components of the LNG bunkering system been identified, included within the PMS, maintained and where applicable, calibrated as per the manufacturer’s recommendation? # Are tank domes, domes’ insulation, vapour and filling pipes’ insulation, manhole cover insulation and associated fittings in good order, free from leaks and corrosion? # Is information readily available on the ballasting and de-ballasting rate, the maximum allowable load per unit, the surface area of the tank-top plating, and the maximum allowable load per hold? (V)? # Are there procedures in place for loading, ballasting and de-ballasting of the ballast holds? (V)? # Is had the Ballast Water Management Plan for the present port stay been executed? (V)? # Is the tunnel-conveyor hydraulic system arrangement in good condition and free from oil leakage? (V)? # Are the self-closing valves and gauge glasses being maintained and in good order? (V)? # Are procedures in place to safeguard the ballast lines, hydraulic lines, fire lines and bunker lines in sub-freezing temperature? (V)? # Are means and procedures in place to safeguard the readiness of the ballast systems in sub-freezing temperature? (V)?"
2108,Electric equipment in general,"Under structural condition maybe referring to general electrical fittings not posing ignition risk or not compromised by structure (this code’s placement is odd; possibly meant for structural fire safety of electrical cable penetrations, or electrical wiring integrity in damp spaces). If PSC finds widespread unsafe wiring or electrical fittings that could fail (leading to fire or loss of vital systems), they issue deficiencies. It’s moderately severe – mostly impacting reliability and fire safety. (If it’s about intrinsically safe electrical gear in dangerous spaces, then severity would be higher, but that might fall under other categories).",,,,,,,"General inspection of Lighting, Light fittings, Emergency lights, stub pipes & cable glands? # Condition of ER piping below floor plates - leaks/soft patches/ temporary repairs?","Are light fittings in the tunnel conveyor Ex‘d’ rated and in good condition? (V)? # Are the main, emergency switchboards and local starter panels surrounded by non- conducting mat and are the mats in good order? (V)? # Is the condition of electrical equipment including switches, sockets, junction boxes, plugs, conduits and wiring on weather decks satisfactory? (V)?"
2109,Permanent means of access,"Newer tankers and bulkers must have means for inspectors to access critical structural areas (per SOLAS XI-1/Reg.3-6). If those means (railed platforms, ladders, etc.) are missing or unsafe, it hampers proper inspection and maintenance of structure. PSC will note it; while not an immediate threat, lack of access can hide serious structural issues. They might require it fixed by next special survey. Moderate severity.",,,,,,,"Condition of pipe supports, catwalk, ladders, gangways and net for same?","Are the access points to cargo holds, ballast tanks, and void spaces including vertical ladders, spiral ladders, rungs, stations, and platforms being maintained and in good order? (V)? # Are visible means provided to prevent access to all entrances containing fumigant and other spaces that are considered unsafe to enter after fumigation? (V)? # Is the steel structure of girders and trolleys free of deformation? Are the access and service platforms of the gantry cranes, including vertical ladders, ladders cages, rungs, stations and platforms being maintained, free of corrosion and in good order? (V)?"
2110,"Beams, frames, floors-op.damage","Heavy items or operations can bend or deform internal hull members (frames, deck beams, bottom floors). If PSC sees bent frames from cargo operations or slamming, it signals weakened hull sections. A few slightly bent frames = deficiency to monitor; many or severe deformations = detention until class approves strength is intact. We score 7 on average – could be higher if deformation is extensive (risking structural collapse under load).",,"MO16 & MO19 updates (Sept 2025): vessel certification, load line marks and tonnage measurement","Ensure the ship carries valid load line and tonnage certificates in accordance with Marine Orders 16 & 19; verify that load line marks and Plimsoll mark are correctly positioned and visible; avoid overloading and operate within assigned freeboard; apply for an International Tonnage Certificate when required; maintain hull openings, hatch covers and closing devices to ensure watertight integrity; update certificates if vessel modifications affect load line or tonnage",,,,Last 2 Thickness measurement reports (Sonic Guaging reports) for hull/decks/bulkkheads available and in good oder?,"Are the cross-joint seal retaining channels and the cross-joint compression bar straight, free of corrosion and damage, and are the channel supports and brackets in good condition? (V)?"
2111,"Beams, frames, floors-corrosion","Widespread wastage of structural members (frames, beams, etc.) due to rust significantly reduces hull strength. PSC (often via class measurements) treat advanced corrosion as a very serious issue – e.g., >25% diminution usually requires immediate repair. Bulk carriers with corroded frames have broken in half. So this often leads to detention or at least a Condition of Class before next voyage. High severity.",,,,,,,,
2112,Hull - corrosion,"General hull plating corrosion: if it’s more than superficial (flake rust), e.g., pitting, grooving, or areas of reduced thickness, it threatens watertightness and strength. PSC may gauge thickness or demand ultrasonic reports. Heavy corrosion (wastage beyond allowable) on shell or deck is detainabl​fma.fo】. E.g., a holed side shell plate from rust = immediate detention until repaired. High severity.",,NCP 2024-25: Watertight integrity & maintenance – increased flooding incidents,Inspect hull plating for corrosion; repair corrosion promptly to maintain watertight integrity; include corrosion control in planned maintenance; ensure hull thickness within limits.,,,,,"Is if the hatch panel side and end plates are in steel-to-steel contact with the coaming tops when closed, are the coaming tops free from grooving or wear? (V)? # Are the weather decks free of loose rust scale and maintained in a satisfactory condition? (V)?"
2113,Hull - cracking,"Cracks in the hull, even small, tend to propagate and can cause catastrophic failure. Especially alarming are cracks in high-stress areas (deck, bottom, near hatch corners on bulkers). PSC will detain for any crack that goes through the plating (through-thickness​fma.fo】. A crack is essentially an active failure in progress – thus extremely severe. (They might allow a temporary repair or limit cargo until permanent fix, under class direction, but not sailing as-is.)",,NCP 2024-25: Watertight integrity & maintenance – increased flooding incidents,Check for hull cracking and stress; repair cracks immediately; monitor high-stress areas; conduct structural surveys to prevent flooding incidents.,,,,,
2114,Bulkhead –corrosion,"Watertight bulkheads (e.g., engine room forward bulkhead, collision bulkhead, transverse holds bulkheads in bulk carriers) are crucial to limit flooding. If they are severely corroded, flooding from one compartment can spread. PSC will insist on repairs quickly. Less visible externally, but if known, it’s serious – possibly detention depending on extent and which bulkhead. Moderate-high severity.",,,,,,,,"Is the vessel free from any visible bulkhead leakage? # Are the compression bars and the coaming tops’ water channels clean, free of corrosion and maintained in good condition? (V)? # Are the cross-joint seal retaining channels and the cross-joint compression bar straight, free of corrosion and damage, and are the channel supports and brackets in good condition? (V)?"
2115,Bulkheads - operational damage,"Bulkheads can be damaged by cargo operations (e.g., grabs in bulk holds denting bulkheads) or grounding, etc. Dented bulkheads may not be as strong against water pressure or cargo load. PSC will consult class; if damage is beyond class-allowable deformation, they’ll detain for repair. Score ~7 given it could degrade watertightness (though if not cracked, just dented, might be tolerable short-term with class okay).",,"MO16 & MO19 updates (Sept 2025): vessel certification, load line marks and tonnage measurement","Ensure the ship carries valid load line and tonnage certificates in accordance with Marine Orders 16 & 19; verify that load line marks and Plimsoll mark are correctly positioned and visible; avoid overloading and operate within assigned freeboard; apply for an International Tonnage Certificate when required; maintain hull openings, hatch covers and closing devices to ensure watertight integrity; update certificates if vessel modifications affect load line or tonnage",,,,"Last 2 Thickness measurement reports (Sonic Guaging reports) for hull/decks/bulkkheads available and in good oder? # Any visible dents? If yes, are they included in Class records? # Condition and pressure test records of cargo lines, tk cleaning line, IG line, bunker lines. Condition of service air lines, conduits, hydraulic lines of deck including pipe supports and clamps? # Condition of SW main line in bilges - leaks/soft patches/ temporary repairs?","Is the vessel free from any visible bulkhead leakage? # Is the sounding of cargo hold bilge, ballast tanks, chain lockers, pipe ducts and other void spaces regularly performed for accumulations of water, or alternative evidence of regular monitoring? # Is the vessel free of any hull repairs unreported to class? (V)? # Are regular monitoring of stress and stability being maintained throughout cargo operations and is the vessel’s condition being maintained within design limits? (V)? # Are the hold bilges cleaned prior to loading and have all hold openings been made grain tight? (V)? # Is there evidence to show that evaluation of forces acting on the containers have been calculated and the correct cargo-securing devices are being used to secure the containers to the ship (V)? # Are the ship’s crew aware of the safe operating requirements of tunnel conveyor watertight bulkhead doors and/or watertight doors in shuttle conveyor room, where applicable, and is a record of inspections and maintenance available on board? (V)? # Is the condition of belts’ tension checked during cargo operations and is there evidence to show that the belt tension and alignment is inspected regularly for proper function? (V)? # Are the compression bars and the coaming tops’ water channels clean, free of corrosion and maintained in good condition? (V)? # Are the cross-joint seal retaining channels and the cross-joint compression bar straight, free of corrosion and damage, and are the channel supports and brackets in good condition? (V)? # Are the main structures, foundation structures and mountings of the cargo cranes free of apparent defect or damage? (V)? # Are the gantry cranes electrically bonded and earthed to the vessel’s structure? (V)? # Are the driver’s cabs and local operating stations of the gantry cranes maintained in good condition? (V)?"
2116,Bulkheads - cracking,"Cracks in bulkheads (especially watertight or tank bulkheads) are very severe – they allow flooding or fluid transfer when they should be sealed. E.g., a crack in a collision bulkhead could let seawater from a bow breach flood the next compartment, defeating the design. PSC will detain until repaire​fma.fo】. High severity.",,,,,,,,Is the vessel free of any apparent structural defects? (V)?
2117,Decks - corrosion,"Deck plating (main deck on tankers/bulkers, or vehicle decks on ro-ros) with significant wastage can lose strength. A corroded main deck on a bulker can fail under load (and has, in structural failure incidents). PSC focuses on deck condition; heavy rust with flakes may be allowed with condition, but wasted thin deck sections will trigger detention for repairs. Score 7, leaning higher if far advanced.",,,,,,,"Fixed fire fighting system for deck on tankers last tested/next testing due. If foam system, check foam type and analysis reports , level of compound in foam tank (reqd qty of foam compound as per calculations in Foam system manual to be displayed at tank. Level corresponding to this approved quantity to be marked on level gauge.? # Last 2 Thickness measurement reports (Sonic Guaging reports) for hull/decks/bulkkheads available and in good oder? # Structural and painting condition of main decks. TM reports available for review.? # Condition and pressure test records of cargo lines, tk cleaning line, IG line, bunker lines. Condition of service air lines, conduits, hydraulic lines of deck including pipe supports and clamps? # Any pipelines on deck or deck plating having doublers/soft patches/leakages / temporary repairs? # Condition of P/V Breaker, guage glass, Deck Seal, plating under deck seal.?","Is information readily available on the ballasting and de-ballasting rate, the maximum allowable load per unit, the surface area of the tank-top plating, and the maximum allowable load per hold? (V)? # Is the boom conveyor in good order, free of corrosion, damage, and oil leakage? (V)? # Is the ship’s hull clean, free of significant corrosion, extensive coating breakdown and marine growth? (V)? # Are the weather decks free of loose rust scale and maintained in a satisfactory condition? (V)? # Are the pipes on deck free of significant corrosion, pitting, soft patches or temporary repair and maintained in good condition? (V)?"
2118,Decks - cracking,"Cracks on deck, especially main deck of bulk carriers or tankers, are red flags for structural failure (e.g., many bulk carrier losses in the ’90s were preceded by deck cracks). PSC will not allow a vessel to sail with active deck crack​classnk.com】. Expect detention until at least temporary welded repairs and class clearance. High severity.",,,,,,,"Structural and painting condition of main decks. TM reports available for review.? # Any pipelines on deck or deck plating having doublers/soft patches/leakages / temporary repairs? # Condition of P/V Breaker, guage glass, Deck Seal, plating under deck seal.?","Are the cranes’ transverse rail, rack, tooth-rack, travelling pinion and travelling wheel free of cracks, misalignment, and abnormal wear; and is there evidence of regular inspection and maintenance? (V)? # Are the pipes on deck free of significant corrosion, pitting, soft patches or temporary repair and maintained in good condition? (V)?"
2119,Enhanced survey programme (ESP),"Oil tankers and bulk carriers have to undergo an ESP with close-up surveys of critical structure at certain intervals. If the ship has not complied (e.g., overdue ESP survey or missing thickness gauging reports), PSC will be very concerned that unseen structural problems exist. They may detain or insist on an immediate survey before departure. It’s essentially a serious compliance breach for high-risk ships. High moderate severity (ties directly to structural safety oversight).",,,,,,,,Is the enhanced survey report file adequately maintained and does the condition evaluation report confirm the fitness of the ship for its intended service for the next five years?
2120,Marking of IMO number,"SOLAS XI-1 requires the IMO number to be permanently marked on the hull and in the engine room. If missing, it’s a minor issue of identification – doesn’t affect structure or safety. PSC will instruct to paint it on. Very low severity.",,,,,,,,"Are IMO symbols to identify the location of life saving equipment, firefighting equipment and hazardous area displayed appropriately and in good condition? (V)?"
2121,Cargo area segregation,"This refers to the separation between cargo areas and other parts of the ship (e.g., cofferdams, double hull, safe separation of cargo tanks from machinery spaces on tankers). If segregation is compromised (say a cofferdam is eliminated or a door added between cargo hold and engine room), that’s dangerous – vapors or flooding can travel where they shouldn’t. PSC would detain if, e.g., an unauthorized opening was cut in a bulkhead that breaches segregation. Otherwise, if just documentation of segregation arrangement is lacking, moderate. If actual physical segregation is breached, very high. Average moderate score with potentially higher case-by-case.",,,,,,,,
2122,"Openings to cargo area, doors, ..., scuttles","Any opening from accommodation or engine spaces into cargo areas (or on deckhouses in cargo zone) must be properly sealed/weathertight (or vapor-tight for tankers). If doors or portlights into cargo holds or hazardous areas are not secure, it’s a big hazard (water ingress or gas leakage into accommodation). PSC will cite, and likely detain until sealed, any non-conforming opening. E.g., a broken hatch on a ro-ro deck or an open skylight into a hold is unsafe. High moderate severity.",,,,,,,"Condition of cargo hold ventilator flaps/pump room blowers high/low suction flaps / flaps of all natural and mechanical ventilators on deck.? # Condition of cargo hold hatch covers/packing and operating mechanism. Any hydraulic leaks / non operational hydraulic motors? # Cargo hold hatch covers operation and weather tightness.? # Condition of light fittings on the forward side of the accommodation. For tankers, must be Explosion proof and in intact/gas tight condition.? # Pump room booby hatch cover, skylight condition?","Are the dangers associated with oxygen depletion of cargo understood by officers and crew, and have reasonable precautions been taken during routine inspections of the cargo, when entering the holds and adjacent spaces? (V)? # Have hatch covers been ultrasonically tested for weather tightness before loading? (V & M)? # Are visible means provided to prevent access to all entrances containing fumigant and other spaces that are considered unsafe to enter after fumigation? (V)? # Are procedures in place for entering any cargo holds sealed for fumigation in transit? (V)? # Are the master and / or chief officer familiar with the rules for deciding to ventilate the cargo holds during the voyage? (V)? # Is ventilation of cargo holds, where required, being carried out and recorded? (V)? # Are the dangers associated with oxygen depletion of grain cargo understood by officers and crew, and have reasonable precautions been taken during routine inspections of the cargo, when entering the holds and adjacent spaces? (V)? # Are procedures in place to carry out function and tightness testing of bow, inner, side shell, stern doors and main to lower deck cargo elevators of ro-ro cargo ships and is there evidence of regular testing? (V)? # Are vehicles on the ro-ro car decks safely stowed and secured? (V)? # Have containers carried on deck or on hatches been stowed in the fore-and-aft direction? (V)? # Are the cargo hold discharge gates and water-tight doors clearly marked to indicate the hold and spaces they serve? (V)? # Are hatch cover panels free of misalignment? (V)? # Are the following parts of the hatch covers, where applicable, all in good order and do they appear to be well maintained? (V)? # Is if hatch covers are hydraulically operated, has the hydraulic oil been tested regularly for contamination and deterioration? (V & M)?"
2123,"Wheelhouse door, -window","This is likely about weathertight integrity of the navigation bridge. A wheelhouse external door or window that doesn’t secure could let water in on the bridge in heavy weather (which can damage electronics, wash crew out, etc.). It’s a moderate issue – not as critical as hull openings lower on the ship, but still needs fixing. PSC will write it up and expect repair at next port. Low-moderate severity (unless in polar conditions or such where any opening could be dire).",,,,,,,,"Are all the watertight doors, weathertight doors, portholes, and wheelhouse windows maintained in good order? (V)?"
2124,Cargo pump room,"(Tankers) The cargo pump room on tankers is a critical, hazardous space (with flammable vapors). Structural or safety deficiencies in the pump room – e.g., corroded bulkhead between pump room and engine room, non-functional pump room bilge system, or unable to inert – are extremely severe. A failure could lead to explosion or flooding that spreads. PSC will often enter pump rooms for inspection; any significant issue (holes, heavy oil leaks, fan failure) is often detainable until remedied because pump room explosions have caused tanker losses. Score 9 – vital to tanker safety.",,,,,,,"Condition of cargo hold ventilator flaps/pump room blowers high/low suction flaps / flaps of all natural and mechanical ventilators on deck.? # Condition of light fittings on the forward side of the accommodation. For tankers, must be Explosion proof and in intact/gas tight condition.? # Smart operation of Pump room blower flaps both at top and bottom of pump room.?","Are the air pipes and sounding pipes in the cargo holds and void spaces in good condition? (V)? # Is adequate manifold spill containment provided under the bunker manifolds, and are they clean and empty? (V)? # Are purifier rooms and fuel and lubricating oil handling areas ventilated, free of oil leaks and clean? (V)?"
2125,Spaces in cargo areas,"Refers to conditions of spaces like cofferdams, voids, duct keels, etc., in cargo area. If those aren’t maintained (e.g., flooded, corroded, filled with cargo residue), it could hide structural issues or create free surface effect. PSC will note if those spaces are not accessible or in poor shape. Moderate severity – more of a maintenance and inspection concern unless it leads to structural weakness (then severity rises).",,,,,,,,"Are the air pipes and sounding pipes in the cargo holds and void spaces in good condition? (V)? # Are the cargo hold discharge gates and water-tight doors clearly marked to indicate the hold and spaces they serve? (V)? # Are the main structures, foundation structures and mountings of the cargo cranes free of apparent defect or damage? (V)? # Is the cosmetic appearance of the superstructure satisfactory? (V)?"
2126,Cargo tank vent system,"(Tankers) Cargo tank venting (pressure/vacuum valves, vent lines) must work to prevent over/under-pressure in tanks. If this system is faulty (e.g., PV valves seized or vent lines clogged), a tanker can literally explode or implode. PSC knows this – vent malfunctions on tankers are detainable deficiencie​safety4sea.com】. High severity – no departure until vents are fixed or cargo offloaded, as the consequences of failure are catastrophic (explosion or structural collapse of tank).",,,,,,,"Condition of fire line isolating valve. For tankers, condition of main deck line isolating valves? # Cargo tank pressure sensors (all should be operational) and spare sensors?","Are cargo hold ventilation systems being maintained in good condition? (V)? # Are the drains, vents, and pressure gauges at the bunker manifolds in good order and blanks fitted when not in use? (V)? # Are save-alls fitted around all fuel, diesel, and lubricating oil tank vents; are they clean and empty, and is the drain plug secured with a strap chain to a save-all? (V)? # Are LNG bunker lines being inerted immediately after completion of LNG bunkering and disconnection of hoses from the manifolds and before departure?"
2127,Safe access to tanker bows,"(SOLAS II-1/3-3) Tankers must have a safe passageway (usually centerline catwalk) to the bow, because deck may be slippery or blocked by deck cargo/pipelines, and in heavy weather crew might need to go forward. If that access is missing or damaged (e.g., broken catwalk), crew can’t reach critical equipment (anchors, bow mooring) safely. PSC will require repairs. It’s a moderate safety/work issue. (Not detainable unless port operations demand immediate use of unsafe access – then they’d require mitigation like harnesses or delay operations).",,,,,,,,Is a safe means of access to the vessel being provided? (V)?
2128,Bulk carriers additional safety measures,"(SOLAS XII) Bulk carriers have extra safety features (like water ingress alarms, reinforced bulkheads, loading sequence restrictions). If these additional measures are not in place or not functioning (e.g., cargo hold flooding alarm inoperative), the bulk carrier is at much higher risk of sudden failure (many bulkers sank from undetected water ingress​safety4sea.com】. PSC treats, say, a non-working hold water level detector or missing “loading triangle” marks as serious – likely detention or at least require loaded in benign conditions until fixed. High severity since it relates to known bulk carrier casualty causes.",,,,,,,Cargo hold water ingress alarms - function test and records?,Are lights and warning devices of the self-unloading system regularly tested and the result recorded? (V)?
2129,Bulkhead strength,"If PSC suspects that bulkheads (especially cargo hold bulkheads on bulkers) lack required strength – perhaps due to wastage or damage – they will be very concerned. Weak bulkheads can collapse under cargo or flooding pressure, causing progressive failure. For example, if a transverse bulkhead in a bulk carrier is buckled or repaired poorly, they may detain until a class reassessment is don​fma.fo】. High severity as it directly affects structural integrity in loaded condition.",,,,,,,,
2130,Triangle mark,"Bulk carriers have “loading triangle” marks on hatch coamings indicating the region of partial loading for stability considerations. If not marked, crew might not adhere to proper loading sequences. This is a minor issue in itself (the absence of paint doesn’t sink the ship, it’s informational). PSC will require it to be marked but it’s low severity.",,,,,,,"Loadline marks, draft marks visible/painted?","Are the following permanent markings on the ship’s hull, where applicable, plainly visible and painted in a contrasting colour? (V)? # Are the hatch numbers clearly indicated and correctly placed? (V)?"
2132,Water level detectors on single hold cargo ships,"Single-hold bulk carriers (generally old ones) must have bilge alarms in the hold to warn of flooding (after the Derbyshire investigation). If those detectors are not fitted or not working, the crew might get no warning of progressive flooding until it’s too late. PSC finds this very serious – bulk carriers have been detained for missing or faulty water ingress alarms, as it’s a life-saving early warnin​safety4sea.com】. High severity – likely detention until alarms operational because without them a single hold ship could flood and founder without crew awareness.",,,,,,,Cargo hold water ingress alarms - function test and records? # Bilge alarm and pumping arrangement? # Operating condition of Cargo Tank Overfill Alarm System?,"Are Water Ingress Detector System(WIDS) and alarms maintained in good condition and are the records of tests being maintained? (V & M)? # Is the sounding of cargo hold bilge, ballast tanks, chain lockers, pipe ducts and other void spaces regularly performed for accumulations of water, or alternative evidence of regular monitoring? # Is a water-level alarm system provided for the tunnel bilge well, and is the alarm system regularly tested and the result recorded? (V)? # Is the bilge high level alarm system in good order, regularly tested and are records of test maintained? (V)?"
2133,Asbestos containing materials,"Asbestos is banned on ships (aside from sealed old installations) due to health hazards. If PSC finds loose asbestos (e.g., in pipe lagging in accommodation or engine room), it endangers crew health and violates SOLAS (since new asbestos use is forbidden). They won’t necessarily detain solely for presence if it’s not airborne, but they will demand a plan for removal or encapsulation. If crew are at risk of exposure (friable asbestos), they may detain until hazard mitigated (local port state regulations vary). We give moderate – important for crew long-term health, though not an immediate sinking/fire risk. (It can also cause port state refusal to let crew work on it until handled).",,,,,,,,
2134,Loading/Ballast condition (Tanker),"Tankers, especially oil tankers, must adhere to approved loading/ballasting sequences to avoid excessive hull stress (to prevent structural failure). If PSC finds the tanker in a condition outside its approved loading manual (e.g., too much ballast in mid tanks causing sagging, or carrying heavy cargo without ballast in required tanks), the ship could suffer structural damage or buckling. This is very severe – an improperly loaded tanker could literally break apart. PSC would likely stop cargo operations and detain until the loading is brought within limits or verified by class. Score 9 – critical to hull girder integrity.",Maintain correct loading and ballast conditions; verify ballast treatment or exchange procedures meet BWM requirements; keep stability calculations and load plans up to date; record ballast operations and sediment management in the Ballast Water Record Book,,,2025 joint Paris–Tokyo MoU CIC on Ballast Water Management also covers loading/ballast condition on tankers.,"Ensure loading and ballast conditions comply with approved BWM procedures; record all ballasting operations; check that ballast and cargo separation is maintained; train crew to manage ballast operations and monitor stability and hull stress in accordance with the BWM Planhttps://www.dnv.com/news/2025/psc-cic-2025-on-ballast-water-management-questionnaire-now-published/#:~:text=Recommendationshttps://www.steamshipmutual.com/publications/articles/paris-and-tokyo-mous#:~:text=The%20purpose%20of%20the%20campaign,will%20be%20verified%20during%20inspections.",2025 joint CIC on Ballast Water Management – proper loading/ballast conditions,,"If a ballast water treatment system is fitted, is it in good order and are the officers familiar with its safe operation? # Is an approved ballast water and sediment management plan provided and complied with? # If ballast tanks are located adjacent to fuel oil tanks, or there is a possibility of contamination by hydraulic oil, are ballast tank contents being sampled to ensure there has been no contamination of the water by oil prior to discharge? # Are the ballast pumping systems, their associated instruments, controls, valves, and pipework in good order and is there recorded evidence of regular inspection? # Are the ballast valves in good order and being maintained? # Are ballast tank manholes being maintained in good condition? # Is the enhanced survey report file adequately maintained and does the condition evaluation report confirm the fitness of the ship for its intended service for the next five years? # Is bunker transfer system hydrostatically tested to their Maximum Allowable Working Pressure (MAWP) on an annual basis and to 1.5 times their MAWP at least twice within any five years period? # Are bunkering and oil transfer operations carefully planned and executed in accordance with procedures, and are details of the last operation available? (V)? # Has a pre-compatibility assessment and study of the weather and current forecast been carried out prior to confirming the bunkering operation and is there documented evidence of such assessment and study? # Is there an agreed method of tank pressure and temperature control between the delivering and receiving vessels and is there recorded evidence to show that both ships’ combined temperature and pressure range are within the safety limits before commencing LNG bunkering? # Is the receiving vessel in a high state of readiness at all times during LNG bunkering operations? # Are the officers aware of any LNG bunker loading limitations for the vessel and are these limitations, if applicable, clearly posted at the LNG bunker operation panel? # Is information readily available on the ballasting and de-ballasting rate, the maximum allowable load per unit, the surface area of the tank-top plating, and the maximum allowable load per hold? (V)? # Are there procedures in place for loading, ballasting and de-ballasting of the ballast holds? (V)? # Have precautionary measures to minimise the risk of potential liquefaction and chemical reaction within the cargo during the voyage been incorporated in the procedures, and are these procedures being followed? (V)? # Has as a cargo loading/unloading plan providing a detailed sequence of cargo and ballast transfer been prepared, understood, and signed off by the master and deck officers? (V)? # Are regular monitoring of stress and stability being maintained throughout cargo operations and is the vessel’s condition being maintained within design limits? (V)? # Has the vessel been provided with procedures and contingencies regarding fumigation of cargo holds and are the master and chief officer familiar with the procedure? (V)? # Has a cargo loading/unloading plan providing detailed sequences of cargo and ballast transfer been prepared, understood, and signed off by the deck officers? (V)? # Has the vessel been provided with procedures and contingencies with regards to fumigation of cargo holds and are the master and chief officer familiar with the procedure? (V)? # Is was the pre-loading plan forwarded to the ship prior to loading and is there evidence to show that the ship’s loading plan was updated and reviewed by the chief officer prior to loading? (V)? # Is had the Ballast Water Management Plan for the present port stay been executed? (V)? # Is the ship’s hull clean, free of significant corrosion, extensive coating breakdown and marine growth? (V)? # Are means and procedures in place to safeguard the readiness of the ballast systems in sub-freezing temperature? (V)?"
2199,Other (Structural condition),"A catch-all for any structural issue not specifically listed, which could range widely. PSC may use this if they observe something like loose structural brackets, minor deformation not categorized, etc. Severity will depend on the specific issue. We assign 7 on average – structural issues are generally taken seriously, and “Other” might cover things like minor cracks in non-watertight partitions (less severe) or early signs of fatigue. If it were something severe, PSC would usually categorize it above, but any structural uncertainty is medium-high priority.",,,,,,,,
3,Water/Weathertight condition,,,,,,,,Availability of normal temp/hot water at all decks? # Condition of provisions/potable fresh water?,
3101,Overloading,"(Load Line) If the ship is submerged beyond its assigned load line marks, it’s overloaded. This is an extremely severe violation: the vessel has less freeboard and stability margin than required. PSC will detain the ship on the spot until the excess cargo/fuel is offloaded – sailing overloaded has led to vessels founderin​classnk.com】. Score 10 (immediate risk of loss of stability in bad weather).",Do not load the ship beyond the limits allowed by the load line certificate; ensure cargo distribution and ballast keep the vessel within freeboard limits; verify draft and freeboard marks before sailing.,"MO16 & MO19 updates (Sept 2025): vessel certification, load line marks and tonnage measurement","Ensure the ship carries valid load line and tonnage certificates in accordance with Marine Orders 16 & 19; verify that load line marks and Plimsoll mark are correctly positioned and visible; avoid overloading and operate within assigned freeboard; apply for an International Tonnage Certificate when required; maintain hull openings, hatch covers and closing devices to ensure watertight integrity; update certificates if vessel modifications affect load line or tonnage",,,,,Have heaving lines been constructed with a monkey’s fist at one end and are they free of any added weighting material? (V)?
3102,Freeboard marks,"The Plimsoll load line marks must be correctly positioned and visible. If they are not (e.g., painted over, or draft numbers not readable), it’s a deficiency: it hinders verifying the ship isn’t overloaded. It suggests possible intentional deception in loadin​parismou.org】. PSC will insist on remarking them. Alone it’s moderate severity (administrative), but it often accompanies actual overloading concerns (which are very severe).","Ensure freeboard marks and deck line are permanent, clearly visible and in a contrasting colour; confirm that the marks correspond with the assigned freeboard in the certificate and are not submerged when the ship is loaded.","MO16 & MO19 updates (Sept 2025): vessel certification, load line marks and tonnage measurement","Ensure the ship carries valid load line and tonnage certificates in accordance with Marine Orders 16 & 19; verify that load line marks and Plimsoll mark are correctly positioned and visible; avoid overloading and operate within assigned freeboard; apply for an International Tonnage Certificate when required; maintain hull openings, hatch covers and closing devices to ensure watertight integrity; update certificates if vessel modifications affect load line or tonnage",,,,"Condition of lifebouys on deck & bridge wings. MOB marker buoy to be of correct weight? # Loadline marks, draft marks visible/painted?","Does the vessel’s manager produce a guideline for under keel clearance and air draft clearance? # Are there guidelines and procedures for hold cleaning after completion of unloading? (V)? # Is there evidence to show that samples of the timber cargoes are being weighed during loading and what is the actual weight compared to the weight stated by the shipper? (V)? # Are the hold bilges cleaned prior to loading and are cleaning and checks being recorded? (V)? # Is there documented evidence of carrying out a spot check of actual loading against loading plan? (V)? # Is there documented evidence of signing off completed lashing per bay and is all lashing gear used compatible with the lashing plan? (V)? # Has a thorough examination and load test of lifting appliances been carried out and is the record of the test and examination being maintained properly? (V & M)? # Are the loose gears of lifting appliances marked clearly and are the certificates of the loose gears available and traceable on board? (V)? # Have heaving lines been constructed with a monkey’s fist at one end and are they free of any added weighting material? (V)? # Is the whole mooring deck area marked with clearly visible signage and considered a danger? (V)? # Are the fairleads, rollers, bitts chocks and other items of mooring equipment clearly marked with the relevant SWL? (V)? # Are the following permanent markings on the ship’s hull, where applicable, plainly visible and painted in a contrasting colour? (V)? # Are the hatch numbers clearly indicated and correctly placed? (V)?"
3103,"Railing, gangway, walkway and means for safe passage","This relates to physical safety for crew moving about the ship: e.g., guardrails on exposed decks, a safe gangway for boarding, and clear walkways. Missing or damaged rails or slippery, obstructed walkways can cause falls overboard or injuries. PSC will cite such hazards – they have led to crew accidents. Not usually detainable unless extremely unsafe (e.g., no railing at all around deck edges – then the ship might be detained as unsafe for crew per ISM/MLC). Typically moderate: requires urgent correction (crew rig temporary lifelines, etc.).",Ensure bulwarks or guard rails of at least one metre height are in good condition; provide safe gangways and access for crew; maintain walkways free of obstructions and slip hazards.,,,,,,,
3104,Cargo and other hatchways,"Cargo hatch covers (on bulkers, general cargo ships) and other large hatches must be weathertight. Leaking or non-securing hatch covers are a major cause of cargo damage and vessel loss (water ingress through hatches has sunk many bulk carriers). PSC often does a hose or chalk test on hatch seals. If significant leakage or inability to secure is found, they will likely detain the ship until repaired, because heavy seas could flood the hol​fma.fo】. Score 8 – critical for vessel survival in rough weather. (Detention is common for seriously compromised hatch covers, especially if heavy weather is expected on route.)","Maintain cargo hatch covers and other large hatchways in watertight condition; inspect coamings, stiffeners, stays and brackets, and ensure portable covers, beams, carriers, steel pontoons, tarpaulins, cleats, battens and wedges are intact and properly secured.",NCP 2024-25: Watertight integrity & maintenance,Inspect cargo and other hatchways for watertightness; maintain seals; ensure hatch covers are properly secured; schedule regular inspections and repairs.,,,,Condition of cargo hold hatch covers/packing and operating mechanism. Any hydraulic leaks / non operational hydraulic motors? # Cargo hold hatch covers operation and weather tightness.? # Seals of cargo and ballast pumps - free of leakages and clean bilges/tanktop?,"Are scupper plugs fitted, in satisfactory condition, and are scupper filters readily available for draining rainwater on deck when the vessel is involved in solid bulk cargo operations? # Have hatch covers been ultrasonically tested for weather tightness before loading? (V & M)? # Are officers aware of the strength limits of tank tops, tween decks, hatch covers and weather decks with regards to safe cargo stowage and is this information posted in the ship’s office/ ballast control room? (V)? # Have containers carried on deck or on hatches been stowed in the fore-and-aft direction? (V)? # Are appropriate securing points being used for cargo securing and is there recorded evidence of regular inspection and maintenance of them? (V)? # Are the cargo holds, including the underside of hatch covers, free of loose rust scale and paint flakes? (V)? # Is the master/chief officer suitably trained in the inspection and maintenance of hatch covers? (V)? # Are adequate procedures in place for carrying out hose and / or ultrasonic testing of hatch covers and is documented evidence of such testing available? (V)? # Is if the hatch panel side and end plates are in steel-to-steel contact with the coaming tops when closed, are the coaming tops free from grooving or wear? (V)? # Is if the hatch covers are supported by bearing pads, chocks, or support blocks, are they free from wear or damage? (V)? # Are hatch cover panels free of misalignment? (V)? # Are the following parts of the hatch covers, where applicable, all in good order and do they appear to be well maintained? (V)? # Is if hatch covers are hydraulically operated, has the hydraulic oil been tested regularly for contamination and deterioration? (V & M)? # Is if gantry cranes are used for lifting hatch covers, are the hydraulic cylinders used for lifting the hatch covers free from leaks and are the hatch covers being marked correctly for precise positioning of the lifting beams and hooks where applicable? (V)?"
3105,"Covers (hatchway-, portable-, tarpaulins, etc.)","This extends to portable covers and tarpaulins used on some older ships or smaller craft. If those are missing or in bad shape, the holds aren’t weather-protected. A tarpaulin hatch system, for example, relies on good canvas and battening; if rotten or improperly secured, holds can flood. PSC will require immediate correction (replace tarps, fix battens) or restrict sailing. High moderate severity – not as robust as steel covers to begin with, so any defect is serious in heavy weather.",Ensure portable hatch covers and tarpaulins are in good condition and weather‑tight; secure them with proper battening and wedges and replace any defective covers.,NCP 2024-25: Watertight integrity & maintenance,"Check hatch covers, portable covers and tarpaulins for defects; repair or replace as necessary; ensure covers are secured to prevent ingress of water.",,,,"Condition of cargo hold hatch covers/packing and operating mechanism. Any hydraulic leaks / non operational hydraulic motors? # Cargo hold hatch covers operation and weather tightness.? # Pump room booby hatch cover, skylight condition?","Have hatch covers been ultrasonically tested for weather tightness before loading? (V & M)? # Are boom dust cover, spill tray and telescopic chute arrangements, where applicable, adequate? (V)? # Are the cargo holds, including the underside of hatch covers, free of loose rust scale and paint flakes? (V)? # Is the master/chief officer suitably trained in the inspection and maintenance of hatch covers? (V)? # Are adequate procedures in place for carrying out hose and / or ultrasonic testing of hatch covers and is documented evidence of such testing available? (V)? # Is if the hatch panel side and end plates are in steel-to-steel contact with the coaming tops when closed, are the coaming tops free from grooving or wear? (V)? # Is if the hatch covers are supported by bearing pads, chocks, or support blocks, are they free from wear or damage? (V)? # Are the side and cross-joint rubber seals in good condition? (V)? # Are hatch cover panels free of misalignment? (V)? # Are the following parts of the hatch covers, where applicable, all in good order and do they appear to be well maintained? (V)? # Is if hatch covers are hydraulically operated, has the hydraulic oil been tested regularly for contamination and deterioration? (V & M)? # Is if gantry cranes are used for lifting hatch covers, are the hydraulic cylinders used for lifting the hatch covers free from leaks and are the hatch covers being marked correctly for precise positioning of the lifting beams and hooks where applicable? (V)? # Are the retractable jib roofs, sides’ curtains and their securing arrangement being maintained in good condition, are checklists for the operation of the jib roof and curtains available and is the evidence of their consistent use? (V)? # Are the vents and air pipes on weather decks maintained in good order and are they clearly marked to indicate the compartment they serve? (V)? # Are portable and fixed cargo lights used for illumination of cargo holds inspected regularly and maintained in good condition? (V)?"
3106,"Windows, side scuttles and deadlights","All portholes and windows below the freeboard deck (or in weather-exposed areas) must be intact and have deadlights (storm covers) that can be closed. If bridge windows or accommodation portholes are broken or their deadlights can’t be closed, big waves could smash in and flood compartments or disable the bridge. PSC will definitely detain a ship if bridge windows are shattered or missing in heavy weather season. If it’s a minor crack, they might allow temporary fixes but still a deficiency. We rate 6 overall; can escalate to higher if it’s a gaping hole situation (which would be detainable for sure).","Ensure windows, side scuttles and deadlights below the freeboard deck are intact and fitted with storm covers or deadlights; maintain weather‑tightness and secure closing appliances.",,,,,,"Condition of lifebouys on deck & bridge wings. MOB marker buoy to be of correct weight? # Condition of light fittings, ladders, portholes on accom decks?","Is if the vessel has a duct keel, is the access, mechanical ventilator, and lighting adequate and is it free of water? (V)? # Is a water curtain system provided for the ship’s sides in way of manifold and is the manifold tray arrangement adequate and free of any sharp edges? # Is the bridge visibility condition for the next port confirmed? (V)? # Are the retractable jib roofs, sides’ curtains and their securing arrangement being maintained in good condition, are checklists for the operation of the jib roof and curtains available and is the evidence of their consistent use? (V)?"
3107,Doors,"Weather-tight doors in superstructures or deckhouses (e.g., exterior doors to accommodations, stores, forecastle) must seal when closed. If an external door is warped or its gasket missing, green sea can enter (e.g., many fishermen have been lost due to an open door to engine room). PSC checks a sample of external doors – a door that cannot be dogged tight is a significant hazard. They’ll typically detain until fixed or restrict operations (like not sailing in rough weather​fma.fo】. For instance, a broken bow visor door on a ro-ro would be detention (as after the Estonia sinking). Score 7.",,,,,,,,"Are all the watertight doors, weathertight doors, portholes, and wheelhouse windows maintained in good order? (V)? # Are the stores located inside the accommodation and on the weather decks clean and tidy? (V)?"
3108,"Ventilators, air pipes, casings","Ventilators and air pipes (for tanks, engine room, etc.) extend above deck and have closing devices (canvas sleeves or automatic float caps) to prevent water ingress. If vents are damaged or their closures inoperable, seawater can down-flood into compartments in heavy seas – a known cause of engine room floodin​parismou.org】. PSC often finds wasted air pipe heads or broken closing flaps and considers it serious (detainable if it directly threatens watertightness of a main compartment). They will require immediate repairs or temporary seals. High moderate severity.",,,,,,,Condition of cargo hold ventilator flaps/pump room blowers high/low suction flaps / flaps of all natural and mechanical ventilators on deck.? # Condition of accommodation vents / recirc flaps of AC system? # Condition of tank domes/operating mechanism. Any signs of leakage from packing? # Airpipe coaming (save alls) & head in good conditon without heavy corrosion or holes.? # Condition of ER piping - leaks/soft patches/ temporary repairs? # Condition of ER piping below floor plates - leaks/soft patches/ temporary repairs?,"Are records available to show that emergency escape breathing devices (EEBDs) in the accommodation and engine room are being inspected, in good condition and are available for instant use? (V & M)? # Are suitable containment arrangements in place around the hydraulic components of deck machinery? # Is if the vessel has a duct keel, is the access, mechanical ventilator, and lighting adequate and is it free of water? (V)? # Are engine room emergency stops for ventilation fans and the closing mechanism of ventilation supply and exhaust ducts clearly marked, in working condition, and do records indicate that they have been regularly tested? (V)? # Are the vents and air pipes on weather decks maintained in good order and are they clearly marked to indicate the compartment they serve? (V)? # Are means and procedures in place to safeguard the blockage of vent pipes in sub-freezing temperature? (V)?"
3109,Machinery space openings,"Openings like engine room skylights, funnel uptakes, and emergency exits on deck must be weathertight or at least have coamings per Load Line rules. If they can’t be closed (e.g., a skylight that won’t shut), engine room could flood in a storm, leading to loss of power and possibly sinking. PSC treats non-closing machinery space openings as very serious – likely detention until rectified. E.g., an unsecured funnel door or missing gasket on skylight = major risk. Score 7.",,"MO16 & MO19 updates (Sept 2025): vessel certification, load line marks and tonnage measurement","Ensure the ship carries valid load line and tonnage certificates in accordance with Marine Orders 16 & 19; verify that load line marks and Plimsoll mark are correctly positioned and visible; avoid overloading and operate within assigned freeboard; apply for an International Tonnage Certificate when required; maintain hull openings, hatch covers and closing devices to ensure watertight integrity; update certificates if vessel modifications affect load line or tonnage",,,,"Functioning of Remote stops and funnel flaps (including remote stops for IGF Code vessels)? # Pump room booby hatch cover, skylight condition?",Are suitable containment arrangements in place around the hydraulic components of deck machinery? # Are the hold bilges cleaned prior to loading and have all hold openings been made grain tight? (V)?
3110,Manholes / flush scuttles,"Flush deck manhole covers and small scuttles need proper gaskets and bolts tightened. If a manhole on deck is not secured or its seal is bad, sea water can leak directly into tanks/holds. It’s a frequent minor deficiency (sometimes crew leave manhole covers loose after inspection). PSC will require them properly bolted before sailing. It’s moderately severe depending on what it leads to – usually easily fixed on the spot by tightening down.",,,,,,,Cleanliness of common toilets on various decks? # Any pipelines on deck or deck plating having doublers/soft patches/leakages / temporary repairs?,"Are scupper plugs fitted, in satisfactory condition, and are scupper filters readily available for draining rainwater on deck when the vessel is involved in solid bulk cargo operations? # Is the vessel free from any visible bulkhead leakage? # Are ballast tank manholes being maintained in good condition? # Are tank domes, domes’ insulation, vapour and filling pipes’ insulation, manhole cover insulation and associated fittings in good order, free from leaks and corrosion? # Have the anchors been tightly secured in the hawse pipe? (V)? # Are the pipes on deck free of significant corrosion, pitting, soft patches or temporary repair and maintained in good condition? (V)?"
3111,Cargo ports and other similar openings,"Side shell openings like shell doors, bunker doors, and cargo side-ports must close watertight. A failure or gap in these is extremely dangerous (waterline openings). The Herald of Free Enterprise disaster (open bow door) is a prime example. PSC will detain ships if a side shell door cannot be dogged or is found open at sea. Score 7 – even if the opening is high above water in calm conditions, weather can change. For anything near waterline, it’s likely a 10 (immediate detention) if not secure.",,,,,,,,Are the cargo hold discharge gates and water-tight doors clearly marked to indicate the hold and spaces they serve? (V)?
3112,"Scuppers, inlets and discharges","Hull valves for scuppers (deck drains), sea inlets, and overboard discharges must be operational and non-leaking. If a sea inlet valve is stuck open or a discharge can’t be closed, it’s a potential uncontrolled flooding poin​parismou.org】. PSC often checks engine room sea chest valves; a seized or leaking overboard valve is detainable because if connected piping fails, you can’t stop water ingress. Score 7 – basically any through-hull that isn’t secure is high risk.","Inspect sea valves, scuppers and overboard discharge piping; ensure valves and controls are accessible, in good condition and clearly show open/closed position; check for corrosion, leaks or seizures.",,,,,,,"Are scupper plugs fitted, in satisfactory condition, and are scupper filters readily available for draining rainwater on deck when the vessel is involved in solid bulk cargo operations? # Are the emergency bilge suction and emergency overboard discharge valves in the engine room in good order and clearly identified with a notice warning against accidental opening and, is the area around the bilge injection suction bellmouth clear of debris and clean? # Are arrangements for sludge collecting pumps free from any connection to a direct overboard discharge? # Have specific warning signs been posted at the Oily Water Separator overboard discharge valve and effective sealing arrangements implemented to prevent accidental opening? # Is the vessel free from any visible valve or pipeline leakage? # Are the drain holes of coaming clean, the inboard coaming faces free from any vertical rust staining and are the non-return valves in good condition? (V)? # Have the anchors been tightly secured in the hawse pipe? (V)?"
3113,Bulwarks and freeing ports,"Bulwarks protect the deck; freeing ports are openings in bulwarks to let shipped water drain off deck quickly. If freeing ports are blocked (e.g., by cargo, or rusted shut) or too few, water can accumulate on deck, causing stability loss (free surface effect) and potential deck immersion. PSC will ensure freeing ports on cargo decks are clear – a common deficiency is “freeing port shutters seized”. They’ll require immediate clearing (it’s easy usually). Significant in heavy weather but straightforward to fix, so moderate severity.","Keep bulwarks and freeing ports clear and in good condition; ensure freeing ports are not obstructed so water can drain off the deck quickly; maintain shutters, hinges and drainage channels.",,,,,,,Are the hold bilges cleaned prior to loading and have all hold openings been made grain tight? (V)? # Are the idlers and return rolls of the self-unloading system free from build-up material and are they rotating freely? (V)? # Are the weather decks free of loose rust scale and maintained in a satisfactory condition? (V)?
3114,"Stowage incl. uprights, lashing, etc (timber)","Carriage of timber deck cargo has special requirements (timber uprights, steel wire lashings, etc., to essentially turn the timber into a solid block). Improperly secured timber dramatically raises capsizing risk (due to shift or loss of buoyancy when wet). PSC in timber trades (Canada, Baltic) will detain a ship if timber deck cargo isn’t secured per the Timber Code – many fatal accidents historically from shifted timber. So if a ship has timber on deck and lashings/uprights are deficient, high severity (likely detention to re-stow/lash properly). If no timber cargo at the time, they may just note deficiency. We score 6 overall, but when applicable with cargo, it’s effectively a 9 in context.",,Cargo handling and stowage safety,"Review cargo packing, loading and stowage protocols; ensure compliance with international cargo handling and securing standards to prevent structural failures of cargo transport units",,,,,"Are the stresses, stability information and any limitations included in the cargo plan understood by the cargo watch officers, and are conditions being monitored and maintained within design limits throughout the cargo operation? (V)? # Are officers familiar with the risk, hazard and carriage requirements of solid bulk cargo on board the ship? (V)? # Has as a cargo loading/unloading plan providing a detailed sequence of cargo and ballast transfer been prepared, understood, and signed off by the master and deck officers? (V)? # Are officers familiar with the risk, hazard and carriage requirements of grain cargo on board the ship? (V)? # Has a cargo loading/unloading plan providing detailed sequences of cargo and ballast transfer been prepared, understood, and signed off by the deck officers? (V)? # Do records on board verify that cargo lights in holds, where fitted, were properly isolated before cargo was loaded? (V)? # Are policy statements and relevant publications for the safe stowage, securing and handling of the cargo unit and timber available on board? (V)? # Is an approved ship-specific Cargo Securing Manual available and are officers thoroughly familiar with the contents of the manual? (V)? # Is there evidence to show that samples of the timber cargoes are being weighed during loading and what is the actual weight compared to the weight stated by the shipper? (V)? # Is if the vessel is a timber carrier, have up to date lashing plans for each stowage and securing arrangement been incorporated in the Cargo Securing Manual? (V)? # Is if the vessel is a timber carrier, has a lashing plan according to the ship’s Cargo Securing Manual been prepared? (V)? # Has a pre-stowage plan been prepared prior to the vessel’s arrival at the load port, taking into account any deck cargo and anticipated stability throughout the voyage? (V)? # Are officers aware of the strength limits of tank tops, tween decks, hatch covers and weather decks with regards to safe cargo stowage and is this information posted in the ship’s office/ ballast control room? (V)? # Have pre-stowage and stowage plans been prepared and completed effectively? (V)? # Is there evidence to show that evaluation of forces acting on the cargo unit have been calculated, and correct cargo-securing devices are being used to secure the cargo to the ship? (V)? # Is if the vessel is carrying timber deck cargo, are relevant regulations of the applicable Load-Line Convention for stowage and securing of timber as prescribed in the ship’s Cargo Securing Manual being followed? (V)? # Is if the vessel is carrying timber, are instructions for ballast water exchange operations for the intended voyage available in the Ballast Water Management Plan? (V)? # Can timber deck cargo be jettisoned into the sea in a controlled manner in an emergency? (V)? # Is if the vessel is a non-cellular ship, have the containers been stowed correctly on deck? (V)? # Do records on board verify that cargo lights in holds were properly isolated before cargo was loaded? (V)? # Is cargo on flat racks, where applicable properly secured? (V)? # Have containers carried on deck or on hatches been stowed in the fore-and-aft direction? (V)? # Are containers stowed in block stowage? (V)? # Is an approved ship’s specific Cargo Securing Manual available, and are officers thoroughly familiar with the contents of the manual and is the lashing plan compatible with the design of the vessel? (V)? # Is there a sufficient quantity of reserve cargo- securing devices on board? (V)? # Are appropriate securing points being used for cargo securing and is there recorded evidence of regular inspection and maintenance of them? (V)? # Has the vessel avoided loading of heavy containers over light or at the top of a stack in a deck stow? (V)? # Is there recorded evidence to show that the lashing pattern from the Cargo Securing Manual has been provided to the terminal and is the information for the lashing pattern posted at the ship’s access? (V)? # Is there evidence to show that evaluation of forces acting on the containers have been calculated and the correct cargo-securing devices are being used to secure the containers to the ship (V)? # Is there documented evidence that lashings were tightened after departure once the lashings and containers settled in? (V)? # Is the condition of belts’ tension checked during cargo operations and is there evidence to show that the belt tension and alignment is inspected regularly for proper function? (V)?"
3199,Other (load lines),"Any other deficiency affecting water/weather-tight integrity not specifically listed. It could range from small (like a vent pipe without a cover) to large (improper hatch securing mechanism). By default moderate severity, but actual impact depends on the item. PSC will evaluate its effect on seaworthiness – significant items here would be treated like the similar listed items.",,"Marine Orders 16 & 19 updates; MO16 & MO19 updates (Sept 2025): vessel certification, load line marks and tonnage measurement","Verify vessel has a valid load line and tonnage certificate; ensure load line marks are correctly positioned and the vessel is not overloaded; commercial yachts operating as commercial vessels must comply with load line requirements and may need an International Tonnage Certificatehttps://www.amsa.gov.au/news-community/news-and-media-releases/revised-marine-orders-16-and-19-commence-1-september-2025; Ensure the ship carries valid load line and tonnage certificates in accordance with Marine Orders 16 & 19; verify that load line marks and Plimsoll mark are correctly positioned and visible; avoid overloading and operate within assigned freeboard; apply for an International Tonnage Certificate when required; maintain hull openings, hatch covers and closing devices to ensure watertight integrity; update certificates if vessel modifications affect load line or tonnage",,,,"All bridge equipment PMS checked/defects identified. Spares maintained as required.? # Condition and pressure test records of cargo lines, tk cleaning line, IG line, bunker lines. Condition of service air lines, conduits, hydraulic lines of deck including pipe supports and clamps? # Condition of P/V Breaker, guage glass, Deck Seal, plating under deck seal.? # Condition of SW main line in bilges - leaks/soft patches/ temporary repairs?","Is there evidence to show that a detailed mooring plan was exchanged between the delivering and receiving vessels and has the master of the receiving vessel reviewed the type and size of fenders of the delivering vessel? # Has the company established guidelines and procedures for the inspection, maintenance and wear zone management of the mooring lines and are they being implemented? (V & M)? # Have heaving lines been constructed with a monkey’s fist at one end and are they free of any added weighting material? (V)? # Are the sea chest, seawater pumps and related sea water lines in good order, free of hard rust and temporary repairs? (V)?"
4,Emergency Systems,,,,,,,,,Is the emergency shutdown system in good order and is there recorded evidence of regular testing?
4101,Public address system,"(SOLAS III) On passenger ships (and many cargo ships), the PA system is used to give emergency announcements. If it fails, crew and passengers might not get vital instructions during a fire or muster. On a passenger vessel, that is serious – crowd management relies on it. PSC would require immediate fix (redundancy is hard; they might employ handheld loudhailers as temp measure). We score 6 (important on pax ships; minimal impact on small cargo vessels).",,,,,,,,
4102,Emergency fire pump and its pipes,"(SOLAS II-2) The emergency fire pump is a backup that provides firefighting water if the main pumps fail (e.g., due to engine room fire). PSC commonly tests this pump during drills, and it is a frequent detainable item – a non-working emergency fire pump means the ship can’t fight a fire if main power is los​safety4sea.com】. Many detentions (and even banning orders) have resulted from repeat failure of fire pumps. This is top severity: PSC typically detains the ship until the fire pump is operational because without it, a fire at sea could rage uncontrolled.",,,,"Tokyo MoU 2024 annual report identified fire safety measures as the largest category of deficiencies (15,406 cases)https://safety4sea.com/tokyo-mou-annual-report-2024/#:~:text=the%20conduct%20of%20remote%20surveys,safety%20and%20environmental%20protection%20standpoints.","Ensure the emergency fire pump and associated piping are operational and provide adequate pressure; conduct regular tests and maintenance; verify backup starting arrangements; train crew on emergency pump operation; rectify any defects immediatelyhttps://safety4sea.com/tokyo-mou-annual-report-2024/#:~:text=the%20conduct%20of%20remote%20surveys,safety%20and%20environmental%20protection%20standpoints.",,"Condition of main fire pumps/Emcy fire p/p. Pumps tried out? # Pressure testing of fire hoses at random? # Emergency Generator - function test, spare starting motor, starting battery supply date (to be within 2 years) ; QC valve for independent Fuel tank? # Operating condition of Main Sea Water pumps / Boiler feed water pumps / ME associated pumps / FO supply/circulating pumps?","Is the emergency fire pump being regularly tested, in good operational condition and are starting instructions clearly posted? (V)? # Are portable fire extinguishers being maintained in good order, and ready for immediate use in an emergency? (V)? # Is the reserve fuel tank of the emergency generator filled with sufficient fuel of a suitable type for at least 18 hours operation? (V)? # Is the emergency pump for the operation of the crane maintained in good condition, are crew familiar with their duties in the using the emergency pump and are emergency drills being carried out? (V)? # Are the sea chest, seawater pumps and related sea water lines in good order, free of hard rust and temporary repairs? (V)?"
4103,"Emergency lighting, batteries and switches","(SOLAS II-1/III) Emergency lighting (with battery backup) illuminates escape routes, muster stations, and essential equipment when main power fails. Deficiencies (e.g., many emergency lights not working or batteries not holding charge) are very commo​safety4sea.com】. It’s detainable if extensive – imagine a nighttime evacuation in darkness. PSC often checks emergency lighting during drills; if it fails, they will insist on immediate repairs. We score 8 – critical for safe evacuation and firefighting. (This is reportedly one of the most common deficiency codes globally, highlighting maintenance issues, though not always detainable unless a large portion is out).",,,,,,,"General inspection of Lighting, Light fittings, Emergency lights, stub pipes & cable glands?","Are navigation lights, emergency navigation lights, shapes and signalling equipment in working order? (V)? # Is all lighting around the bunker area Ex-rated and does it appear adequate to illuminate the bunker area? # Are the boom conveyor and /or shuttle conveyor, where applicable, walkway lights and, floodlights in good working condition? (V)? # Are the emergency escape routes clearly marked, free of obstruction and adequately lit? (V)? # Is the earth fault monitoring equipment of the main and emergency switchboards operational and are they free of faults? (V)? # Are the deck lights, emergency lights and hold lights (where fitted) in good order? (V)? # Are the explosion-proof lights in paint lockers, acetylene stores or similar spaces in good condition? (V)?"
4104,Low level lighting in corridors,"(SOLAS II-2) Passenger ships have low-level (floor) lighting or photoluminescent strips along escape routes. If these are missing or not glowing (not “charged”), it’s a safety issue but with redundancy (there’s also emergency lighting above). PSC will note it and require correction (replace faulty strips, etc.). It’s moderate severity: important for guiding people if smoke obscures overhead lights, but failure doesn’t completely black out the route if other lights work.",,Updated NSCV standards for visibility and accommodation,"Ensure compliance with updated NSCV Part C1: improve wheelhouse visibility, provide continuous safety rails on pilot vessels, clarify assembly station requirements, upgrade emergency escape signage and low-level lighting, enhance accommodation standards (noise levels, sanitation facilities, air quality, bunk sizes), and establish “no climb zones” to prevent children falling overboardhttps://www.amsa.gov.au/news-community/news-and-media-releases/updated-standard-wheelhouse-visibility-escape-accommodation",,,,Condition of life jackets (including oversize ones) with lights checked at random.?,"Are the self-igniting lights of lifebuoys located in the hazardous area intrinsically safe? # Is all lighting around the bunker area Ex-rated and does it appear adequate to illuminate the bunker area? # Do records on board verify that cargo lights in holds, where fitted, were properly isolated before cargo was loaded? (V)? # Do records on board verify that cargo lights in holds were properly isolated before cargo was loaded? (V)? # Are light fittings in the tunnel conveyor Ex‘d’ rated and in good condition? (V)? # Are the boom conveyor and /or shuttle conveyor, where applicable, walkway lights and, floodlights in good working condition? (V)? # Are the emergency escape routes clearly marked, free of obstruction and adequately lit? (V)? # Is the lighting illumination level in engine room space adequate (V)? # Are the explosion-proof lights in paint lockers, acetylene stores or similar spaces in good condition? (V)?"
4105,Location of emergency installations,"This likely refers to the IMO symbolic labels/signs showing location of emergency equipment (fire extinguishers, hydrants, shutdowns, etc.). If signs are missing or faded, responders could lose precious time searching. It’s a minor issue to fix (put proper stickers) but aids crew and shore firefighters. PSC will require proper signage – low severity alone.",,,,,,,,"Are IMO symbols to identify the location of life saving equipment, firefighting equipment and hazardous area displayed appropriately and in good condition? (V)?"
4106,Emergency steering position communications/ compass reading,"(SOLAS V) If the ship must steer from the emergency steering station (local steering gear room), there must be a way to communicate with the bridge and know the ship’s heading (a rudder angle indicator and a compass repeater or talk-back for helm orders). If those communications fail (for example, sound-powered phone to steering flat is broken, or no compass indicator aft), in a scenario where bridge control is lost, the crew in the steering gear room won’t know what heading the ship is on or when to turn – a dangerous situation. PSC will test communication to emergency steering during drills. Failure is a serious deficiency – they might not detain if they implement a manual workaround (like handheld radios), but it’s risky. We give 6.",,,,,,,"Steering gear and associated machinery - telemotor controls ; rudder angle indicator, Gyro repeater, communication with Navigation console, hydraulic oil leaks , system alarms and trips, emergency steering arrangement.?",Are engineers familiar with operation of the main engine from the local manoeuvring control position? (V)? # Is a heading indicator and communication system provided in the steering gear room and are they in good order? (V)? # Is the emergency steering position rudder angle indicator in good order and clearly marked in red and green? (V)?
4107,Emergency towing arrangements and procedures,"(SOLAS II-1 & MARPOL I) Tankers must have emergency towing arrangements at bow and stern, and all ships should have a procedure for being towed if disabled. If these aren’t in place (no ready towing bridle, or crew not familiar), a drifting ship in distress is harder to assist, risking grounding. It’s an important contingency; PSC will check on tankers especially. Likely moderate – they’ll want the equipment and plan in place (e.g., on tankers, strongpoints and towing pennants must be pre-rigged). Not typically detainable unless imminent need, but definitely noted.",,,,,,,,"Is the vessel provided with a specific isolation procedure for the gantry cranes? (V)? # Are there sufficient crew members on board to assist in the mooring operation, check and tend the mooring lines at regular intervals? (V)? # Has the vessel been provided with a ship-specific emergency towing booklet? (V)?"
4108,Muster list,"(SOLAS III) The muster list (station bill) details each crew member’s emergency duties and must be posted. If it’s missing or outdated, crew might be confused during an emergency – who goes to fire team, who lowers lifeboats, etc. PSC nearly always checks this document. If incorrect or not posted, it’s a deficiency to fix immediately (captain can draw one up on the spot). Not usually a cause for detention by itself (easy to rectify), but significant for compliance.",,,,,,,,Is an up-to-date muster list with ship specific emergency instructions displayed? (V)?
4109,Fire drills,"(SOLAS Chapter III/MSC Circ.) PSC often requires a fire drill during inspection. If the crew’s performance is poor (e.g., they don’t know how to start fire pump, or don’t don breathing apparatus correctly), PSC will issue a deficiency and can detain the ship for ISM failures because untrained crew in fire response is extremely dangerou​safety4sea.com】. Many detentions include “crew not proficient in fire drill” as an ISM-related ground. This is scored 7 – it reflects on training; if severely lacking, it escalates to 9 or 10 as an ISM detention (since inability to fight fire threatens the ship).","Conduct regular fire drills according to SOLAS; ensure crew are familiar with fire-fighting equipment and their duties; record drills and review effectiveness to address shortcomingshttps://safety4sea.com/2024-paris-mou-annual-report/#:~:text=Looking%20at%20the%20,both%20in%20numbers%20and%20relatively",NCP 2024-25: Disabled vessels & emergency preparedness,Conduct regular fire drills incorporating scenarios of loss of propulsion or disabled vessel; ensure crew understand procedures and can respond effectively.,"Fire safety measures were a major deficiency category in the Tokyo MoU 2024 reporthttps://safety4sea.com/tokyo-mou-annual-report-2024/#:~:text=the%20conduct%20of%20remote%20surveys,safety%20and%20environmental%20protection%20standpoints.",Conduct regular fire drills in accordance with SOLAS; ensure crew are familiar with their roles and the operation of firefighting equipment; record and evaluate drills; rectify any shortcomings identified during drills promptly.,Fire safety CIC results highlighted poor performance in conducting fire drills (around 9% non-compliance),Condition and test record of immersion suits. Crew able to demonstrate the wearing of immersion suit in 3 mins? Size of immersoin suits proper for the crew on board? # Familiarity of crew with ECDIS?,"Are the fire and safety rounds being conducted at the end of each watch? (V)? # Is there a schedule of drills and exercises to address potential emergency shipboard situations and is it being conducted effectively? (V)? # Has the vessel been provided with ship-specific fire safety and SOLAS training manuals and operational booklets? (V)? # Does the schedule of drills and exercises related to LNG fuels address potential emergency shipboard situations and has it been conducted effectively? # Has the vessel been provided with procedures and contingencies regarding fumigation of cargo holds and are the master and chief officer familiar with the procedure? (V)? # Has the vessel been provided with procedures and contingencies with regards to fumigation of cargo holds and are the master and chief officer familiar with the procedure? (V)? # Is the vessel is provided with guidelines for ‘the prevention, early detection and suppression of fire in the cargo conveyor tunnel’ and are the crew familiar with the guidelines? (V)? # Is if the electric voltage power of vessel is greater than 1000 volts (high voltage), is staff suitably trained? (V)? # Are officers familiar with emergency hatch cover operation arrangements and is there evidence of effective training of personnel available on board? (V)? # Have specific standing orders been prepared by the chief engineer and have these orders along with the night order book been read, understood, and signed by the watch standing engineers, engine crew and electrical engineer, where applicable? (V & M)? # Are the ship’s staff provided with adequate recreation facilities on board the ship? (V)? # Is the vessel appropriately manned by adequately qualified, trained, and experienced personnel? (V)?"
4110,Abandon ship drills,"Similar to fire drills, but evaluating lifeboat/liferaft evacuation. If PSC observes chaos during an abandon ship drill (crew unable to launch lifeboat, passengers not directed, etc.), it’s a major indicator of poor training. They will detain under ISM if they judge the crew cannot safely evacuate in an emergency. For instance, if engine crew can’t start the lifeboat engine or boat hooks can’t release, detention is likely until resolved. Score 7, with same caveat: if extremely bad, it contributes to an ISM detention.",,NCP 2024-25: Disabled vessels & emergency preparedness,Carry out abandon ship drills that include loss of propulsion situations; verify crew competence; update procedures based on lessons learnt.,,,,Random Check of records for drills as per drill planner. Debrief with crew on last held drill.?,"Are the fire and safety rounds being conducted at the end of each watch? (V)? # Is there a schedule of drills and exercises to address potential emergency shipboard situations and is it being conducted effectively? (V)? # Does the schedule of drills and exercises related to LNG fuels address potential emergency shipboard situations and has it been conducted effectively? # Are officers familiar with emergency hatch cover operation arrangements and is there evidence of effective training of personnel available on board? (V)? # Is the emergency pump for the operation of the crane maintained in good condition, are crew familiar with their duties in the using the emergency pump and are emergency drills being carried out? (V)? # Are the emergency drill procedures amended prior to entering sub-freezing / polar areas and are the crew being regularly trained with such a procedure? (V)?"
4111,Damage control plan,"(Duplicate of 02102 but listed again – possibly for verifying it’s readily accessible to crew). As noted, missing damage control plan is moderate. Perhaps here PSC wants to see crew familiarity with it. If crew doesn’t even know of it, they might cite training issues too.",,,,,,,,"Are life jackets in good condition, allocated as per the plan and donning instructions clearly displayed? (V & M)? # Was the vessel provided with contingency plans for dealing with emergencies? # Has the Voyage Safety Plan (VSP), including the checklist for fumigation during the voyage, been discussed with and signed by the master prior to sailing to the discharge port? (V)?"
4112,Shipboard Marine Pollution emergency operations,"(MARPOL I & II) Oil tankers and ships >400 GT must have a SOPEP (for oil spills); NLS carriers need SMPEP. If missing, crew might not know how to respond to a spill, whom to notify, etc. PSC treats absence of SOPEP seriously (it’s a clear MARPOL violation). They might detain a tanker in port until it obtains one because an oil spill without a plan could be chaotic. Score ~6 (documentation, but vital during pollution emergencies and required by law; e.g., USCG detains vessels without SOPEP).",,,,,,,,"Is an approved MARPOL Shipboard Oil Pollution Emergency Plan (SOPEP) available, and up to date and are ship’s personnel familiar with their duties? # Is polar water operation incorporated in the approved SOPEP manual? (V)?"
4113,Water level indicator,"Could refer to an emergency water level indicator in the engine room (to detect flooding) or for passenger ships with large open spaces. For example, SOLAS required passenger ships to have bilge level alarms in machinery spaces post-Costa Concordia. If such an indicator is required and not working, flooding might go unnoticed until too late. Particularly on UMS ships at night, an engine room bilge alarm failure is grave – the vessel could flood without anyone knowin​safety4sea.com】. PSC would likely detain until bilge alarms fixed. Score 8.",,,,,,,Operating condition of Valve indicators and controls?,"Is a water-level alarm system provided for the tunnel bilge well, and is the alarm system regularly tested and the result recorded? (V)? # Is the bilge high level alarm system in good order, regularly tested and are records of test maintained? (V)?"
4114,Emergency source of power - Emergency generator,"(SOLAS II-1) The emergency generator (E/G) provides electricity for lighting, communications, fire pump, etc., when main power is lost. PSC often lists a nonfunctional emergency generator as a detainable deficienc​safety4sea.com】. A vessel that plunges into darkness during a blackout cannot launch boats or fight fires effectively – a life-threatening situation. This is about as severe as it gets for emergency readiness. PSC will detain the ship until the emergency generator works (or exceptionally allow one voyage in calm conditions with portable emergency power if absolutely needed, but that’s rare).",,"Incidents – groundings, collisions and equipment failures",Test and maintain emergency generators to ensure they function during power blackouts,,,,"Emergency Generator - function test, spare starting motor, starting battery supply date (to be within 2 years) ; QC valve for independent Fuel tank?","Is the reserve fuel tank of the emergency generator filled with sufficient fuel of a suitable type for at least 18 hours operation? (V)? # Is if refrigerated containers are carried, is the electric power supply permanently installed from the engine room and are the ship’s electrical distribution system and electric container sockets in good condition and undamaged? (V)? # Are crew familiar with the starting procedure for the emergency generator and how to put power on the emergency switch board? (V)? # Is if the starting source of the emergency generator relies on a single starter motor, has a spare starter motor been provided? (V)? # Is if an emergency generator is not fitted, are engine room emergency batteries in good order, fully charged and capable of supplying the designed power load up to a minimum 18 hours? (V)? # Is the earth fault monitoring equipment of the main and emergency switchboards operational and are they free of faults? (V)?"
4115,Safe areas,"After recent cruise ship incidents, regulations require designated “safe areas” on passenger ships (with shelter, food, communication) for passengers if they must muster for extended periods. If these arrangements (including ventilation, sanitary, etc.) are not as per requirements, it’s a deficiency in crisis management capability. It’s not immediately life-threatening unless an incident occurs, but it’s an MLC/comfort and safety compliance issue. PSC will note and require rectification (esp. on large passenger ships). Moderate severity.",,,,,,,,
4116,Means of communication between safety centre and other control stations,"On large passenger ships, there is often a central safety command post (for coordinating firefighting and damage control) separate from the bridge. There must be reliable communication (phones or talk-back) between this centre and places like the bridge, engine control, etc. If those comms are faulty, emergency coordination could break down – e.g., the bridge might not know what firefighting teams in machinery spaces are doing. On a cruise ship, PSC would take that seriously (but often an internal issue to fix). Moderate-high severity (because in a big emergency, lapses in communication can cost lives).",,,,,,,,"Can all crew communicate effectively in the working language of the ship? (V)? # Are procedures in place controlling the use of mobile phone, internet, and email services on the bridge? (V)?"
4117,Functionality of Safety Systems,"This is broad, possibly used when a test of an integrated safety system fails. For example, a “master alarm” system that should show fire zones might be inoperative, or remote emergency shutdowns for fuel didn’t activate during drill. If PSC notes that an entire safety system (like fixed CO₂ or fire detection network) did not function as designed when tested, they will consider detaining the ship. Essentially, multiple safety sub-systems failing points to ISM failure. High severity – needs immediate correction under class/ISM oversight.",,,,,,,,Are cyber security policies and procedures being incorporated in the safety management system and was the cyber security management system evaluated and certified by Class? (V)?
4118,Enclosed space entry and rescue drills,"(SOLAS III) Now mandatory: crew must drill enclosed space rescue (entry with SCBA) every few months. If PSC asks and finds the ship hasn’t been conducting these drills or crew are clueless about rescuing someone from a tank, they will record a deficiency. Given many fatalities in tanks due to improper rescue attempts, this is quite important. They might not detain on the spot if they quickly do a satisfactory drill after guidance, but it flags training shortfalls. Moderate severity, trending higher since regulators focus on it (Paris MoU had a CIC on enclosed space entry).",,NCP 2024-25: Disabled vessels & emergency preparedness,Practice enclosed space entry and rescue drills; emphasise crew preparedness for emergencies; ensure records of drills are maintained.,,,,,"Are enclosed space entry procedures defined, up to date and accurate in the safety management system, and is a specific list of enclosed spaces clearly defined on board ,and are the ship’s personnel familiar with the enclosed space entry procedures? (V)? # Is entry into and rescue from enclosed space training undertaken and are regular drills conducted? (V)? # Is the emergency steering gear drill being carried out every three months? (V)? # Are the emergency drill procedures amended prior to entering sub-freezing / polar areas and are the crew being regularly trained with such a procedure? (V)?"
5,Radio communication,,,,,,,,Entry procedure in place & comm sys in order?,
5101,Distress messages: obligations and procedures,"This likely refers to the GMDSS distress alerting procedure and obligations to respond to distress alerts. If PSC questions the radio officer and they are ignorant of distress procedures, or required “Radio Operational” info (like the Muster List’s radio duties) isn’t present, it’s an operational training issue. They may cite ISM if officers don’t know how to send a distress (Mayday) or about obligation to relay/answe​myseatime.com】. Score 6 – important for emergency response; reflect training deficiency.",Ensure that all radio operators are familiar with obligations and procedures for distress and safety traffic; record all distress messages and cancellations in the radio log book; verify that false distress alerts are promptly cancelledfile:///home/oai/share/gmdss_pages/page-2.png.,,,,,,,Has a qualified person other than the master been designated to handle distress and safety radio communication? (V)?
5102,Functional requirements,"GMDSS equipment must meet functional requirements for the ship’s Sea Area (A1, A2, A3, A4). For example, a vessel in A3 should have MF/HF DSC or satellite, etc. If a ship lacks any one of those functions (e.g., no MF/HF and not Inmarsat-equipped going into A3), it cannot meet distress communication requirements – a detainable breach. Score 7 – likely detention or restriction to sea area where equipment on board is sufficient.","Check that GMDSS equipment meets functional requirements: call sign and MMSI are marked; equipment and backup installations are recorded in the Record of Equipment; maintain DSC watchkeeping receivers; ensure ability to send routine DSC test calls and distress alerts with automatic position inclusion; equipment must operate from main, emergency and reserve power sourcesfile:///home/oai/share/gmdss_pages/page-2.png.",,,,,,,
5103,Main installation,"The main GMDSS radio installation (combination of equipment) must be working. If, say, the primary MF/HF transceiver is completely dead and the ship relies only on a backup or nothing for long-range, that’s severe. PSC will possibly detain unless voyage is only in A1 (coastal VHF range). High moderate severity – long-range distress capability is compromised.","Ensure main radio installation is type‑approved and matches the Record of Equipment; test control units at the navigating bridge and conning position; verify radio license details; maintain watchkeeping and log regular tests; confirm that operation of equipment is possible on main, emergency and reserve power suppliesfile:///home/oai/share/gmdss_pages/page-1.png.",,,,,,Entry procedure in place & comm sys in order? # All bridge equipment PMS checked/defects identified. Spares maintained as required.?,"Is there a procedure for communication failure during LNG bunkering operation and are crew familiar with such a procedure? # Is the vessel equipped with sufficient portable radio equipment for use and has a direct radio communication capability been stablished between the terminal (planner, foreman, and watchman) and the ship duty’s officer? (V)? # Is the vessel equipped with sufficient intrinsically safe portable radios for use inside the tunnel and, are the radio ‘dead zones’ within tunnel identified and safeguards put in place? (V)? # Is the telephone system provided for communication between driver’s cab, electrical control room, hatch cover control station and deck level in good order and is there evidence of regular testing and maintenance? (V)? # Is exterior electronic equipment, such as communication transmitters / receivers exposed to rotating radar scanners and fog horns protected from sub-freezing temperature? (V)?"
5104,MF radio installation,"If required (Sea Area A2 or A3), the Medium Frequency radio (with DSC) must work. If it’s inoperative but the ship has an alternate means (Inmarsat C can cover some functions), PSC might allow interim sailing in A3 (satellite range) but not in purely A2 (because then you have no medium-range coverage). It’s significant but partial redundancy via HF or sat might exist. Score 6.",MF radio installation: verify that control units are accessible at required positions; test DSC watch receiver and ability to send routine DSC alerts; check equipment operates from all power sources; confirm call sign and MMSI marking and update recordsfile:///home/oai/share/gmdss_pages/page-2.png.,,,,,,,"Is where fitted are the standard magnetic compass, gyro compass and Global Navigation Satellite System compass, operational, adjusted and properly maintained? (V & M)? # Does the vessel utilise a weather routeing service? (V)? # Is the vessel equipped with sufficient portable radio equipment for use and has a direct radio communication capability been stablished between the terminal (planner, foreman, and watchman) and the ship duty’s officer? (V)? # Has the Satellite EPIRB been correctly installed, tested and maintained? (V & M)? # Is the vessel equipped with sufficient portable two-way UHF radios, for use in general on-board operations? (V)?"
5105,MF/HF radio installation,"For A3 ships, the combined MF/HF DSC radio is crucial if outside Inmarsat coverage or as backup. If down, but the ship has Inmarsat C still working, they have distress capability except maybe no direct HF DSC – still serious. If in A4 (polar), HF is primary – absolutely critical; an HF failure in polar region is detainable as they’d have no other way. So severity can range; average 7. PSC will likely detain or restrict to areas with coverage of what’s working.","MF/HF radio installation: ensure operation on required frequencies for distress and safety; verify DSC watch receivers and ability to send routine DSC alerts; test remote activation from navigating bridge and conning position where required; confirm equipment operates on main, emergency and reserve power supplies and is included in maintenance programmefile:///home/oai/share/gmdss_pages/page-2.png.",,,,,,,"Is exterior electronic equipment, such as communication transmitters / receivers exposed to rotating radar scanners and fog horns protected from sub-freezing temperature? (V)?"
5106,INMARSAT ship earth station,"If the ship relies on Inmarsat C for distress in A3 and it’s not working, then it must rely on MF/HF. Many ships no longer carry duplicate MF/HF sets if Inmarsat is main. Thus, no Inmarsat = probably no GMDSS beyond A2 range. PSC will detain in that case or restrict to coastal voyages until fixed. Score 7.",Recognised mobile satellite service (Inmarsat) ship earth station: verify terminal is recorded in the radio license and record of equipment; ensure it is marked with call sign; confirm it can transmit and receive distress priority messages and receives MSI via SafetyNET; keep user manual on board and ensure crew familiar with operation and distress proceduresfile:///home/oai/share/gmdss_pages/page-1.png.,,,,,,,Does the vessel utilise a weather routeing service? (V)?
5107,Maintenance / duplication of equipment,"GMDSS requires either duplication of certain radio equipment or a shore maintenance contract or onboard maintenance capability. If the vessel hasn’t arranged the chosen maintenance option (e.g., no shore contact and no duplicates or no radio maintainer onboard), it’s a compliance gap. It doesn’t immediately stop communications but means if something breaks, they’re not covered. PSC will note it – moderate severity, but they might not detain if all gear is currently operational; they’ll insist the deficiency be rectified (e.g., get a shore maintenance contract) before it breaks.","Ensure required duplication or maintenance arrangements are provided (shore‑based maintenance contracts or duplication of equipment); keep documentation of annual capacity check for reserve batteries and shore‑based maintenance reports; verify that spare antennas, power supplies or duplicate sets are available as requiredfile:///home/oai/share/gmdss_pages/page-1.png.",,,,,,"Condition and number of EEBDs. Service records availability. If replacecable type, validity of expiry date? # All bridge equipment PMS checked/defects identified. Spares maintained as required.? # Operating condition of VRCS and important spares?","Are there procedures for the removal of damaged lashing devices from service? (V)? # Is all electric equipment including cable box, cable run and cable tray and shore interlock connection system on the boom conveyor in good order? (V)? # Are the ship’s grabs being maintained as per manufacturer recommendation and have the maintenance requirements been incorporated in the PMS? (V)? # Are the windlasses, anchors, locking bars and cables in good order, operating effectively and is their maintenance incorporated in the plan maintenance system? (V)? # Is communication equipment, listed in the Record of Equipment attached to the Safety Radio Certificate or Safety Certificate (Form R or Form C), in good condition and has the GMDSS Logbook (the Radio Log) been maintained correctly and are daily, weekly and monthly tests being carried out? (V)? # Is there a Shore-Based Maintenance Agreement in place to fulfil the maintenance requirements? # Is an effective and up to date planned maintenance system available and being followed on board the vessel? (V & M)?"
5108,Performance standards for radio equipment,"This suggests the equipment on board might not meet IMO performance standards or not be type-approved (e.g., using non-marine VHF sets). If PSC discovers non-approved gear, they’ll require replacement but probably not detain if it’s functioning (unless it clearly malfunctions). Low-moderate severity – a regulatory compliance issue more than an immediate safety one, unless substandard gear fails at a critical moment.",Verify that all radio equipment meets performance standards: equipment must be type approved; user manuals should be available and accessible; ensure equipment functions correctly through regular tests recorded in the radio log; deficiencies or malfunctions must be rectified promptlyfile:///home/oai/share/gmdss_pages/page-1.png.,,,,,,LSA / FFA Equipment and Systems? # Enough portable radios available and in good working condition?,"Are immersion suits and anti-exposure suits of an approved type, in good condition, correctly stowed, readily accessible and of the appropriate size? (V & M)? # Are IMO symbols to identify the location of life saving equipment, firefighting equipment and hazardous area displayed appropriately and in good condition? (V)? # Is the main radio aerial earthed and are portable two-way UHF radios approved for use in hazardous areas? # Are system safety valves in good order and officers aware of the requirements? # Do on-board safety requirements for fumigation comply with sub-section 3.3.2.7 of the IMO recommendation on the safe use of pesticides? (V)? # Is the emergency equipment tested, in good condition and the result recorded? (V)?"
5109,VHF radio installation,"At least two VHFs (one portable) are required. If the fixed VHF DSC radio on bridge isn’t working, it’s serious as that’s used for short-range distress and routine port communications. But usually portables can cover for voice (not DSC). PSC will definitely require a functioning VHF before departure (most likely repair same port – easy fix usually). This is a frequent deficiency but also frequently fixed on the spot. Score 6 – vital for collision avoidance and local SAR.","VHF radio installation: ensure VHF DSC watch receiver is operating at all times; test control at navigating bridge and conning position; perform routine DSC test call; confirm operations on main, emergency and reserve power sources; ensure VHF antennas and cables are in good condition and call sign and MMSI are correctfile:///home/oai/share/gmdss_pages/page-2.png.",,,,,,,"Is the vessel equipped with sufficient portable radio equipment for use and has a direct radio communication capability been stablished between the terminal (planner, foreman, and watchman) and the ship duty’s officer? (V)?"
5110,Facilities for reception of marine safety information,"Ships must be able to receive MSI (navigational and weather warnings) via NAVTEX (coastal) and/or SafetyNET (Inmarsat) depending on area. If the NAVTEX receiver is broken and the ship sails through areas where NAVTEX is primary (A2 areas), they might miss storm or nav warnings – hazardous. PSC will want it fixed. If Inmarsat SafetyNET covers the area, they have redundancy. Still, moderate severity as missing MSI can indirectly lead to accidents (like missing a gale warning).",Facilities for reception of Marine Safety Information: ensure NAVTEX or other MSI receivers are installed and functioning; verify correct service areas and languages are set; record receipt of MSI messages and any tests in the radio log; ensure backup arrangements such as HF NBDP or EGC receiver are provided and crew know how to operate themfile:///home/oai/share/gmdss_pages/page-2.png.,,,,,,"All ITU publications provided onboard are up-to-date.? # Latest nautical publications are available on board.? # Functioning of Remote stops and funnel flaps (including remote stops for IGF Code vessels)? # Operating condition of Radars, ECDIS, AIS , BNWAS, Magnetic Compass, Gyro, Anemometer, Doppler Log, Echosounder, VDR, Chart Recorder, RPM and Rudder Angle Indicators (including those on bridge wings).? # All Nautical Publications updated and available including USCG 33 & 46 CFR; USCG Navigation Rules - International - Inland?","Has the Master been provided with relevant ship handling training? (V)? # Are comprehensive written practical guidance on navigational safety available on the bridge? (V & M)? # Have operational checks on navigational equipment been done and are checklists being effectively completed when preparing for sea and prior to port entry? (V)? # Has the master/pilot information exchange been taking place effectively and is the standard pilot card being completed as required? (V)? # Is navigation equipment in good order? (V)? # Are deck officers familiar with the procedure to preserve the VDR data in the event of an incident and is there a company policy within the SMS relating to the playback of VDR data? (V)? # Is a chart and publication management system being implemented to ensure that all charts, nautical publications, and other publications on board are current, maintained and up to date? (V & M)? # Are T&P NMs and navigation warnings being used correctly in voyage planning and monitoring? (V)? # Has the vessel been safely navigated in compliance with international and inland regulations? (V)? # Have the parallel index techniques been used when monitoring the passage in coastal and pilotage waters, particularly in conditions of restricted visibility or at night? (V)? # Is was the track of the ship monitored at sea and during the pilotage? (V)? # Does the vessel utilise a weather routeing service? (V)? # Are procedures in place controlling the use of mobile phone, internet, and email services on the bridge? (V)? # Does the master periodically review the effectiveness of the onboard Safety Management System, report the findings to shore based management and receive feedback from them? # Are on-board safety meetings held regularly and, are they reviewed by the vessel’s manager and feedback provided where necessary? # Are the International Shore Connection fitting arrangements clearly marked and well maintained and are the crew aware of their location? (V)? # Is an up-to-date muster list with ship specific emergency instructions displayed? (V)? # Has a pre-compatibility assessment and study of the weather and current forecast been carried out prior to confirming the bunkering operation and is there documented evidence of such assessment and study? # Is there evidence to show that a detailed mooring plan was exchanged between the delivering and receiving vessels and has the master of the receiving vessel reviewed the type and size of fenders of the delivering vessel? # Has the master informed the appropriate authorities of the country of destination about the fumigation? (V)? # Are pre-loading/acceptance procedures for the carriage of vehicles on board a ro-ro cargo ship incorporated in the SMS? (V)? # Has an IMDG spotting plan been prepared, updated, and made available for emergency preparedness? (V)? # Are the ship’s grabs being maintained as per manufacturer recommendation and have the maintenance requirements been incorporated in the PMS? (V)? # Is the telephone system provided for communication between driver’s cab, electrical control room, hatch cover control station and deck level in good order and is there evidence of regular testing and maintenance? (V)? # Is the most current edition and up to date List of Radio Signals available on board? (V)? # Are deck officers familiar with the function and use of the Ship Security Alert System and is the Ship Security Alert System being tested regularly? (V)? # Is if the vessel transits or may transit a high-risk piracy area, are updated security charts and publications being provided? (V)? # Is if the vessel transited or may transit an area with a high risk of piracy, has a voyage risk assessment been produced? (V)? # Are measures in place for controlling the use of removable media such as USB memory sticks, CDs, DVDs, and diskettes on shipboard computers? (V)? # Are adequate engineering procedures, instructions and guidelines included in the SMS? (V)? # Is an effective and up to date planned maintenance system available and being followed on board the vessel? (V & M)? # Is the condition of electrical equipment including switches, sockets, junction boxes, plugs, conduits and wiring on weather decks satisfactory? (V)? # Is the master aware of the operational limitations specified in the Polar Ship Certificate? (V)? # Is the vessel provided with a means of detecting floating ice? (V)? # Is the vessel able to receive up-to-date information including ice reports for safe navigation? (V)? # Is exterior electronic equipment, such as communication transmitters / receivers exposed to rotating radar scanners and fog horns protected from sub-freezing temperature? (V)?"
5111,Satellite EPIRB 406MHz / 1.6 GHz,"(SOLAS IV) The EPIRB is arguably the most crucial distress beacon – if the ship sinks, it automatically sends a distress signal via satellite. If the 406 MHz EPIRB is not onboard or not functioning (battery expired, self-test fails), that is a major distress alerting deficiency. PSC will detain the ship until the EPIRB is fixed or replaced, no exceptions, because without it a sinking might not be promptly detecte​tokyo-mou.org】. Score 9 – critical for saving lives in abandonment (some might even say 10; practically, it’s an urgent fix typically done in port by replacing the unit or battery).","Satellite EPIRB 406 MHz/1.6 GHz: ensure EPIRB is float‑free, properly mounted and marked with ship’s name, call sign and MMSI; check that hydrostatic release unit and battery expiry dates are valid; perform regular self‑tests and record in radio log; maintain shore‑based maintenance and test reports onboardfile:///home/oai/share/gmdss_pages/page-1.png.",Life-saving equipment awareness,"Ensure that life-saving equipment (lifejackets, lifebuoys and EPIRBs) is onboard, maintained and readily accessible; provide training and demonstrations so crew and passengers know how to don lifejackets and test EPIRBs",,,,Operational status of EPIRB / SART?,"Is the vessel equipped with sufficient intrinsically safe portable radios for use inside the tunnel and, are the radio ‘dead zones’ within tunnel identified and safeguards put in place? (V)? # Has the Satellite EPIRB been correctly installed, tested and maintained? (V & M)? # Is the most current edition and up to date List of Radio Signals available on board? (V)? # Are Search and Rescue Radar Transponders (SARTs) in good order and tested regularly? (V)?"
5112,VHF EPIRB,"Older term – 121.5 MHz EPIRBs were phased out for satellite alerting (now 121.5 is just a homing signal frequency for search aircraft). Modern EPIRBs have 406 + 121.5 MHz. If an old “VHF EPIRB” is referenced, it might mean an old emergency beacon that’s no longer recognized by satellites. If the ship hasn’t upgraded, PSC will note it – but since 2009, 121.5-only beacons are obsolete for satellites. So this is low severity now (the key is 406 EPIRB above).","VHF EPIRB: if carried as additional equipment, verify correct installation and expiry dates; ensure crew know limitations and that a satellite EPIRB remains the primary distress beacon; record tests and maintenancefile:///home/oai/share/gmdss_pages/page-1.png.",Life-saving equipment awareness,"Ensure that life-saving equipment (lifejackets, lifebuoys and EPIRBs) is onboard, maintained and readily accessible; provide training and demonstrations so crew and passengers know how to don lifejackets and test EPIRBs",,,,Operational status of EPIRB / SART?,"Has the GPS been adjusted to the correct Geodetic Datum and are officers aware of the value of HDOP and is it posted next to the GPS? (V)? # Is the main radio aerial earthed and are portable two-way UHF radios approved for use in hazardous areas? # Has an IMDG spotting plan been prepared, updated, and made available for emergency preparedness? (V)? # Has the Satellite EPIRB been correctly installed, tested and maintained? (V & M)? # Is the most current edition and up to date List of Radio Signals available on board? (V)? # Are Search and Rescue Radar Transponders (SARTs) in good order and tested regularly? (V)? # Are survival craft portable VHF radios in good order and charged? (V)?"
5113,SART/AIS-SART,"(SOLAS III) Ships must carry Search and Rescue Transponders (radar-SART or AIS-SART) – typically 2 on >500 GT. If SARTs are missing or not working, survivors in liferafts can’t signal rescuers effectively. PSC in a lifeboat drill often asks crew to activate SART. A non-functional or absent SART is a detainable deficiency if not corrected (they typically require buying or fixing it in port). Score 8 – crucial for locating liferafts in a rescue.",SART or AIS‑SART: ensure required number of transponders are provided and stowed for rapid deployment; verify battery expiry dates and carry out self‑tests regularly; mark equipment with ship’s name; record tests in radio log and replace batteries or units before expiryfile:///home/oai/share/gmdss_pages/page-2.png.,,,,,,Operational status of EPIRB / SART?,Are Search and Rescue Radar Transponders (SARTs) in good order and tested regularly? (V)?
5114,Reserve source of energy,"(SOLAS IV) GMDSS equipment must have a backup power source (usually dedicated batteries) to run radios for at least 1 hour in distress after mains failure. If these batteries are missing, dead or cannot hold charge (common deficiency if tests show voltage drop), the ship could lose all communications in a blackout – a very dangerous scenario. PSC treats bad radio batteries as a serious issue – they often detain until batteries are replaced because it directly affects ability to call for help in an emergency. Score 8.",Reserve source of energy: ensure dedicated batteries for GMDSS are capable of powering all radio installations for the required time; verify automatic changeover and accessibility of manual switch; keep documentary evidence of annual capacity checks and test results onboard; confirm energy source is independent of the ship’s main generating plantfile:///home/oai/share/gmdss_pages/page-1.png.,,,,,,"Condition of lifeboat machinery including covers. Engines Tried Out. Starting battery expiry date (or supply date) and spare starting motor.? # Emergency Generator - function test, spare starting motor, starting battery supply date (to be within 2 years) ; QC valve for independent Fuel tank? # Operating condition of VRCS and important spares?","Is the reserve fuel tank of the emergency generator filled with sufficient fuel of a suitable type for at least 18 hours operation? (V)? # Is the emergency shutdown system in good order and is there recorded evidence of regular testing? # Is if refrigerated containers are carried, is the electric power supply permanently installed from the engine room and are the ship’s electrical distribution system and electric container sockets in good condition and undamaged? (V)? # Are survival craft portable VHF radios in good order and charged? (V)? # Are crew familiar with the starting procedure for the emergency generator and how to put power on the emergency switch board? (V)? # Is if the starting source of the emergency generator relies on a single starter motor, has a spare starter motor been provided? (V)? # Is if an emergency generator is not fitted, are engine room emergency batteries in good order, fully charged and capable of supplying the designed power load up to a minimum 18 hours? (V)? # Is the emergency reserve tank of the steering gear system fully charged? (V)?"
5115,Radio log (diary),"The radio logbook is required to record GMDSS tests, incidents, and significant radio communications. If not maintained, it’s a procedural lapse. PSC will note it but it’s minor – though it can hint at overall lax radio watchkeeping (for example, no weekly EPIRB/GMDSS test entries might cause them to scrutinize equipment readiness). Low severity itself.","Radio log (diary): maintain a radio log book with records of all tests, maintenance, radio communications, distress alerts and cancellations, and dates/positions; ensure entries are signed by the officer on watch; keep user manuals and documentary evidence of maintenance with the logfile:///home/oai/share/gmdss_pages/page-1.png.",,,,,,ODMCS operation/records. Review of ORB Part II entries? # Check of records of Saturday Routines/ Monthly / Quarterly Routines of Safety / Pollution Prevention Equipment. Any concerns here to be immediately attended? # Random Check of records for drills as per drill planner. Debrief with crew on last held drill.? # Ops/maintenance records of system. Effluent test records.?,"Are the officers and ratings aware of the location of the emergency stop devices; are the emergency stop devices in good order and is there recorded evidence of regular testing? (V)? # Are walk-rounds of the entire system carried out regularly, recorded and are the staff conducting the rounds aware of their duties? (V)? # Is communication equipment, listed in the Record of Equipment attached to the Safety Radio Certificate or Safety Certificate (Form R or Form C), in good condition and has the GMDSS Logbook (the Radio Log) been maintained correctly and are daily, weekly and monthly tests being carried out? (V)? # Is the emergency equipment tested, in good condition and the result recorded? (V)?"
5116,Operation/maintenance,"This is broad, possibly meaning the crew’s ability to operate and maintain GMDSS properly. If PSC finds, e.g., the officers don’t know how to do a DSC test or haven’t done routine maintenance (no recent battery specific gravity checks, etc.), they may issue an ISM-related deficiency. It reflects training and SMS issues. Score ~5 – if gear still works, it’s moderate, but it could escalate if evidence of neglect (like corroded antenna, etc.).",Operation/maintenance: ensure all radio equipment is maintained in accordance with SOLAS requirements; keep evidence of shore‑based maintenance or duplication; verify annual test reports for EPIRBs and other equipment; schedule regular operational tests and training; rectify any malfunctioning equipment promptlyfile:///home/oai/share/gmdss_pages/page-1.png.,Marine Order 504 changes; NCP 2024-25: Disabled vessels & maintenance – focus on planned maintenance and emergency preparedness,"Ensure the Safety Management System (SMS) includes planned maintenance for critical systems, emergency preparedness for vessel disablement, and crew training/familiarisation in maintenance and response.",,,,Operating condition of VRCS and important spares?,"Have operational checks on navigational equipment been done and are checklists being effectively completed when preparing for sea and prior to port entry? (V)? # Is the operation and maintenance of the breathing apparatus air recharging system (where fitted) incorporated in the ship’s safety management manual, and has the annual air quality check for breathing apparatus air recharging systems been carried out? (V & M)? # Does the SMS include procedures for regular inspection of cargo holds, ballast tanks, void spaces, trunks, duct keel and cofferdams by the ship’s personnel and are records maintained? (V)? # Are system safety valves in good order and officers aware of the requirements? # Are procedures for safe lashing and securing operations incorporated in the ship’s SMS? # Are procedures for safe lashing and securing operations of containers being incorporated in the ship’s SMS? (V)? # Are the ship’s grabs being maintained as per manufacturer recommendation and have the maintenance requirements been incorporated in the PMS? (V)? # Is the telephone system provided for communication between driver’s cab, electrical control room, hatch cover control station and deck level in good order and is there evidence of regular testing and maintenance? (V)? # Are adequate engineering procedures, instructions and guidelines included in the SMS? (V)? # Is an effective and up to date planned maintenance system available and being followed on board the vessel? (V & M)?"
5118,Operation of GMDSS equipment,"(No 05117 listed; 05118 likely covers use of equipment in an actual scenario). If PSC observes the crew during a drill and they cannot properly send a distress alert or use GMDSS functions, it’s a serious failing. They might cite this to indicate that in an emergency, the crew might not be able to communicate – an ISM issue. They would likely detain for crew re-training or require a dedicated GMDSS operator. Score 7 – safety of life at sea depends on proficient use of distress equipment.","Operation of GMDSS equipment: ensure that the required number of GMDSS radio operators are on board and hold valid certificates; provide familiarisation and ongoing training so operators can perform DSC distress alerts, routine calls, and cancellations; maintain radio watchkeeping and update logs; ensure energy supply and equipment readinessfile:///home/oai/share/gmdss_pages/page-2.png.",,,,,,,"Are deck officers familiar with the procedure to preserve the VDR data in the event of an incident and is there a company policy within the SMS relating to the playback of VDR data? (V)? # Are the crew familiar with the helicopter operation at sea, and are records available to show that the proper communication, shipboard helicopter safety checklist and specific risk assessment conducted prior to helicopter operation? (V)? # Is there a procedure for communication failure during LNG bunkering operation and are crew familiar with such a procedure? # Are system safety valves in good order and officers aware of the requirements? # Have personnel engaged in operation of the self-unloading system been provided with relevant training and familiarisation? (V)? # Are the officers and ratings aware of the location of the emergency stop devices; are the emergency stop devices in good order and is there recorded evidence of regular testing? (V)? # Are officers familiar with emergency hatch cover operation arrangements and is there evidence of effective training of personnel available on board? (V)? # Is the emergency pump for the operation of the crane maintained in good condition, are crew familiar with their duties in the using the emergency pump and are emergency drills being carried out? (V)? # Are deck officers familiar with the function and use of the Ship Security Alert System and is the Ship Security Alert System being tested regularly? (V)? # Are procedures in place to safeguard the operation of critical equipment in sub-freezing temperatures? (V)?"
5199,Other (radio communication),"Any other radio-related deficiency. Could range from antenna damage (which could be severe if it disables comms) to missing posters. The default is moderate severity, but if the issue impacts distress communication, it would be handled with high urgency. PSC will evaluate; for example, a broken MF/HF antenna wire would practically cripple long-range radio – that “other” would be treated like a major equipment failure (score would then be high).","For other radio communication equipment, ensure compliance with relevant SOLAS chapters; maintain all equipment in good working order, hold appropriate certificates, and provide training and procedures for crew; rectify any malfunctioning equipment and record tests in the radio logfile:///home/oai/share/gmdss_pages/page-2.png.",,,,,,,Has a qualified person other than the master been designated to handle distress and safety radio communication? (V)?
6,Cargo operations including equipment,,,,,,,,Cargo p/p trips and remote stops? # Is the Register of Cargo Machinery and Lifting Gear completed and up to date?,Has appropriate information about the cargo and its characteristics been provided to the master prior to loading? (V)? # Is an adequate record of all cargo operation activities maintained during loading and unloading? (V)? # Have details of cargo care during the voyage been adequately recorded? (V)? # Are procedures in place for entering any cargo holds sealed for fumigation in transit? (V)? # Is there a procedure for suppression of dust during cargo operations? (V)?
6101,Cargo securing manual,"(SOLAS VI Reg.5) The ship must have an approved Cargo Securing Manual (CSM) and use it to properly secure cargo (especially for containers, vehicles, etc.). If it’s missing or not followed, cargo might be inadequately lashed, leading to shift or loss overboard in rough seas. PSC will not detain solely for a missing manual if the cargo on board is well-secured and they can obtain the manual quickly, but it’s a clear compliance breach. If they also see poor lashing as a result of no manual, severity shoots up (they may then detain to restow/relash). Baseline 6 – important for safe voyage, though fixable by obtaining the manual from owner quickly.",,Cargo handling and stowage safety,"Review cargo packing, loading and stowage protocols; ensure compliance with international cargo handling and securing standards to prevent structural failures of cargo transport units",,,,,"Has the Master been provided with relevant ship handling training? (V)? # Does the SMS include procedures for regular inspection of cargo holds, ballast tanks, void spaces, trunks, duct keel and cofferdams by the ship’s personnel and are records maintained? (V)? # Is the vessel provided with vessel manager’s procedures and relevant publications for the safe carriage and handling of solid bulk cargoes? (V)? # Has the vessel been provided with procedures and contingencies regarding fumigation of cargo holds and are the master and chief officer familiar with the procedure? (V)? # Are procedures for safe lashing and securing operations incorporated in the ship’s SMS? # Is an approved ship-specific Cargo Securing Manual available and are officers thoroughly familiar with the contents of the manual? (V)? # Is if the vessel is a timber carrier, have up to date lashing plans for each stowage and securing arrangement been incorporated in the Cargo Securing Manual? (V)? # Is if the vessel is a timber carrier, has a lashing plan according to the ship’s Cargo Securing Manual been prepared? (V)? # Is there evidence to show that evaluation of forces acting on the cargo unit have been calculated, and correct cargo-securing devices are being used to secure the cargo to the ship? (V)? # Has the vessel been provided with procedures and contingencies with regards to fumigation of cargo holds and are the master and chief officer familiar with the procedure? (V)? # Are procedures for safe lashing and securing operations of containers being incorporated in the ship’s SMS? (V)? # Is an approved ship’s specific Cargo Securing Manual available, and are officers thoroughly familiar with the contents of the manual and is the lashing plan compatible with the design of the vessel? (V)? # Is there recorded evidence to show that the lashing pattern from the Cargo Securing Manual has been provided to the terminal and is the information for the lashing pattern posted at the ship’s access? (V)? # Is there documented evidence that lashings were tightened after departure once the lashings and containers settled in? (V)? # Is the vessel provided with a practical guide regarding the management of death at sea?"
6102,Grain,"(International Grain Code) If carrying bulk grain, the ship needs a Document of Authorization (indicating it can load grain to certain stability criteria) or must follow Grain Code rules for loading and have grain stability data on board. Absence of documentation or proof of grain stability calculations is very severe – shifting grain has capsized ships. PSC typically will not allow a grain-loaded vessel to sail without approved stability calculations (they might detain it in port and require proper trimming or installation of centerline shifting boards, etc.​classnk.com】. Score 8 – critical for stability; likely detention if not compliant.",,,,,,,,"Has the vessel manager provided policy statements and relevant publications for the safe carriage and handling of grain in bulk? (V)? # Has the grain cargo been examined and sampled during loading to ensure that the apparent conditions meet the requirements as described in the documentation and is there recorded evidence of regular monitoring where applicable? (V)? # Is the approved document of authorisation and grain stability booklet (Grain Loading Manual) provided? # Is if the document of authorisation was not provided, can the master demonstrate the compliance of the ship’s stability with the Grain Code? (V)? # Have cargo holds been grain or hospital cleaned, where applicable, and has a ship’s hold inspection certificate been issued by a 3rd party prior to loading grain? (V & M)? # Are officers familiar with the risk, hazard and carriage requirements of grain cargo on board the ship? (V)? # Is there evidence of a satisfactory grain stability calculation for the last voyage?"
6103,Other cargo - timber -deck/construction,"(Timber Deck Cargo Code) Carriage of timber on deck requires special fittings (like solid uprights, tensioned lashings, maybe increased freeboard). If PSC finds a ship carrying timber without proper uprights or lashings per its Timber Securing Manual, they will likely detain or at least stop it from sailing until it's rectified – shifting timber dramatically affects stability. Several accidents (like Pearl of Scandinavia",,,,,,,,"Are policy statements and relevant publications for the safe stowage, securing and handling of the cargo unit and timber available on board? (V)? # Is there evidence to show that samples of the timber cargoes are being weighed during loading and what is the actual weight compared to the weight stated by the shipper? (V)? # Is if the vessel is a timber carrier, have up to date lashing plans for each stowage and securing arrangement been incorporated in the Cargo Securing Manual? (V)? # Is if the vessel is a timber carrier, has a lashing plan according to the ship’s Cargo Securing Manual been prepared? (V)? # Is if the vessel is carrying timber deck cargo, are relevant regulations of the applicable Load-Line Convention for stowage and securing of timber as prescribed in the ship’s Cargo Securing Manual being followed? (V)? # Is if the vessel is carrying timber, are instructions for ballast water exchange operations for the intended voyage available in the Ballast Water Management Plan? (V)? # Can timber deck cargo be jettisoned into the sea in a controlled manner in an emergency? (V)?"
6104,Lashing material,"All cargo lashings (chains, straps, etc.) must be in good condition and appropriate for the load. Worn or insufficient lashing material can lead to cargo shift or loss. PSC will cite frayed belts or rusted chains and require replacements. It’s a moderate issue – usually easily fixed in port by grabbing spare lashings (so not typically detainable unless lack of proper lashings has already led to dangerously unsecured cargo).",,,,,,,"Check condition of Swivel, Sheaves, shackle, hook, safety latch and drum for cracks, abnormalities.? # Condition of mooring ropes/wires/tails? # Condition of anchor chain as visible?","Are there procedures for the removal of damaged lashing devices from service? (V)? # Is cargo on flat racks, where applicable properly secured? (V)? # Is an approved ship’s specific Cargo Securing Manual available, and are officers thoroughly familiar with the contents of the manual and is the lashing plan compatible with the design of the vessel? (V)? # Are there procedures for reporting and removal of damaged lashing devices from service and are there records to demonstrate that damaged lashing devices have been removed from service? (V)? # Is there recorded evidence to show that the lashing pattern from the Cargo Securing Manual has been provided to the terminal and is the information for the lashing pattern posted at the ship’s access? (V)? # Is there documented evidence of signing off completed lashing per bay and is all lashing gear used compatible with the lashing plan? (V)? # Is there documented evidence that lashings were tightened after departure once the lashings and containers settled in? (V)? # Is the condition of belts’ tension checked during cargo operations and is there evidence to show that the belt tension and alignment is inspected regularly for proper function? (V)? # Is if the hatch covers are supported by bearing pads, chocks, or support blocks, are they free from wear or damage? (V)?"
6105,Atmosphere testing instruments,"(SOLAS XI-1 Reg.7) Entry into enclosed cargo spaces (holds, tanks) requires a calibrated 4-gas detector as of 2015. Also, tankers must have instruments to test cargo tank atmosphere (oxygen, hydrocarbon) before entry or during inerting. If these devices are missing or inoperable, crew could unknowingly enter lethal atmospheres – a frequent cause of fataliti8】. PSC views this as a very serious crew safety hazard (and a MARPOL violation for tankers required to monitor inert gas levels). Detention is common if no functional multi-gas meter is on board.",,,,,,,"Condition of Cargo tank level gauging system - Remote ullaging, functioning of high level alarms, independent hi-hi level alarms, secondary means of venting (pressure sensors). ROB of spares? # Fixed Gas detection system? # Cargo tank pressure sensors (all should be operational) and spare sensors? # Calibration records of portable gas meters and UTIs and minimum spares available on board?","When was the date of the last recorded unannounced on-board group alcohol test? # Are portable gas detectors suitable for atmosphere testing of enclosed spaces provided; in good condition; calibrated in accordance with the manufacturer’s instructions, and are officers trained and competent with their operation? (V & M)? # Are the air pipes and sounding pipes in the cargo holds and void spaces in good condition? (V)? # Is there recorded evidence of regular calibration of thermometers, pressure gauges, the gas detection system and tank level gauges? # Are the dangers associated with oxygen depletion of cargo understood by officers and crew, and have reasonable precautions been taken during routine inspections of the cargo, when entering the holds and adjacent spaces? (V)? # Is if coal cargo is being carried, was the ship equipped with appropriate instruments for measuring the temperature of cargo, monitoring the atmosphere of the cargo hold and checking the pH value of cargo bilge sample? (V)? # Is an operation manual for the ventilation system in a ro-ro cargo space provided and do records on board verify that the air quality is tested? (V)? # Is the ro-ro ship fitted with an automatic system to control air quality in the cargo holds and are records of inspection, testing, calibration, and maintenance of the system being maintained? (V)?"
6106,Cargo transfer - Tankers,"Equipment used for cargo transfer on tankers (cargo pumps, valves, loading arms) must be reliable. If critical transfer equipment fails (e.g., a cargo pump that can’t stop, or a stuck cargo valve), it can cause spills or inability to control cargo flow. PSC will likely detain a tanker if it cannot safely load or discharge (for instance, emergency cargo pump inoperable, or vapor return system failing during loading). High-moderate severity: operations are halted until fixed due to pollution and safety risk.",,,,,,,"Cargo p/p trips and remote stops? # Condition of cargo manifold for tankers - drip tray, gratings, drain lines, pipe supports, manifold valves, thickness of manifold flange, condition of spare reducers? # Availability of emergency operating kit for hose handling crane for tankers?","Are the cargo hold bilge pumping systems and bilge arrangements appropriately set, in good order and tested? # Is the vessel free from any visible valve or pipeline leakage? # Is bunker transfer system hydrostatically tested to their Maximum Allowable Working Pressure (MAWP) on an annual basis and to 1.5 times their MAWP at least twice within any five years period? # Are save-alls fitted around all fuel, diesel, and lubricating oil tank vents; are they clean and empty, and is the drain plug secured with a strap chain to a save-all? (V)? # Are bunkering and oil transfer operations carefully planned and executed in accordance with procedures, and are details of the last operation available? (V)? # Has the LNG hose handling operation been carried out and supervised by trained personnel? # Is prevention of over-pressurization of the LNG transfer system in the event of activation of the ERS or the ESD documented in the LNG fuel-handing manual? # Are precautions to prevent electrostatic charge in the LNG bunker hose being taken and, have the minimum and maximum hose lengths and diameters that the hose support loading arm and/or hose saddles can support been documented in the LNG fuel-handing manual? # Is the tunnel-conveyor hydraulic system arrangement in good condition and free from oil leakage? (V)? # Is the lift conveyor in good order, free of corrosion, damage and leakage and is the spillage chute of the lift conveyor, where applicable, collecting the cargo spillage effectively? (V)? # Are the emergency stop switch, misalignment switch and speed switch for the boom conveyor and/or shuttle conveyor, where applicable, in good order and are the switches regularly inspected and the result recorded? (V)? # Is the boom conveyor in good order, free of corrosion, damage, and oil leakage? (V)? # Is the machinery of the cargo crane, including controls in the operator’s cab inspected, tested, and maintained as per manufacturer’s recommendations? (V)?"
6107,Cargo operation,"This code might be used if PSC finds unsafe cargo handling practices or procedural violations not covered elsewhere. For example, if a bulk carrier’s loading plan isn’t followed (risking structural damage), or a container ship not following IMDG segregation despite having the plan. It indicates an ISM failure in cargo handling. Severity moderate – could lead to detention if the observed practice poses immediate danger (like loading heavy cargo all to one side causing list). Otherwise, it results in an ISM observation to improve procedures.",,,,,,,,"Are the stresses, stability information and any limitations included in the cargo plan understood by the cargo watch officers, and are conditions being monitored and maintained within design limits throughout the cargo operation? (V)? # Is an adequate record of all cargo operation activities maintained during loading and unloading? (V)? # Has the sequence of the cargo plan been followed by the cargo-gate operators, and is the movement of the cargo-gate operators reported to the duty officer and is there evidence to confirm that movement of cargo-gate operators has been monitored to ensure compliance with the cargo plan? (V)?"
6108,Cargo density declaration,"Shippers must declare bulk cargo density (for loading calculations and tank top limits). If such information isn’t provided to the master, it’s a violation of SOLAS and IMSBC Code. Without it, loading could overstress the ship’s structure unknowingly. PSC will mostly treat this administratively (ensure the document is obtained before departure). It’s relatively low severity since masters usually demand this info; if it were actually missing, the vessel shouldn’t load until obtained.",,,,,,,,"Is a completed IMSBC/BLU Code ship/shore safety checklist for loading and unloading dry bulk carriers available and are the requirements of the checklist complied with? # Has appropriate information about the cargo and its characteristics been provided to the master prior to loading? (V)? # Is if the solid bulk cargo is not listed in the IMSBC Code, has the Master been provided with a certificate from the shipper, endorsed by the competent authority of the port, stating the characteristics of the cargo and the required conditions for carriage and handling? (V)? # Has appropriate information about the cargo and its characteristics been provided to the master or master’s representative prior to loading? (V & M)? # Has appropriate information about the cargo and its characteristics been provided to the master or master’s representative prior to loading? (V)? # Are pre-loading/acceptance procedures for the carriage of vehicles on board a ro-ro cargo ship incorporated in the SMS? (V)? # Has appropriate cargo information been provided to the vessel prior to loading? (V)? # Is the verified gross mass communicated in shipping documents sufficiently in advance to the master? (V)? # Is there recorded evidence to show that the pre-loading plan has been checked for ‘heavy’ container stacks? (V)?"
6199,Other (cargo),"Other cargo-related deficiencies not specifically listed. Could range from using improper cargo gear to poor cargo hold cleanliness for the next load. Average moderate importance. Actual severity will depend on the scenario – e.g., “Other” might be used if a heavy-lift wasn’t properly secured (which would be very high severity requiring immediate action), or something minor like absence of a cargo handling manual copy (low severity). We assign a middle value.",,,,,,,,
7,Fire safety,,,,,,,,,
7101,Fire prevention structural integrity,"Structural fire protection (insulation, fire-rated bulkheads and decks) must be intact. If fire insulation is missing/damaged or holes exist in fire-resisting divisions (from unauthorized penetrations or corrosion), fire and smoke can spread rapidly. PSC often finds missing fire insulation in engine rooms or cable transits not sealed. This is a significant deficiency – the ship can be detained if major fire boundaries (like engine room casing or accommodation decks) are compromised. Score 7 – requires prompt repair (re-insulation, sealing) to restore the fire integrity.",,,,,,,,
7102,Inert gas system,"(SOLAS II-2/Reg.5.5 & IGC) Tankers carrying crude oil or certain chemicals must have a working inert gas system (IG) to keep tank atmospheres non-flammable. If the IG system is inoperative, the tanker is effectively a floating bomb – a spark could cause a catastrophic explosion. PSC will detain a tanker immediately for a non-functional IG syst2】. This is one of the most severe safety issues for tankers, and such detentions are common if IG pressure or alarms fail. The vessel typically must cease cargo operations until IG is repaired or, if not fixable, offload cargo and not sail laden. Score 10.",,,,,,,Fixed deck water spray system for gas carriers and IGF code vessels? # Fixed gas detection system on IGF code vessels for Fuel Preparation Room on IGF Code vessels? # Auto operating condition of aux boiler and IG system (for tankers)?,
7103,"Division - decks, bulkheads and penetrations","Fire divisions (A-class decks/bulkheads) and the integrity of any cable pipe penetrations through them. If PSC finds, say, cable transits in engine room bulkheads that aren’t sealed with fire-resistant material, or fire doors that don’t meet division requirements, the fire boundary is compromised. They will require immediate sealing of penetrations (often using approved compounds). It’s a high severity issue – unsealed penetrations have led to fires spreading between compartments. The ship could be detained if numerous or major openings are unsealed.",,,,,,,Condition of fire line on deck & ER - any leakages/doublers/soft patches / temporary repairs?,Is a water curtain system provided for the ship’s sides in way of manifold and is the manifold tray arrangement adequate and free of any sharp edges?
7104,Main vertical zone,"On passenger ships, bulkheads dividing the ship into main vertical zones must limit fire spread. If an MVZ boundary (A-60 bulkhead, for example) is found breached or not up to standard (perhaps a fire door left out during modification or insulation damaged), a fire could traverse multiple zones. Given the potential for hundreds of lives at stake on a cruise ship, PSC treats this as very serious – likely detainable until rectified. Score 8.",,,,,,,,
7105,Fire doors/openings in fire-resisting divisions,"Self-closing fire doors in A-class divisions are often found tied open or not closing fully (due to paint, damage, etc.). This is one of the most common deficienci7】. A door wedged open can let fire and smoke spread. PSC will insist the practice stops (no door wedging) and that any faulty door closers be fixed. They may not detain for one bad door if others work (they often just get crew to start fixing it on the spot), but if many fire doors are inoperable, detention is possible under ISM. Score 6 given typical scenario (few doors issue). Crew usually correct it during inspection (e.g., remove wedges, demonstrate self-close).","Regularly inspect and maintain fire doors and openings in fire-resisting divisions; ensure they close and latch properly; replace damaged or inoperative doors; train crew on proper operation and document maintenancehttps://safety4sea.com/2024-paris-mou-annual-report/#:~:text=Looking%20at%20the%20,both%20in%20numbers%20and%20relatively",,,,,Fire safety remains a key deficiency category in the 2024 Paris MoU annual report – fire doors had high non-compliance rates,"Fire doors closing properly. No stoppers or hold-backs in place to keep doors open, (including those in the galley, store rooms, mess rooms)? # Fixed fire fighting system for paint store/Sample locker?","Are ventilation fire dampers clearly marked with open/close positions and space served and is there evidence of regular testing and maintenance? (V)? # Are cross-joint wedges and their wedge bridge (where fitted) in place, operational and effective? (V)? # Are self-closing sounding devices in good order and closed? (V)?"
7106,Fire detection,"The automatic fire detection system (smoke/heat detectors, fire alarm panel) is crucial for early warning. If it’s non-functional or zones are in fault, a fire might go undetected until it’s too late. PSC often tests the fire detection by triggering an alarm. Failure of the system or any major part of it (e.g., no alarms in engine room because detector circuit is broken) is a detainable item. They’ll require immediate repair because the ship is essentially “blind” to fir4】. Score 8. (If just a couple detectors are dirty and gave false alarms leading crew to turn off that zone – that is still very serious in PSC eyes; many detentions stem from disabled fire detection zones).",,,,,,,Fire detection & alarm system  condition of sensors/test record / test gas(should be non flammable type for tankers)?,Are records available to show that fixed fire detection and alarm systems have been tested at regular intervals and maintained in good condition? (V)?
7108,Ready availability of fire fighting equipment,"All firefighting appliances must be readily available and in working order (fire hoses rolled out or connected, extinguishers charged, hydrants accessible). Common issues: hydrants blocked by cargo, fire hoses missing or deteriorated, BA sets locked away not ready, etc. PSC writes this up frequently and will detain if, say, none of the fire hoses are usable or fire stations are buried under cargo – because in a fire, time lost accessing equipment can be fatal. Generally score 6 – easy to fix (clear the obstruction, replace a missing nozzle) but significant if widespread.",,,,,,,"Fixed fire fighting system for ER and pump room last tested/next testing due. If CO2 system, check validity of cylinder weightment and pressure testing dates ; check that flexible hoses for CO2 system have been renewed at 10 years interval.? # Portable fire extinguishers last tested and charged. Date of servicing/pressure testing should be valid.? # Condition of hoses and nozzles Samples Checked ? # Condition of SCBA compressor and equipment? # Pressure testing of fire hoses at random? # Random check of Fireman Suits and equipment, communication eqpt, safety posters, availability of LSA/FFA training manuals at common places? # Availability of emergency operating kit for hose handling crane for tankers?","Is welding and gas burning equipment in good order and properly stored? (V & M)? # Are fire mains and associated isolation valves, fire boxes, hoses, nozzles, applicators, and spanners regularly inspected and maintained and found to be in a satisfactory operating condition? (V & M)? # Are the fixed fire extinguishing systems (where fitted) inspected, tested and in good order? (V & M)? # Is the emergency fire pump being regularly tested, in good operational condition and are starting instructions clearly posted? (V)? # Are portable fire extinguishers being maintained in good order, and ready for immediate use in an emergency? (V)? # Are firemen’s outfits including their equipment and breathing apparatus in good condition and available for instant use? (V & M)? # Are necessary instruments (with spares) to determine the dew point provided, maintained in good condition and are there records of the calibration of such instruments? (V)? # Are portable fire extinguishers located around the gantry cranes and in good condition, and are they maintained regularly? (V)? # Is critical equipment identified and are a sufficient spare part available as per the manufacturers’ recommendations? (V & M)? # Is the emergency equipment tested, in good condition and the result recorded? (V)? # Is the following machinery/equipment, where applicable, in good order and well maintained? (V)? # Are procedures in place to safeguard the readiness of firefighting equipment in sub-freezing temperature? (V)?"
7109,Fixed fire extinguishing installation,"The fixed firefighting systems (e.g., CO₂ flooding system in engine room and cargo holds, Halon or foam systems) must be 100% operational. If PSC finds any indication it may not work – say, CO₂ bottles not correctly connected, or discharge piping heavily corroded, or crew can’t demonstrate the system within required time – it’s a major deficiency. A non-functional CO₂ system is a notorious detention item: an engine room fire without CO₂ backup can’t be controll4】. PSC often verifies the CO₂ room is properly locked/sealed and crew can release CO₂. If any part fails (e.g., a section of CO₂ didn’t discharge in test or someone left valves shut), detention is likely until fully fixed. Score 9.",,,,,,,"Fixed fire fighting system for ER and pump room last tested/next testing due. If CO2 system, check validity of cylinder weightment and pressure testing dates ; check that flexible hoses for CO2 system have been renewed at 10 years interval.? # Fixed fire fighting system for deck on tankers last tested/next testing due. If foam system, check foam type and analysis reports , level of compound in foam tank (reqd qty of foam compound as per calculations in Foam system manual to be displayed at tank. Level corresponding to this approved quantity to be marked on level gauge.? # Fixed fire fighting system for paint store/Sample locker? # Fixed Gas detection system?","Has a sample of foam compound, applicable to both fixed and portable systems, been sent for regular testing and is evidence of satisfactory results available? # Are records available to show that fixed fire detection and alarm systems have been tested at regular intervals and maintained in good condition? (V)? # Are the fixed fire extinguishing systems (where fitted) inspected, tested and in good order? (V & M)?"
7110,Fire fighting equipment and appliances,"This refers to portable and semi-portable firefighting equipment: fire hoses, nozzles, portable extinguishers, fireman’s outfits, fire axes, etc. PSC commonly finds, for example, missing or expired extinguishers, hoses so old they burst under pressure, or not enough fireman’s outfits. These deficiencies are high priority because if a fire starts, lacking any of these tools can cripple the response. For instance, if an engine room fire occurred and all fire hoses were rotten, the crew would be helpless – definitely detainable. Score 8 – typically a ship will be detained if multiple essential firefighting appliances are unserviceable (e.g., all SCBA air bottles empty or out-of-test, no functional fire hoses on a deck).",,,,,,,Portable fire extinguishers last tested and charged. Date of servicing/pressure testing should be valid.?,"Are fire mains and associated isolation valves, fire boxes, hoses, nozzles, applicators, and spanners regularly inspected and maintained and found to be in a satisfactory operating condition? (V & M)? # Are portable fire extinguishers being maintained in good order, and ready for immediate use in an emergency? (V)? # Are firemen’s outfits including their equipment and breathing apparatus in good condition and available for instant use? (V & M)? # Are portable fire extinguishers located around the gantry cranes and in good condition, and are they maintained regularly? (V)?"
7111,Personal equipment,"SOLAS requires at least two fire-fighter’s outfits (complete gear: protective clothing, SCBA, spare air, helmet, boots, etc.). Often PSC finds issues: missing gloves, SCBA sets not holding pressure, or only one set on board. Given that without proper gear, crew can’t safely attack a fire, this is a detainable deficiency. In fact, “fireman’s outfit not complete” is very often on detention lists. PSC will make the ship get the missing kit before departure. Score 8. (No functional SCBA = immediate detention, as it imperils fire response).",,,,,,,"Random check of Fireman Suits and equipment, communication eqpt, safety posters, availability of LSA/FFA training manuals at common places?",Has a PPE Matrix for use of personal protective equipment been provided and is it being worn as required? (V)? # Are firemen’s outfits including their equipment and breathing apparatus in good condition and available for instant use? (V & M)? # Are personnel provided with appropriate protective equipment suitable for sub- freezing temperature? (V)?
7112,Emergency escape breathing Device and disposition,"EEBDs (small air packs for escaping smoke-filled spaces) are required in machinery spaces and accommodations (quantity per crew size and layout). PSC checks their locations and expiration. If EEBDs are missing or not distributed per the Fire Plan (say, none in engine control room or too few in accommodations), that’s serious. In a smoke scenario, lack of EEBDs can lead to asphyxiation of crew trying to escape. PSC will require compliance (often detaining if all EEBDs in E/R are expired or if significantly undersupplied). We give 7.",,,,,,,"Condition and number of EEBDs. Service records availability. If replacecable type, validity of expiry date?","Are records available to show that emergency escape breathing devices (EEBDs) in the accommodation and engine room are being inspected, in good condition and are available for instant use? (V & M)?"
7113,Fire pumps and its pipes,"The main fire pumps (typically two engine-room pumps) and fire main piping must be capable of providing two powerful fire hoses. If one main fire pump is out of order and the other alone can’t meet demand (or if fire main piping is leaking such that pressure is low), the ship’s ability to fight even a small fire is compromised. PSC often tests fire pump pressure by having crew run hoses on deck. Insufficient pressure or inoperable pump = detention (unless emergency pump can cover, but that’s not for normal use). Many detentions cite “fire main incapable of delivering water to furthest hydrant.” Score 8 – high severity.",,,,,,,"Condition of main fire pumps/Emcy fire p/p. Pumps tried out? # Condition of fire line on deck & ER - any leakages/doublers/soft patches / temporary repairs? # Condition of fire line isolating valve. For tankers, condition of main deck line isolating valves? # Pressure testing of fire hoses at random? # Operating condition of Main Sea Water pumps / Boiler feed water pumps / ME associated pumps / FO supply/circulating pumps?",
7114,"Means of control (opening, pumps) Machinery spaces","This refers to remote shutoffs and controls to stop fuel pumps, ventilation fans, quick-closing valves on fuel lines, etc., from outside the space in case of a fire. If these don’t work (e.g., fuel quick-close valves are seized open, fan dampers don’t shut), then a machinery space fire cannot be starved of fuel or air – a dire situation that can lead to total loss. PSC places extreme importance on th8】; many detentions involve jammed quick-closing valves or vents that wouldn’t close. We score 9. A ship will typically be detained until, say, all quick-closing valves are overhauled and proven to shut, because a roaring engine room fire with fuel supply continuing is practically uncontrollable.",,,,,,,"Fire doors closing properly. No stoppers or hold-backs in place to keep doors open, (including those in the galley, store rooms, mess rooms)? # Quick closing valves & mechanism, check of operation.? # Functioning of Remote stops and funnel flaps (including remote stops for IGF Code vessels)? # Smart operation of Pump room blower flaps both at top and bottom of pump room.?","Are the Quick Closing Valves of the fuel system being regularly tested and in good order? (V)? # Are engine room emergency stops for ventilation fans and the closing mechanism of ventilation supply and exhaust ducts clearly marked, in working condition, and do records indicate that they have been regularly tested? (V)?"
7115,Fire-dampers,"Ventilation fire dampers in ducts must close to cut off airflow in a fire. PSC often finds dampers frozen due to rust or paint. Inability to close them means a fire, especially in engine room, will get constant oxygen and spread smoke throughout. It’s a serious deficiency; the crew is usually made to free up or replace dampers immediately. If many critical dampers are stuck, detention is likely. Score 8.",,,,,,,"Fire doors closing properly. No stoppers or hold-backs in place to keep doors open, (including those in the galley, store rooms, mess rooms)?",Are ventilation fire dampers clearly marked with open/close positions and space served and is there evidence of regular testing and maintenance? (V)? # Are means and procedures in place to safeguard the blockage of vent pipes in sub-freezing temperature? (V)?
7116,Ventilation,"This may refer to ventilation systems for spaces like galleys, paint lockers, etc., which might need fire dampers or fire-safe construction. For example, galley exhausts must be clean to prevent grease fires. PSC checks if ventilation systems themselves are not creating fire hazards (like an impromptu fan in a class A bulkhead without proper isolation). It’s moderately severe. For instance, a clogged galley vent flue is common and can lead to fire – PSC will demand cleaning but not detain unless it’s extreme.",,,,,,,,Are means and procedures in place to safeguard the blockage of vent pipes in sub-freezing temperature? (V)?
7117,Jacketed high pressure lines and oil leakage alarm,"(SOLAS II-2 Reg.4.2.2.5) Engines must have high-pressure fuel lines jacketed (to catch spray) and equipped with leak alarm systems because unjacketed high-pressure fuel sprays on hot surfaces have caused many engine room fires. If PSC finds missing spray shields on fuel pipes or inoperative oil mist/leak alarms, they see a ticking bomb. This is often a cause for detention or at least an MO (memorandum) requiring immediate f4】, because a single pinhole in an injector line could spray fuel that ignites. Score 9. PSC will insist all fuel line shields are in place and leak alarms functional before sailing.",,,,,,,Oil/water leaks from ME components?,"Are save-alls fitted around all fuel, diesel, and lubricating oil tank vents; are they clean and empty, and is the drain plug secured with a strap chain to a save-all? (V)? # Are the Quick Closing Valves of the fuel system being regularly tested and in good order? (V)? # Are high pressure fuel delivery pipes of diesel engines protected with a jacketed piping and alarm system, and is the alarm system being tested regularly and in good order? (V)? # Are LNG bunker lines being inerted immediately after completion of LNG bunkering and disconnection of hoses from the manifolds and before departure? # Are LNG fuel tanks protected by an independent LNG tank level alarm device and is there recorded evidence to show that the device has been tested regularly? # Are engine exhausts and other hot surfaces effectively shielded against oil spray and are flanges and connections of flammable liquid pipelines adequately protected with guards and spray tape? (V)?"
7118,International shore-connection,"A standard shore fire connection allows shore fire services to pump water into the ship’s fire main. If the coupling (usually a small flange piece) is missing, the ship can’t easily accept shore water. It’s a minor item (cheap to replace) and doesn’t affect shipboard firefighting capability at sea. PSC will just instruct to get one. Score 3.",,,,,,,,Are the International Shore Connection fitting arrangements clearly marked and well maintained and are the crew aware of their location? (V)?
7120,Means of escape,"There must be two means of escape from engine rooms and other major spaces (typically two ladders, or a door plus an emergency escape hatch). If one is blocked or unusable, crew could be trapped by fire. PSC is very alert to locked or obstructed escape routes – e.g., an engine room escape trunk secured shut or used as storage is detainable under ISM/MLC (unsafe working conditions). They’ll demand immediate clearing. Many detentions cite “Means of escape not readily accessible” especially on cargo ships where e.g., a funnel door was locked. Score 8 – critical for crew survival in fire.",,Updated NSCV standards for visibility and accommodation,"Ensure compliance with updated NSCV Part C1: improve wheelhouse visibility, provide continuous safety rails on pilot vessels, clarify assembly station requirements, upgrade emergency escape signage and low-level lighting, enhance accommodation standards (noise levels, sanitation facilities, air quality, bunk sizes), and establish “no climb zones” to prevent children falling overboardhttps://www.amsa.gov.au/news-community/news-and-media-releases/updated-standard-wheelhouse-visibility-escape-accommodation",,,,,"Are the emergency escape routes clearly marked, free of obstruction and adequately lit? (V)?"
7121,Crew alarm,"Perhaps refers to the general alarm (already covered by 08101) or a dedicated ""crew-only alarm"" on some ships. Possibly an alarm to wake off-duty crew for emergencies (in some UMS ships, engineer’s alarm). Since general alarm is separately listed, 07121 might not be common. If it meant the crew call alarm in machinery spaces, that’s more in 08105. So, likely a low-rated item or duplicate. We assign 5 for completeness.",,,,,,,,"Is if an engine room dead man alarm (personnel alarm) is provided, is it being set correctly and in good order? (V)?"
7122,Fire control plan,"(SOLAS II-2 Reg.15.2.4) The ship’s Fire Control Plan (diagram of fire stations, detectors, vents, etc.) must be posted and updated. If missing or outdated, shore firefighters and crew may lack critical info in an emergency. PSC typically checks it in port. If it’s not posted or reflects an old layout, they’ll require correction. It’s moderately important – likely not a detention cause alone, but definitely to be fixed before departure (some port states might delay sailing for it because it’s a SOLAS requirement to have one onboard).",,,,,,,,"Has the vessel been provided with ship-specific fire safety and SOLAS training manuals and operational booklets? (V)? # Is an up-to-date muster list with ship specific emergency instructions displayed? (V)? # Was the vessel provided with contingency plans for dealing with emergencies? # Has the Voyage Safety Plan (VSP), including the checklist for fumigation during the voyage, been discussed with and signed by the master prior to sailing to the discharge port? (V)? # Is the vessel is provided with guidelines for ‘the prevention, early detection and suppression of fire in the cargo conveyor tunnel’ and are the crew familiar with the guidelines? (V)?"
7123,Operation of Fire protection systems,"If PSC observes that crew cannot operate critical fire systems (e.g., they don’t know how to release the CO₂, or they fail to start the emergency fire pump promptl4】, that’s an operational readiness failure. This code suggests the crew’s handling of systems was unsatisfactory. It’s effectively an ISM failure and PSC will often detain for retraining if, say, engineers didn’t know how to activate machinery space CO₂ or use fixed foam on deck. Score 8 – because inability to operate systems renders them useless.",,,,,,,,Are procedures in place to safeguard the readiness of firefighting equipment in sub-freezing temperature? (V)?
7124,Maintenance of Fire protection systems,"PSC looks at maintenance records for things like annual servicer inspection of extinguishers, 2-yearly servicer check of SCBA air bottles, etc. If there is evidence of poor maintenance (e.g., last service dates long overdue, fire pump not overhauled in ages, detection system never serviced), they cite this as an ISM issue. It indicates other problems may lurk. Score 7 – while not an immediate physical defect itself, it correlates with actual deficiencies and is taken seriously under ISM.",,,,,,,"Any major surveys / CSM items due next 3 months. If any overdue, to be dealt with immediately? # Review of last Internal Audit/PSC/FSI/Vetting Reports. Any remarks/observations outstanding? If closed, is the closure effective? # Record of potable water testing? # Fixed fire fighting system for ER and pump room last tested/next testing due. If CO2 system, check validity of cylinder weightment and pressure testing dates ; check that flexible hoses for CO2 system have been renewed at 10 years interval.? # Portable fire extinguishers last tested and charged. Date of servicing/pressure testing should be valid.? # Condition of main fire pumps/Emcy fire p/p. Pumps tried out? # Condition of hoses and nozzles Samples Checked ? # Condition of fire line on deck & ER - any leakages/doublers/soft patches / temporary repairs? # Condition of SCBA compressor and equipment? # Review of survey statements for prior damages and reports? # Condition of PV valves and maintenance/testing records? # General inspection of Lighting, Light fittings, Emergency lights, stub pipes & cable glands? # Last 2 Shore service reports of all LSA/FFA euipment. Any concerns identified. Pressure testing record of extinguishers/CO2 bottles? # Check of records of Saturday Routines/ Monthly / Quarterly Routines of Safety / Pollution Prevention Equipment. Any concerns here to be immediately attended? # Random check of Fireman Suits and equipment, communication eqpt, safety posters, availability of LSA/FFA training manuals at common places? # Ops/maintenance records of system. Effluent test records.? # Review of coating condition as per maintenance records? # Review of piping system/valve integrity as per maintenance records.? # Operating condition and running hours/day of Main Air Compressor? # Operating condition of Accom AC system and prov refrigeration system? # Review of PMS for ME / AE / Aux Boiler/ SW pumps / Purifiers/ Main Air Compressors/Cranes?","Are there records indicating that routine tests and checks of bridge equipment are being undertaken regularly? (V)? # Are Water Ingress Detector System(WIDS) and alarms maintained in good condition and are the records of tests being maintained? (V & M)? # Is welding and gas burning equipment in good order and properly stored? (V & M)? # Are fire mains and associated isolation valves, fire boxes, hoses, nozzles, applicators, and spanners regularly inspected and maintained and found to be in a satisfactory operating condition? (V & M)? # Are records available to show that fixed fire detection and alarm systems have been tested at regular intervals and maintained in good condition? (V)? # Are the fixed fire extinguishing systems (where fitted) inspected, tested and in good order? (V & M)? # Is the emergency fire pump being regularly tested, in good operational condition and are starting instructions clearly posted? (V)? # Are ventilation fire dampers clearly marked with open/close positions and space served and is there evidence of regular testing and maintenance? (V)? # Are the ballast valves in good order and being maintained? # Are the Quick Closing Valves of the fuel system being regularly tested and in good order? (V)? # Is the emergency shutdown system in good order and is there recorded evidence of regular testing? # Are the master’s appointed representatives for fumigation trained and is there evidence to show that they have been effectively performing duties associated with this task? (V)? # Have pre-fumigation and post fumigation statements been provided to the master by the fumigator-in-charge? (V)? # Are records maintained of fumigation operations? (V)? # Are there procedures for the removal of damaged lashing devices from service? (V)? # Are necessary instruments (with spares) to determine the dew points provided, maintained in good condition and are there records of calibration of such instrument? (V)? # Are there procedures for reporting and removal of damaged lashing devices from service and are there records to demonstrate that damaged lashing devices have been removed from service? (V)? # Is the belt cleaning system/scrapper in good order and maintained as per manufacturer recommendation and is there evidence to show that the belt cleaners have been inspected regularly for proper function? (V)? # Is the vibrator system in good order and is there recorded evidence of regular inspection as per manufacturer recommendations? (V)? # Are adequate procedures in place for carrying out hose and / or ultrasonic testing of hatch covers and is documented evidence of such testing available? (V)? # Are the side and cross-joint rubber seals in good condition? (V)? # Has a thorough examination and load test of lifting appliances been carried out and is the record of the test and examination being maintained properly? (V & M)? # Are portable fire extinguishers located around the gantry cranes and in good condition, and are they maintained regularly? (V)? # Is there evidence to show that regular maintenance has been conducted on the AC motors, electromechanical brake, gear reducer and the blower motors? (V)? # Are the major components of the main engine maintained as per manufacturer’s recommendations and records of periodic maintenance kept? (V)? # Are the major components of the auxiliary engines maintained as per manufacturer’s recommendations and records of periodic maintenance kept? (V)? # Are main engine bearing temperature monitors or crankcase oil mist detector(s) in good condition and regularly tested as per manufacturer instruction? (V)? # Are the self-closing valves and gauge glasses being maintained and in good order? (V)? # Is the engine room crane and other lifting gear regularly inspected, tested, and maintained? (V & M)? # Is the elevator, where fitted, inspected, tested and in good order? (V)?"
7125,Evaluation of crew performance (fire drills),"Similar to 04109 but explicitly referencing management’s evaluation of drills (an ISM element). PSC might use this to note that the company’s training regime failed because the crew’s fire drill performance was poor. It reinforces the seriousness of 04109; essentially an ISM-code catch for training shortcomings. Same severity (7) as we gave to fire drills, as it would typically accompany that deficiency.",,NCP 2024-25: Disabled vessels & emergency preparedness,Evaluate crew performance during fire/emergency drills; provide feedback and training to improve response; incorporate disabled vessel scenarios.,,,,,
7199,Other (fire safety),"Any other fire safety issue. Could be, for example, a missing fire safety operational booklet, or an unusual situation like multiple small deficiencies combined. Fire safety “other” will generally be treated as important by PSC. Assigning moderately high severity by default, with actual handling depending on specifics.",,,,,,,,
8,Alarms,,,,,,,,Calibration record of ER alarms/trips in PMS?,
8101,General alarm,"(SOLAS III) The general alarm must alert all crew/passengers of an emergency (audible throughout the ship). If it fails, crew might not muster in time. PSC often tests it; a nonfunctional general alarm is typically detainable (ship cannot sail with no general alarm) – it’s fundamental to emergency response. Workarounds (like shouting or portable alarms) are not acceptable long-term. Score 9.",,,,,,,,"Is if an engine room dead man alarm (personnel alarm) is provided, is it being set correctly and in good order? (V)?"
8102,Emergency signal,"This likely is the same as general alarm or the “ship’s whistle” (for abandon ship signal). In some contexts, “Emergency signal” could mean the sound signals (whistle) for muster. If the whistle or alarm for abandon ship is not working, it’s equally serious (crew/passengers won’t know when to abandon). So we also assign 9. (On passenger ships, different alarms for “crew alert” vs “passenger alert” exist – either way, failure is critical.)",,,,,,,,
8103,Fire alarm,"This refers to the internal alarm that sounds when the automatic fire detection system triggers. If that audible alarm (e.g., bells/sirens in spaces) isn’t working, even if detectors sense a fire, people won’t be alerted to evacuate or fight it. The detection panel might show it, but crew in vicinity need the alarm sound. PSC would treat this similarly to general alarm – if parts of the fire alarm system don’t sound, they’ll likely detain until fixed or enforce a fire patrol. Score 8.",,,,,,,,
8104,Steering-gear alarm,"On the bridge, an alarm should sound if the steering gear fails (e.g., lost hydraulic pressure or power). If this alarm is broken, a steering failure might go unnoticed until the ship doesn’t respond to helm – by then it could be in a dangerous situation. However, an attentive helmsman can notice loss of rudder control quickly even without the alarm. PSC will want it repaired but likely won’t detain if manual checks are in place (just require fix soon). Moderate importance.",,,,,,,"Steering gear and associated machinery - telemotor controls ; rudder angle indicator, Gyro repeater, communication with Navigation console, hydraulic oil leaks , system alarms and trips, emergency steering arrangement.?","Is was the Bridge Navigational Watch Alarm System operational when the ship was underway and at anchor, and required tests conducted and recorded accordingly? (V)? # Is the emergency reserve tank of the steering gear system fully charged? (V)? # Is a heading indicator and communication system provided in the steering gear room and are they in good order? (V)? # Is the steering gear compartment clear of obstructions and loos equipment properly secured? (V)? # Are suitable handrails, gratings or other non-slip surfaces provided for the steering gear compartment? (V)?"
8105,Engineer's alarm,"In UMS (unattended engine room) operation, an alarm in engineers’ quarters (buzzer) sounds to alert engineers if something goes wrong at night. If it’s not working, an engineer might not wake up for an engine alarm – meaning a machinery failure or fire could escalate. PSC (especially USCG) cares about this: they might require the ship to revert to manned engine watches (no UMS) until fix6】. Not typically a detention if manning can compensate, but a significant inconvenience. Score 5.",,,,,,,,"Is if an engine room dead man alarm (personnel alarm) is provided, is it being set correctly and in good order? (V)? # Is an engineer’s calling alarm system fitted and is it tested regularly, in good order and the results recorded? (V)?"
8106,Inert gas alarm,"Tankers have alarms for inert gas system failures (like low pressure or high oxygen in tank). If those alarms don’t function, the crew could be unaware that tanks are losing inert condition, risking an explosion. PSC treats inert gas issues with highest severity (as per code 07102). A faulty IG alarm will likely result in detention or at least a stop to cargo operations until fixed, because it’s integral to preventing tanker explosio2】. Score 8.",,,,,,,"Fixed gas detection system on IGF code vessels for Fuel Preparation Room on IGF Code vessels? # Fire detection & alarm system  condition of sensors/test record / test gas(should be non flammable type for tankers)? # Condition of Cargo tank level gauging system - Remote ullaging, functioning of high level alarms, independent hi-hi level alarms, secondary means of venting (pressure sensors). ROB of spares? # Operating condition of Cargo Tank Overfill Alarm System? # Auto operating condition of aux boiler and IG system (for tankers)?","Are high pressure fuel delivery pipes of diesel engines protected with a jacketed piping and alarm system, and is the alarm system being tested regularly and in good order? (V)? # Is the LNG bunkering operator control panel fitted with an earth indicator light to indicate the faulty circuits and is the control panel free of any faulty earth indication during LNG bunkering? # Are LNG fuel tanks protected by an independent LNG tank level alarm device and is there recorded evidence to show that the device has been tested regularly?"
8107,Machinery controls alarm,"This could mean alarms for machineries outside main engine, such as controllable pitch propeller failure, engine room monitoring system alarms in general. If the integrated machinery alarm console has issues, engineers might not be alerted to, say, lube oil pressure drop. If it’s UMS, see above engineer’s alarm; if manned, they have direct gauges too. PSC will require it fixed and possibly require manned operation in interim. Score 6.",,,,,,,,"Is an engineer’s calling alarm system fitted and is it tested regularly, in good order and the results recorded? (V)? # Are main engine bearing temperature monitors or crankcase oil mist detector(s) in good condition and regularly tested as per manufacturer instruction? (V)?"
8108,UMS-alarms,"Specifically alarms required for Unattended Machinery Space operations (like all machinery faults, fire, flooding alarms that should annunciate in ECR and engineers’ quarters). If the central UMS alarm system is impaired, the ship effectively cannot operate in UMS mode safely. PSC will generally require it to revert to manned 24/7 watches (or detain in port if crew size inadequate for that) until alarm system is restor6】. Score 6.",,,,,,,Calibration record of ER alarms/trips in PMS?,"Is if the vessel has been certified for periodically unattended machinery spaces (UMS), is the machinery space being operated in that mode? (V)? # Is if the engine room is not being operated in UMS mode, are there sufficient engineers and crew on board for safe operation of the machinery space? (V)? # Have the entry requirements to the engine room when operating in UMS mode been documented, posted at the entrance to the engine room and understood by all crew? (V)? # Is an engineer’s calling alarm system fitted and is it tested regularly, in good order and the results recorded? (V)?"
8109,Boiler-alarm,"Boilers have critical alarms (like low water level, high pressure) to prevent explosions. If a ship’s oil-fired auxiliary boiler’s safety alarms aren’t working, the boiler could over-pressurize or run dry and explode – extremely dangerous. PSC would likely detain or demand the boiler be shut down (which could impair operations if that boiler supplies steam for cargo pumps or heating). Boiler explosions are catastrophic, so we give 7 – definitely needs immediate repair or usage stoppage.",,,,,,,Auto operating condition of aux boiler and IG system (for tankers)?,"Are high pressure fuel delivery pipes of diesel engines protected with a jacketed piping and alarm system, and is the alarm system being tested regularly and in good order? (V)?"
8110,Closing watertight doors alarm,"Watertight doors (esp. on passenger ships) have an audible alarm that sounds before they shut (to warn people to clear the way). If this alarm fails, someone could be caught and crushed by a door closing remotely. This is more a personnel safety issue than ship survivability. PSC will note and require it fixed – moderate-low severity. (Some authorities might consider it MLC-related to crew safety.)",,NCP 2024-25: Watertight integrity & maintenance,Test closing watertight door alarms; repair faulty alarms; ensure alarms activate when doors are left open; incorporate into routine maintenance.,,,,Cargo hold water ingress alarms - function test and records?,
8199,Other (alarms),"Any other alarm system not specifically listed (e.g., flood detection alarm in spaces, or cargo smoke alarms perhaps). Severity depends on what alarm it is. As a baseline, missing or broken alarms reduce safety margins, so moderate severity default. If it’s an alarm for a critical function, PSC will treat it as such (possibly detainable); if minor, then just require repair.",,,,,,,Calibration record of ER alarms/trips in PMS?,
9,Working and Living Conditions - Living conditions,,,,,,,,,
9101,Minimum age,"(MLC A1.1) Seafarers under 16 (or under 18 for night work/hazardous duties) are generally prohibited. If PSC finds an underage crew member, it’s a serious violation of international labor standards – effectively illegal child labor. The vessel will be detained until the situation is resolved (e.g., underage person repatriate9】. Such cases are rare but treated very strictly. Score 8.",,,,,,,,
9102,"Dirty, parasites","Living spaces must be clean and habitable. Infestation by rats, cockroaches, bedbugs (“parasites”) or extreme filth (rotten food, sewage spills in accommodation) poses health risks. PSC has detained ships for unsanitary accommodation on MLC grounds when conditions endanger crew health. If they find vermin or gross uncleanness, they will require professional cleaning/fumigati2】. We score 7 – besides health, it indicates neglect by company (possible ISM issues too).","Keep living quarters clean and free of pests; implement regular cleaning and pest control; ensure food storage and preparation areas meet hygiene standardshttps://safety4sea.com/2024-paris-mou-annual-report/#:~:text=Looking%20at%20the%20,both%20in%20numbers%20and%20relatively",,,,,Accommodation cleanliness and pest control deficiencies highlighted under MLC,"Cleanliness of individual cabins, including toilets?","Has a smoking policy been implemented; is it being followed and are designated smoking areas adequately identified? (V)? # Are the garbage storage and disposal facilities in a tidy and hygienic condition? # Has the master been provided with clear instructions regarding any fumigation, prior to arrival at the load port? (V)? # Are the master’s appointed representatives for fumigation trained and is there evidence to show that they have been effectively performing duties associated with this task? (V)? # Have pre-fumigation and post fumigation statements been provided to the master by the fumigator-in-charge? (V)? # Has the master informed the appropriate authorities of the country of destination about the fumigation? (V)? # Is the tunnel area clean free from refuse and is the overall standard of housekeeping satisfactory? (V)? # Are the accommodation spaces safe, provided to a respectable level of health and hygiene and regularly inspected, including checks of ventilation, noise, heating, lighting, and sanitation? (V)? # Is the vessel provided with adequate policies on mental health and mental disorders? (V)?"
9103,Ventilation (Accommodation),"Crew quarters ventilation (air conditioning or fans) must be adequate. In tropics, lack of ventilation can cause heat stress; in cold, dampness/mold. If ventilation is not functioning or insufficient (e.g., blown AC and no other airflow), PSC will cite it. Under MLC, accommodation should be “adequately ventilated.” It’s moderate – usually not detainable unless it’s extreme and crew are suffering acute issues. They’ll urge repair of HVAC. Score 5.",,Updated NSCV standards for visibility and accommodation,"Ensure compliance with updated NSCV Part C1: improve wheelhouse visibility, provide continuous safety rails on pilot vessels, clarify assembly station requirements, upgrade emergency escape signage and low-level lighting, enhance accommodation standards (noise levels, sanitation facilities, air quality, bunk sizes), and establish “no climb zones” to prevent children falling overboardhttps://www.amsa.gov.au/news-community/news-and-media-releases/updated-standard-wheelhouse-visibility-escape-accommodation",,,,Condition of accommodation vents / recirc flaps of AC system?,"Does the Air Handling Unit (AHU) maintain a comfortable temperature and is there recorded evidence of regular maintenance and cleaning of AHU available? (V)? # Does the vessel’s manager produce a guideline for under keel clearance and air draft clearance? # Is if the vessel has a duct keel, is the access, mechanical ventilator, and lighting adequate and is it free of water? (V)? # Are cargo hold ventilation systems being maintained in good condition? (V)? # Are the master and / or chief officer familiar with the rules for deciding to ventilate the cargo holds during the voyage? (V)? # Is ventilation of cargo holds, where required, being carried out and recorded? (V)? # Is an operation manual for the ventilation system in a ro-ro cargo space provided and do records on board verify that the air quality is tested? (V)? # Have the air conditioning intakes for the accommodation, the engine room and other spaces been set to prevent the possibility of drawing in fumigant gas? (V)? # Are master and/or chief officer familiar with the rules for deciding when to ventilate the cargo holds during the voyage? (V)? # Is ventilation of cargo holds being carried out and recorded? (V)? # Is the ventilation system of the tunnel area in order, and is there documented evidence to confirm that the ventilators are working to their operational capacity? (V)? # Are the vents and air pipes on weather decks maintained in good order and are they clearly marked to indicate the compartment they serve? (V)? # Are the accommodation spaces provided with adequate heating systems? (V)?"
9104,Heating,"In colder climates, accommodations must have heating. If a ship in winter has no heating and crew quarters are very cold, that’s a deficiency (risk of illness). PSC will note and insist on fix (portable heaters or repair) before sailing in cold regions. If ship stays in tropical zones, heating is less an issue. So severity depends on context; average 4.",,,,,,,Condition of Accomodation AC / heating? # Availability of normal temp/hot water at all decks?,Are personnel provided with appropriate protective equipment suitable for sub- freezing temperature? (V)? # Are the accommodation spaces provided with adequate heating systems? (V)?
9105,Noise,"Excessive noise in accommodation (engines, propeller, machinery noise) can cause long-term hearing damage and fatigue. MLC and IMO have guidelines on acceptable noise levels. Realistically, PSC doesn’t have noise meters typically, but could act if noise is obviously extreme (like crew cannot sleep due to noise). It’s minor in enforcement priority; they might suggest a class noise survey if crew complain. Low severity.",,Updated NSCV standards for visibility and accommodation,"Ensure compliance with updated NSCV Part C1: improve wheelhouse visibility, provide continuous safety rails on pilot vessels, clarify assembly station requirements, upgrade emergency escape signage and low-level lighting, enhance accommodation standards (noise levels, sanitation facilities, air quality, bunk sizes), and establish “no climb zones” to prevent children falling overboardhttps://www.amsa.gov.au/news-community/news-and-media-releases/updated-standard-wheelhouse-visibility-escape-accommodation",,,,,
9106,Sanitary facilities,"Sanitary facilities (toilets, showers, washbasins) must be in working order and adequate number. If toilets are all out of order or insufficient for crew, that’s both a health hazard and violation of MLC. PSC has detained ships where toilets were not functioning (e.g., all heads backed up) as it’s unsafe and undignified for cr2】. Score 6 – significant and must be fixed quickly (arrange shore use or repair).",,,,,,,Cleanliness of common toilets on various decks?,
9107,Drainage,"Deck drains and internal drainage in accommodations (sinks, showers) should be functioning to remove waste water. If constantly clogged, living spaces can flood or breed bacteria. Not usually a detention item unless it’s causing unsanitary conditions. PSC will note and require plumbing fixes. Low-moderate.",,,,,,,,
9108,Lighting (Accommodation),"Adequate lighting in cabins and messes is required (for comfort and to avoid accidents). If many lights are out and it’s very dim, it violates habitability standards. Easy to fix (change bulbs). Minor severity.",,Updated NSCV standards for visibility and accommodation,"Ensure compliance with updated NSCV Part C1: improve wheelhouse visibility, provide continuous safety rails on pilot vessels, clarify assembly station requirements, upgrade emergency escape signage and low-level lighting, enhance accommodation standards (noise levels, sanitation facilities, air quality, bunk sizes), and establish “no climb zones” to prevent children falling overboardhttps://www.amsa.gov.au/news-community/news-and-media-releases/updated-standard-wheelhouse-visibility-escape-accommodation",,,,"Housekeeping, Painting and Lighting?",Is the cosmetic appearance of the superstructure satisfactory? (V)?
9109,"Pipes, wires (insulation)","Exposed hot pipes or uninsulated wiring in living areas pose burns or electrical shock risks. For example, a steam pipe running through a cabin without lagging can burn crew; exposed electrical wires can electrocute or spark a fire. PSC takes safety hazards to crew seriously – these would violate MLC “safe accommodations” and possibly SOLAS (electrical standards). They’ll require insulation and proper enclosures immediately. Score 6.",,,,,,,,"Are the main, emergency switchboards and local starter panels surrounded by non- conducting mat and are the mats in good order? (V)?"
9110,Electrical devices,"This could refer to unsafe personal electrical appliances or ship-provided devices in cabins (improper adapters, space heaters causing fire hazard). If PSC sees, e.g., jury-rigged wiring to a hot plate in a cabin, they’ll cite it and likely have it removed. It’s moderate – addresses potential fire sources in living quarters.",,,,,,,,
9111,Sickbay,"Ships with >15 crew on long voyages must have a dedicated hospital/sickbay. If required and not present (or converted to other use), or if the sickbay is unhygienic/unusable, that’s an MLC violation. PSC will score it moderate – important for crew healthcare but not urgent unless someone is currently ill and can’t be cared for.","Maintain a clean, well-equipped sickbay; ensure availability of trained medical personnel; keep an up-to-date inventory of medicines and equipmenthttps://safety4sea.com/2024-paris-mou-annual-report/#:~:text=Looking%20at%20the%20,both%20in%20numbers%20and%20relatively",,,,,Sickbay and medical facilities deficiencies noted in 2024 report,,"Is if provided, is the ship’s hospital properly equipped, clean, hygienic and for medical use only? (V & M)?"
9112,Medical equipment,"The medical locker must contain medicines and first aid equipment as per IMO’s Medical First Aid Guide / flag requirements. If essential medicines are missing or expired (e.g., no antibiotics, no pain meds, no sutures), crew life could be at risk in emergencies with no treatment. PSC often checks the medicine inventory against the required list. A serious lack (say nothing to treat injuries, no stretcher) can lead to detention under MLC until restock2】. Score 7.","Keep required medical equipment onboard; store it properly; check expiry dates and replenish supplies; train crew on use of medical equipmenthttps://safety4sea.com/2024-paris-mou-annual-report/#:~:text=Looking%20at%20the%20,both%20in%20numbers%20and%20relatively",,,,,Medical equipment deficiencies under MLC,"Cleanliness of Hospital, Record and availability of medicines, condition of Medical oxygen and equipment. Test of call alarm.?","Is any special emergency equipment required by IMSBC on board(as applicable) and in a state of readiness during the cargo operation? (V)? # Is if refrigerated containers are carried, are sufficient spare parts available on board? (V)? # Is critical equipment identified and are a sufficient spare part available as per the manufacturers’ recommendations? (V & M)? # Is if provided, is the ship’s hospital properly equipped, clean, hygienic and for medical use only? (V & M)?"
9113,Access/structure,"Safe structural access in accommodation – for instance, stairs must have handrails, doors not dangerously low height (leading to head injuries). If PSC finds something like a ladder to bridge with broken rungs or a missing railing on a high catwalk in accommodation, they’ll cite it as unsafe. Needs quick fixing. Moderate.",,NCP 2024-25: Watertight integrity & maintenance,Maintain access and structure; ensure manholes and covers are watertight; check structures for corrosion and distortion; take corrective action when deficiencies are found.,,,,,"Are accommodation ladders and gangways maintained in good condition, marked clearly, and inspected regularly (V)? # Is the steel structure of girders and trolleys free of deformation? Are the access and service platforms of the gantry cranes, including vertical ladders, ladders cages, rungs, stations and platforms being maintained, free of corrosion and in good order? (V)?"
9114,Sleeping room,"Standards for crew bedrooms (size, number of occupants per cabin). If, say, more people are crammed in a cabin than allowed or room is too small per MLC, it’s a deficiency. Also, basic amenities (mattress, bedding) must be provided. PSC will note and require compliance (like reduce occupancy or refit cabin). Not immediately dangerous but affects welfare. Moderate-low.",,,,,,,,
9115,No direct openings into sleeping rooms cargo/mach.,"MLC and ILO conventions forbid that living quarters open directly into cargo spaces or machinery spaces (to avoid fumes, noise). If PSC finds a cabin door that opens into, say, a cargo hold or engine room (perhaps on a retrofitted ship), that’s a serious design flaw. It can expose crew to hazardous atmosphere (e.g., cargo vapors leaking in). They would likely detain until that opening is sealed or cabin relocated, because it’s a direct threat to crew health. Score 8.",,,,,,,,"Are the master and / or chief officer familiar with the rules for deciding to ventilate the cargo holds during the voyage? (V)? # Have the air conditioning intakes for the accommodation, the engine room and other spaces been set to prevent the possibility of drawing in fumigant gas? (V)? # Are master and/or chief officer familiar with the rules for deciding when to ventilate the cargo holds during the voyage? (V)?"
9116,Furnishings,"Crew cabins must have adequate furniture (bed, desk, locker). If furnishings are missing or in disrepair (no locker for clothes, etc.), it’s a minor MLC non-compliance. PSC will require providing those but it’s low severity.",,,,,,,"Cleanliness of individual cabins, including toilets?","Are galley appliances, audio-visual equipment, and other electrical equipment inside the accommodation in good order? (V)?"
9117,"Berth dimensions, etc.","Bunk size and arrangement must meet minimums. If bunks are too small or stacked more than 2 high without special exemption, it’s a technical violation. Not likely to cause detention; PSC notes it and owners eventually must rectify (especially on older ships that might not fully comply). Low severity.",,,,,,,,
9118,Clear head,"Accommodation headroom must be at least a certain height (e.g., 2 meters in cabins per MLC). If some areas have less (older ships might have narrow headroom), it’s a minor deficiency unless it’s egregious (crew constantly hitting heads). PSC usually would not detain for this on existing ships – it might be grandfathered or need addressing at next refit. Very low severity.",,,,,,,,
9119,Messroom (location),"The mess and recreational facilities should be located away from work areas (not in engine room, etc.). If the design is odd, PSC might note it, but unless it clearly violates MLC guidelines, it’s minor.",,,,,,,,
9120,Oil skin locker,"There should be a place (drying locker) for wet work clothing (oilskins) outside of sleeping rooms. If not provided, crew might have to dry wet gear in cabins, causing dampness. Minor issue; PSC might mention it if missing, but not a detention item.",,,,,,,SOPEP locker equipment adequate?,Are the stores located inside the accommodation and on the weather decks clean and tidy? (V)? # Are dryers inside the laundries clear of any build-up of lint? (V)?
9121,Laundry,"Crew must have access to laundry facilities (washing machine, etc.). If none or inadequate (say 20 crew and a single domestic washer that’s broken), it’s an inconvenience but also hygiene issue long-term. PSC will note it – moderate-low severity; requires fix but not urgent.",,,,,,,Housekeeping and painting?,Are there guidelines and procedures for hold cleaning in place (V)? # Are dryers inside the laundries clear of any build-up of lint? (V)?
9122,Record of inspection (Accommodation),"MLC requires the master or designated officer to inspect accommodation and catering facilities regularly (often weekly) and record the inspections. If no records, it suggests the ship isn’t monitoring living conditions. PSC will cite the lack of documentation (and possibly scrutinize conditions more). It’s a procedural MLC issue – moderate-low severity itself.",,,,,,,ODMCS operation/records. Review of ORB Part II entries? # Inspection Records?,"Are walk-rounds of the entire system carried out regularly, recorded and are the staff conducting the rounds aware of their duties? (V)? # Is the master/chief officer suitably trained in the inspection and maintenance of hatch covers? (V)?"
9124,"Galley, handlingroom (maintenance)","(Note: Code jump from .22 to .24 implies some codes reserved .23). The galley and food handling areas must be clean and well-maintained. PSC frequently checks for galley cleanliness, functioning cooking equipment, proper food storage (e.g., no flaking paint above food prep areas). If the galley is filthy or equipment like stoves or fridges are broken, it can cause food-borne illness or fire. They’ll require immediate deep cleaning or equipment repair. Score 5 – important for crew health; serious deficiencies here can contribute to MLC detentions if food safety is at risk.","Maintain galley and food-handling areas in a clean condition; ensure food handlers are trained in hygiene; store food properly to prevent contamination; record cleaning scheduleshttps://safety4sea.com/2024-paris-mou-annual-report/#:~:text=Looking%20at%20the%20,both%20in%20numbers%20and%20relatively",,,,,Galley and food-handling cleanliness deficiencies,"Housekeeping and hygiene in galley and common spaces in accommodation. Galley floor tiles in good condition, no leaking taps.? # Housekeeping and painting? # Housekeeping, Painting and Lighting?","Is the standard of housekeeping in the machinery space and steering gear room satisfactory and are they clean and free from obvious leaks? (V)? # Are galley appliances, audio-visual equipment, and other electrical equipment inside the accommodation in good order? (V)?"
9127,Cleanliness,"General cleanliness of accommodation and galley. If living spaces are very dirty (beyond just untidy – e.g., mold growth, garbage not emptied, floors grimy), that’s a health hazard and reflects poor management. PSC will give a deficiency and may require a thorough cleaning before departure (especially galley, provisions stores, toilets). If extreme (vermin, etc.), could detain on MLC grounds until clean2】. Score 6.","Implement regular cleaning routines for accommodation and sanitary facilities; ensure toilets and washrooms are clean and functional; maintain records of cleaning and maintenancehttps://safety4sea.com/2024-paris-mou-annual-report/#:~:text=Looking%20at%20the%20,both%20in%20numbers%20and%20relatively",,,,,Cleanliness issues in accommodation and sanitary facilities,"Housekeeping and hygiene in galley and common spaces in accommodation. Galley floor tiles in good condition, no leaking taps.? # Cleanliness of common toilets on various decks? # Cleanliness of individual cabins, including toilets? # Cleanliness of Hospital, Record and availability of medicines, condition of Medical oxygen and equipment. Test of call alarm.? # Housekeeping and painting? # Check of records of Saturday Routines/ Monthly / Quarterly Routines of Safety / Pollution Prevention Equipment. Any concerns here to be immediately attended? # Housekeeping, Painting and Lighting?","Has a smoking policy been implemented; is it being followed and are designated smoking areas adequately identified? (V)? # Are the garbage storage and disposal facilities in a tidy and hygienic condition? # Are there guidelines and procedures for hold cleaning in place (V)? # Is the vibrator system in good order and is there recorded evidence of regular inspection as per manufacturer recommendations? (V)? # Is the tunnel area clean free from refuse and is the overall standard of housekeeping satisfactory? (V)? # Are the stores located inside the accommodation and on the weather decks clean and tidy? (V)? # Are the accommodation spaces safe, provided to a respectable level of health and hygiene and regularly inspected, including checks of ventilation, noise, heating, lighting, and sanitation? (V)?"
9128,Provisions quantity,"(MLC Reg.3.2) Adequate food stores for voyage must be on board. If PSC calculates or observes that provisions are insufficient for number of crew and duration (or crew complain of food shortages), it’s detainable under MLC. Cases have occurred where PSC held ships in port until they took more food because starving crew is obviously unacceptable. Score 8 – directly affects crew survival and morale.",,,,,,,,Has the master been provided with a monthly welfare budget? (V)?
9129,Provisions quality,"Food quality (not spoiled, good nutritional value) is as important as quantity. If PSC finds spoiled meat in the freezer, perished vegetables, or crew raise issues of sub-standard food (e.g., insect-infested rice), they will act. They may detain or give the ship a short deadline to load fresh supplies before saili2】. This is high severity on welfare grounds – bad food can cause sickness and violates MLC.","Provide adequate quantities of quality food and drinking water, considering nutritional and cultural needs; inspect food quality and storage regularly; document provisioning practiceshttps://safety4sea.com/2024-paris-mou-annual-report/#:~:text=Looking%20at%20the%20,both%20in%20numbers%20and%20relatively",,,,,Quality of provisions deficiencies recorded under MLC,Condition of provisions/potable fresh water?,
9130,"Water, pipes, tanks","(MLC Reg.3.2) Potable water supply must be sufficient and safe. If freshwater tanks are contaminated (rust, algae) or the evaporation plant is not producing enough water, or if PSC tests water and finds it unsafe (bacteria), it’s very serious. Ships have been detained for not providing safe drinking water. The crew cannot survive without potable water – PSC will require immediate remedy (e.g., take water from shore, clean tanks) before departure. Score 8.",,,,,,,Condition of provisions/potable fresh water? # Record of potable water testing?,
9131,Cold room,"The cold storage room’s condition (structure) – e.g., if the insulation or door seals are damaged, the room may not stay cold. If it struggles to maintain temperature, food could spoil. PSC will cite if the freezer/fridge can’t keep things frozen – moderate severity, needs repair to avoid food loss (and then ties into provision quality).",,,,,,,,"Are the door seals, catches and alarm system of the refrigerated space in good order? (V)?"
9132,Cold room temperature,"PSC may check that the meat freezer is at or below -18°C and fridges ~4°C. If not (say freezer is -5°C only), food may be slowly spoiling. They will insist on fixing the refrigeration plant. It’s a moderate health issue – if outside safe ranges, could cause food poisoning.",,,,,,,,"Is there a procedure for monitoring the temperature of refrigerated containers and are records maintained? (V)? # Are the door seals, catches and alarm system of the refrigerated space in good order? (V)?"
9133,Cold room cleanliness,"The cleanliness of refrigerated stores: if there’s old spilled food, blood, etc., it can breed bacteria. PSC would require a cleaning. Important for hygiene but relatively easily fixed – score 4.",,,,,,,,
9134,Food personal hygiene,"Are cooks and galley staff following hygiene practices (hair nets, hand washing, etc.). PSC might not directly observe day-to-day, but they check if the cook has a health certificate in some ports and general galley practice. If very poor hygiene (e.g., no soap for handwashing in galley), it’s moderate – could cause crew illness.",,,,,,,,
9135,Food temperature,"Whether hot food is kept hot and cold food cold to prevent bacterial growth. PSC might note if, for example, the ship isn’t using a bain-marie to keep buffet food warm. It’s a minor point usually – they could advise better practice. Low severity unless clear risk (like cooked food left out for hours).",,,,,,,,Is there a procedure for monitoring the temperature of refrigerated containers and are records maintained? (V)?
9136,Food segregation,"Storing raw and cooked foods separately, and allergens separate, etc. If PSC sees raw meat stored above vegetables (dripping contamination), they’ll instruct correcting it. It’s a minor training issue. Score 3.",,,,,,,,
9137,Record of inspection,"MLC expects the master or designate to inspect provisions, galley, and record it (often weekly along with accommodation inspection). If records of these inspections aren’t present, it implies they might not be done (leading to issues like spoiled food going unnoticed). It’s a minor procedural deficiency.",,,,,,,"Condition and number of EEBDs. Service records availability. If replacecable type, validity of expiry date? # Review of survey statements for prior damages and reports? # Any visible dents? If yes, are they included in Class records? # ODMCS operation/records. Review of ORB Part II entries? # Random Check of chart correction status? # Inspection Records? # Note - Each category gives guidance on it's own score. Even though total score may be in above mentioned ranges, a low score in individual categories should drive an expanded inspection in those areas of concern.?",Are the master’s appointed representatives for fumigation trained and is there evidence to show that they have been effectively performing duties associated with this task? (V)? # Have pre-fumigation and post fumigation statements been provided to the master by the fumigator-in-charge? (V)? # Is the vibrator system in good order and is there recorded evidence of regular inspection as per manufacturer recommendations? (V)? # Has the master been provided with a monthly welfare budget? (V)?
9198,Other (crew and accommodation),"Other crew living condition issues not captured above – possibly things like lack of privacy, or no onboard recreational facilities, etc. Severity moderate by default; depends on specific issue.",,,,,,,,Are the ship’s staff provided with adequate recreation facilities on board the ship? (V)?
9199,Other (food),Other catering-related issues – perhaps missing catering crew qualifications or special dietary provisions not given. Generally moderate.,,,,,,,,
92,Working and Living Conditions - Working Conditions,,,,,,,,,
9201,Ventilation (Working spaces),"Ventilation in engine room, workshop, etc., must remove heat and fumes. If engine room ventilation fans are not working, temperatures can soar, risking heatstroke for engineers and even machinery overheating. PSC will cite and possibly require manned engine room with open doors (compromise that can introduce other hazards) or fix fans. Moderate severity – needs remedy for crew comfort and safety.",,Updated NSCV standards for visibility and accommodation,"Ensure compliance with updated NSCV Part C1: improve wheelhouse visibility, provide continuous safety rails on pilot vessels, clarify assembly station requirements, upgrade emergency escape signage and low-level lighting, enhance accommodation standards (noise levels, sanitation facilities, air quality, bunk sizes), and establish “no climb zones” to prevent children falling overboardhttps://www.amsa.gov.au/news-community/news-and-media-releases/updated-standard-wheelhouse-visibility-escape-accommodation",,,,Condition of accommodation vents / recirc flaps of AC system?,"Are purifier rooms and fuel and lubricating oil handling areas ventilated, free of oil leaks and clean? (V)? # Is ventilation of cargo holds, where required, being carried out and recorded? (V)? # Have the air conditioning intakes for the accommodation, the engine room and other spaces been set to prevent the possibility of drawing in fumigant gas? (V)? # Is ventilation of cargo holds being carried out and recorded? (V)? # Is the ventilation system of the tunnel area in order, and is there documented evidence to confirm that the ventilators are working to their operational capacity? (V)? # Are engine room emergency stops for ventilation fans and the closing mechanism of ventilation supply and exhaust ducts clearly marked, in working condition, and do records indicate that they have been regularly tested? (V)? # Are the protective guards, shields and emergency stop of the engine room workshop tools being maintained in good order? (V)?"
9202,Heating,"E.g., heating on the bridge in Arctic service or in deck workshops in cold weather. If inadequately heated, crew could suffer in cold, but usually personal protective clothing mitigates it. Minor in most cases.",,,,,,,Condition of Accomodation AC / heating? # Availability of normal temp/hot water at all decks?,Are personnel provided with appropriate protective equipment suitable for sub- freezing temperature? (V)? # Are the accommodation spaces provided with adequate heating systems? (V)?
9203,Lighting (Working spaces),"Poor lighting in engine rooms, cargo holds during work, or deck working areas at night can cause accidents (trips, falls, misreading gauges). PSC often notes if engine room lighting is very dim (many lights out). They’ll require replacing bulbs/fix circuits. Moderate severity – easily fixable but important for safety.",,Updated NSCV standards for visibility and accommodation,"Ensure compliance with updated NSCV Part C1: improve wheelhouse visibility, provide continuous safety rails on pilot vessels, clarify assembly station requirements, upgrade emergency escape signage and low-level lighting, enhance accommodation standards (noise levels, sanitation facilities, air quality, bunk sizes), and establish “no climb zones” to prevent children falling overboardhttps://www.amsa.gov.au/news-community/news-and-media-releases/updated-standard-wheelhouse-visibility-escape-accommodation",,,,"Condition of light fittings, ladders, portholes on accom decks?","Are the self-igniting lights of lifebuoys located in the hazardous area intrinsically safe? # Is all lighting around the bunker area Ex-rated and does it appear adequate to illuminate the bunker area? # Are light fittings in the tunnel conveyor Ex‘d’ rated and in good condition? (V)? # Are the boom conveyor and /or shuttle conveyor, where applicable, walkway lights and, floodlights in good working condition? (V)? # Is the lighting illumination level in engine room space adequate (V)? # Are portable and fixed cargo lights used for illumination of cargo holds inspected regularly and maintained in good condition? (V)? # Are the explosion-proof lights in paint lockers, acetylene stores or similar spaces in good condition? (V)?"
9204,Safe means of access,"A broad requirement that all areas crew must access (e.g., to handle cargo, go aloft, enter holds) have safe ladders, gangways, gratings, and are free of obstacles. If PSC sees crew climbing on improvised platforms or a missing section of catwalk with no guardrail, they respond strongly. Falls from height or into the sea are leading causes of maritime fatalities. For example, a gangway without a safety net or a broken pilot ladder step is often an immediate detention until fixed because it’s imminently dangerous. Score 8.",,,,"2025 Focused inspection campaign on pilot transfer arrangements highlighted deficiencies in ladder maintenance and rigginghttps://mfame.guru/tokyo-mou-raises-alarm-over-pilot-transfer-arrangement-safety/#:~:text=The%20Tokyo%20Memorandum%20of%20Understanding,pilot%20transfer%20arrangements%20on%20vessels.","Ensure safe means of access including pilot ladders are correctly rigged and secured; lock stanchions; train crew to identify and rig pilot ladders; carry out regular inspections and maintenance; replace damaged or non‑compliant laddershttps://mfame.guru/tokyo-mou-raises-alarm-over-pilot-transfer-arrangement-safety/#:~:text=Common%20Hazards%20in%20Pilot%20Transfer,Setups.",,"Condition of access ladders inside the cargo holds? # Condition of pipe supports, catwalk, ladders, gangways and net for same?","Is a safe means of access to the vessel being provided? (V)? # Are pilot ladders used for pilot transfer in good condition and inspected regularly, clearly identified with tags or with permanent marking and are maintenance records available? (V)? # Is if the vessel is provided with a helicopter operating area, does the area comply with the requirements of ICS guidelines, and is there a safe access from the hatch cover to deck? (V)? # Are the access points to cargo holds, ballast tanks, and void spaces including vertical ladders, spiral ladders, rungs, stations, and platforms being maintained and in good order? (V)? # Are the safety devices of gantry cranes in good order and is there recorded evidences of regular testing? (V)? # Is if the operator’s cabin of a gantry crane travels with the horizontal movement of a load, is the crane operator able to leave the cabin safely in case of power failure or another emergency? (V)? # Is if a platform has been provided on the top of the crane roof for helicopter winching operations, does the area comply with the requirements of ICS guidelines? (V)? # Is if the gantry crane is equipped with a pilot ladder hoist, is the system being by-passed and not in use? (V)? # Is the steel structure of girders and trolleys free of deformation? Are the access and service platforms of the gantry cranes, including vertical ladders, ladders cages, rungs, stations and platforms being maintained, free of corrosion and in good order? (V)?"
9205,Safe means of access shore - ship,"Specifically the ship’s gangway or accommodation ladder for port access. If it’s unsafe (broken steps, no safety net, too short, excessive angle), both crew and port visitors/pilots are in danger. PSC and port state authorities routinely detain ships for dangerously rigged gangways or will stop operations until corrected, as falls from gangways are unfortunately common. This is high severity – in many jurisdictions, a ship won’t be cleared if the boarding arrangement isn’t as per regulations. Score 8.",,,,"2025 Focused inspection campaign on pilot transfer arrangements highlighted deficiencies in ladder maintenance and rigginghttps://mfame.guru/tokyo-mou-raises-alarm-over-pilot-transfer-arrangement-safety/#:~:text=The%20Tokyo%20Memorandum%20of%20Understanding,pilot%20transfer%20arrangements%20on%20vessels.","Ensure safe access between shore and ship including pilot ladders and accommodation ladders; properly secure and rig ladders; lock stanchions; conduct regular inspections and crew training; replace any damaged or non‑compliant laddershttps://mfame.guru/tokyo-mou-raises-alarm-over-pilot-transfer-arrangement-safety/#:~:text=Common%20Hazards%20in%20Pilot%20Transfer,Setups.",,Condition of access ladders inside the cargo holds?,"Are the International Shore Connection fitting arrangements clearly marked and well maintained and are the crew aware of their location? (V)? # Is a safe means of access to the vessel being provided? (V)? # Are accommodation ladders and gangways maintained in good condition, marked clearly, and inspected regularly (V)? # Are pilot ladders used for pilot transfer in good condition and inspected regularly, clearly identified with tags or with permanent marking and are maintenance records available? (V)? # Is if the vessel is provided with a helicopter operating area, does the area comply with the requirements of ICS guidelines, and is there a safe access from the hatch cover to deck? (V)? # Has the vessel been provided with procedures for the safe operation of the gantry crane? (V)? # Are check lists in place and being used to cover the check before use, starting the crane and releasing the crane from sea stowage? Is a procedure in place for safe travelling of the gantry crane on deck and are crew familiar with the procedure? (V)? # Is if the gantry crane is equipped with a pilot ladder hoist, is the system being by-passed and not in use? (V)? # Is the whole mooring deck area marked with clearly visible signage and considered a danger? (V)? # Is access to the ship being controlled by an adequate deck watch? (V)? # Have preventive measures been taken by the master and crew during the stay in port and prior to departure to prevent stowaways? (V)?"
9206,"Safe means of access deck - hold/tank, etc.","Access into holds, cargo tanks, cofferdams, etc., must be via proper ladders and platforms. If a hold ladder is wasted or missing rungs, or no proper tank entry ladder is provided, crew could fall tens of feet. PSC will definitely require repair before those spaces are entered. If critical for cargo operations (e.g., no safe way to inspect hold), they might delay loading. Score 7.",,,,,,,"Condition of access ladders inside the cargo holds? # Condition of pipe supports, catwalk, ladders, gangways and net for same? # SOPEP locker equipment adequate?","Are the access points to cargo holds, ballast tanks, and void spaces including vertical ladders, spiral ladders, rungs, stations, and platforms being maintained and in good order? (V)? # Are the dangers associated with oxygen depletion of cargo understood by officers and crew, and have reasonable precautions been taken during routine inspections of the cargo, when entering the holds and adjacent spaces? (V)? # Are the dangers associated with oxygen depletion of grain cargo understood by officers and crew, and have reasonable precautions been taken during routine inspections of the cargo, when entering the holds and adjacent spaces? (V)? # Are officers aware of the strength limits of tank tops, tween decks, hatch covers and weather decks with regards to safe cargo stowage and is this information posted in the ship’s office/ ballast control room? (V)? # Are master and/or chief officer familiar with the rules for deciding when to ventilate the cargo holds during the voyage? (V)? # Are the ship’s crew aware of the safe operating requirements of tunnel conveyor watertight bulkhead doors and/or watertight doors in shuttle conveyor room, where applicable, and is a record of inspections and maintenance available on board? (V)? # Are boom dust cover, spill tray and telescopic chute arrangements, where applicable, adequate? (V)? # Is the lift conveyor in good order, free of corrosion, damage and leakage and is the spillage chute of the lift conveyor, where applicable, collecting the cargo spillage effectively? (V)? # Are the officers aware of the slewing/swing out limits of the boom conveyor/shuttle conveyor and is there recorded evidence of verification of function of slew/luff limit switch? (V)?"
9207,"Obstruction/slipping, etc.","Decks and workspaces should be free of obstructions and slip hazards. Oil spills, ropes on deck, ice, or clutter can cause accidents. PSC notes these hazards (e.g., “oxygen cylinders stored in escape route” or “oil on engine room plates”). Usually not a detention unless extremely unsafe (like whole decks are an obstacle course), but must be rectified immediately (clean the oil, tidy up). Moderate.",,,,,,,,"Are suitable containment arrangements in place around the hydraulic components of deck machinery? # Are the mooring ropes stowed clear of the deck and are mooring stations well lit, clean and free from oil leaks? (V)? # Is the whole mooring deck area marked with clearly visible signage and considered a danger? (V)? # Are suitable handrails, gratings or other non-slip surfaces provided for the steering gear compartment? (V)?"
9208,Protection machinery,"Machinery must have guards (rotating couplings, fan belts), and hot surfaces must be insulated (overlaps with 09109 for accommodation; here in work spaces). PSC frequently finds missing guards on engine rotating parts or exposed high-temperature exhausts. That’s a direct crew safety risk – people can be mangled or burned. They will likely detain or at least issue a condition that guard be installed immediately, because it’s a clear ISM failure (per SOLAS Ch II-1 and OSHA standards) when protective guards are abse4】. Score 6 (could be higher if multiple critical guards missing – might then be an ISM detention).",,,,,,,Review of PMS for ME / AE / Aux Boiler/ SW pumps / Purifiers/ Main Air Compressors/Cranes?,"Are procedures in place for the control of hot work, are they incorporated in the safety management system and is there documented evidence of compliance? # Is welding and gas burning equipment in good order and properly stored? (V & M)? # Are SMS guidelines for the mitigation of engine damage due to catalytic fines and other potentially injurious elements or containments in place and being followed? (V & M)? # Has the master been provided with clear instructions regarding any fumigation, prior to arrival at the load port? (V)? # Are the tunnel-conveyor emergency stop, speed switch, and belt misalignment switch in good order and inspected regularly? (V)? # Is there evidence to show that regular maintenance has been conducted on the AC motors, electromechanical brake, gear reducer and the blower motors? (V)? # Is critical equipment identified and are a sufficient spare part available as per the manufacturers’ recommendations? (V & M)? # Are engine exhausts and other hot surfaces effectively shielded against oil spray and are flanges and connections of flammable liquid pipelines adequately protected with guards and spray tape? (V)? # Is where moving machinery presents a hazard, is it guarded effectively? (V)? # Are the protective guards, shields and emergency stop of the engine room workshop tools being maintained in good order? (V)? # Are all spare parts and loose gear in the machinery spaces, stores and steering compartment properly secured? (V)? # Are procedures in place to safeguard the operation of critical equipment in sub-freezing temperatures? (V)? # Are procedures in place to safeguard the readiness of firefighting equipment in sub-freezing temperature? (V)?"
9209,Electrical,"Electrical safety in work areas: all electrical equipment should be properly maintained (no exposed live wires, grounding in place). If PSC sees, say, an open electrical panel with live busbars in the engine room, or portable electric tools not grounded, they’ll cite it. Risk of electrocution and electrical fires is high. Possibly detention if the condition is severe (e.g., main switchboard has exposed parts – definitely detain until fixed as it’s lethal). Average 6, with scope to 9 for really extreme cases.",,,,,,,"Check the condition of wires (no broken strands, kinks) and check that spare wire is available.? # Operating condition of AE (each must be able to take at least 80% of rated load)?","Is if refrigerated containers are carried, is the electric power supply permanently installed from the engine room and are the ship’s electrical distribution system and electric container sockets in good condition and undamaged? (V)? # Is all electric equipment including cable box, cable run and cable tray and shore interlock connection system on the boom conveyor in good order? (V)? # Is if the electric voltage power of vessel is greater than 1000 volts (high voltage), is staff suitably trained? (V)? # Are the main, emergency switchboards and local starter panels surrounded by non- conducting mat and are the mats in good order? (V)? # Is the earth fault monitoring equipment of the main and emergency switchboards operational and are they free of faults? (V)? # Is the condition of electrical equipment including switches, sockets, junction boxes, plugs, conduits and wiring on weather decks satisfactory? (V)?"
9210,Machinery,"General machinery condition: oil leaks, excessive vibration, temporary repairs. If PSC observes something like jerry-rigged machinery fixes (e.g., a flywheel held with makeshift clamps) or major leaks, they’ll involve class. It’s broad; often class handles it. We give 5 unless it clearly overlaps a more specific code (like quick-closing leak – then it’s covered under 07117).",,,,,,,Condition of SCBA compressor and equipment? # Condition of ER piping - leaks/soft patches/ temporary repairs? # Oil/water leaks from ME components? # Oil/water leaks from AE. Drip tray of each AE to be clean and well painted.? # Operating condition of heavy duty electrical motors? # Operating condition and running hours/day of Main Air Compressor?,"Is the tunnel-conveyor hydraulic system arrangement in good condition and free from oil leakage? (V)? # Is the boom conveyor in good order, free of corrosion, damage, and oil leakage? (V)? # Has the hydraulic oil of the gantry crane system been tested regularly for contamination and deterioration as per manufacturer recommendation? (V)? # Is the standard of housekeeping in the machinery space and steering gear room satisfactory and are they clean and free from obvious leaks? (V)? # Is the following machinery/equipment, where applicable, in good order and well maintained? (V)? # Is the pipe work in the machinery space, including but not limited to steam, fuel, lubricating oil, sewage, drain and air lines well maintained, in good condition and free of any temporary repair? (V)?"
9211,Steam pipes and pressure pipes,"All high-pressure steam and air pipes must be insulated (to prevent burns) and maintained (to prevent ruptures). Leaking steam is nearly invisible and can kill. PSC checking engine rooms will note missing insulation on steam lines (burn hazard) and any signs of leaks (hissing, etc.). If a steam line leak is detected, that’s an immediate detention until fixed (danger of explosion or serious burn). Even just missing lagging is serious – crew can get 3rd degree burns from touching a 400°F steam pipe. Score 7.",,,,,,,,Are main engine sea chests provided with steam heating systems and is a record of check available? (V)?
9212,Danger areas,"This might refer to marking of hazardous areas (like “danger – high voltage” by electrical panels, or delineating forklift lanes). If signage for dangerous areas is absent, it’s a minor issue but can contribute to accidents. PSC will recommend proper marking. Low-moderate.",,,,,,,,"Are hazardous areas marked with clearly visible warning signage and are the crew familiar with the special precautions and the risks for those areas? # Is the safety zone clearly marked and, have restrictions within the safety zone been enforced and followed?"
9213,Gas instruments,"Duplicating 06105 in effect: means portable gas detectors for enclosed space entry (oxygen meter, explosimeter) as well as fixed gas detection systems in certain spaces (pump rooms on tankers, CO₂ room, etc.). If these are missing or uncalibrated, it’s extremely dangerous – crew could walk into toxic or low-O₂ space and collapse (there have been numerous fatalities). PSC often detains ships that lack working gas detectors, citing it under both safety (SOLAS III and MLC) and health provisio8】. Score 8. (We gave 8 for 06105 as well).",,,,,,,Fixed Gas detection system? # Calibration records of portable gas meters and UTIs and minimum spares available on board?,"Are portable gas detectors suitable for atmosphere testing of enclosed spaces provided; in good condition; calibrated in accordance with the manufacturer’s instructions, and are officers trained and competent with their operation? (V & M)?"
9214,Emergency cleaning devices,"This likely refers to eyewash stations and safety showers in engine room or near chemical transfer areas. If a crew member gets acid or fuel on skin/eyes and no emergency shower/eyewash is available, injuries worsen. MARPOL and IBC Code require those in some areas (e.g., near acid chemical pump). PSC will note if, say, the eyewash is non-functional or shower corroded. They’ll require fix but may not detain unless dealing with really hazardous cargo with no shower. Moderate.",,,,,,,,Are there guidelines and procedures for hold cleaning in place (V)?
9216,Personal equipment,"Crew personal protective equipment: hard hats, safety shoes, harnesses for work aloft, protective gloves, etc. MLC and ISM require that PPE is provided and used. If PSC sees crew working cargo with no helmets, or no fall-arrest gear for work aloft, they cite unsafe practice. They might not detain (they typically stop the job until PPE is donned), but it flags company safety culture issues. Score 5 – important, though easily correctable by distributing gear.",,,,,,,"Random check of Fireman Suits and equipment, communication eqpt, safety posters, availability of LSA/FFA training manuals at common places?",Has a PPE Matrix for use of personal protective equipment been provided and is it being worn as required? (V)? # Are firemen’s outfits including their equipment and breathing apparatus in good condition and available for instant use? (V & M)? # Are personnel provided with appropriate protective equipment suitable for sub- freezing temperature? (V)?
9217,Warning notices,"Safety warning signs (e.g., “Danger – Moving Machinery” or “Use Ear Protection” in engine room) should be posted. If lacking, it’s minor – doesn’t physically stop an accident but is part of safety management. PSC will suggest posting appropriate warnings. Low severity.",,,,,,,,Are hazardous areas marked with clearly visible warning signage and are the crew familiar with the special precautions and the risks for those areas? # Are the visual and audible warning signals provided for gantry cranes in the deck area in good order and tested regularly? (V)?
9218,Protection machines/parts,"Overlaps with 09208; likely the same idea of machine guards. Possibly one code is for static protections (fencing off dangerous areas) and one for guards directly on machines. In any case, unprotected moving parts = severe hazard. We scored 6 before, and likewise here. PSC sometimes uses one code or the other; both highlight need for guarding.",,,,,,,"Random check of critical spares/essential spares ROB? # Note - Each category gives guidance on it's own score. Even though total score may be in above mentioned ranges, a low score in individual categories should drive an expanded inspection in those areas of concern.?","Is where moving machinery presents a hazard, is it guarded effectively? (V)?"
9219,"Pipes, wires (insulation)",Overlaps with 09109 and 09209: here specifically in working spaces context. Uninsulated hot pipes or uninsulated live electrical wiring in work areas. This is exactly the hazard we discussed: risk of burns/shocks. PSC will demand insulation be restored. Score 6.,,,,,,,,"Are the main, emergency switchboards and local starter panels surrounded by non- conducting mat and are the mats in good order? (V)?"
9220,Structural features (ship),"This is broad: might refer to ergonomic or structural design aspects that could cause accidents (like steep stairways with no non-slip treads, low beams not padded). If PSC finds a structural aspect that is inherently unsafe, they note it. E.g., if a ship has a razor-sharp coaming edge where crew frequently step – they’d suggest padding it. Moderate by itself.",,,,,,,,
9221,Entry dangerous spaces,"Similar to 09213/06105: ensuring safe entry procedures for dangerous spaces (enclosed spaces, ballast tanks). If PSC observes (or crew admit) that they don’t follow enclosed space entry procedures (no permit system, no ventilation or testing before entry), this is a major ISM failure and life-threatening practice. PSC will likely detain the vessel under ISM until proper procedures and training are in pla8】. Score 8 – extremely severe because multiple asphyxiation deaths have occurred due to poor practice.",,,,,,,,"Are enclosed space entry procedures defined, up to date and accurate in the safety management system, and is a specific list of enclosed spaces clearly defined on board ,and are the ship’s personnel familiar with the enclosed space entry procedures? (V)? # Is entry into and rescue from enclosed space training undertaken and are regular drills conducted? (V)?"
9223,"Gangway, accommodation-ladder",Duplicate of 09205 likely (perhaps one code is ILO reference and one IMO). We already rated gangway safety high (8). Same justification: unsafe gangway is a well-known immediate danger.,,,,,,,,"Are accommodation ladders and gangways maintained in good condition, marked clearly, and inspected regularly (V)?"
9224,Stowage of cargo,"If PSC sees cargo (especially breakbulk) not properly stowed or secured – e.g., heavy machinery on deck without lashing or containers not locked – they will act. Shifting cargo can capsize a ship or cause hull damage. They may detain the ship until cargo is re-stowed or secured properly. This is fairly common for heavy lift or project cargo ships arriving with inadequate lashing. Score 7 – high severity because immediate stability risk in bad weather.",,Cargo handling and stowage safety,"Review cargo packing, loading and stowage protocols; ensure compliance with international cargo handling and securing standards to prevent structural failures of cargo transport units",,,,,"Is cargo on flat racks, where applicable properly secured? (V)? # Are containers stowed in block stowage? (V)? # Has the vessel avoided loading of heavy containers over light or at the top of a stack in a deck stow? (V)?"
9225,Loading and unloading equipment,"Ship’s cargo gear (cranes, derricks, ramps) must be safe. If a cargo crane’s limit switches fail or a ramp’s securing mechanism is faulty, accidents (crane collapse or ramp failure) can occur. PSC or port state might detain or prohibit use of the equipment until repaired and tested. For example, if a ramp cannot be secured, a ro-ro can’t sail because the ramp also acts as a watertight door. Score 7 – critical for safe cargo ops and preventing accidents.",,,,,,,"Cargo p/p trips and remote stops? # Operate the crane and check the functioning of limit switches (Hoisting, Traverse/Slewing End limits)? # Availability of emergency operating kit for hose handling crane for tankers? # Is the Register of Cargo Machinery and Lifting Gear completed and up to date?","Is if refrigerated containers are carried, are sufficient spare parts available on board? (V)? # Are pre-loading/acceptance procedures for the carriage of vehicles on board a ro-ro cargo ship incorporated in the SMS? (V)? # Is the ro-ro cargo ship equipped with CCTV remote monitoring to monitor the vehicle decks? (V)? # Is the ro-ro cargo ship drainage system in good order, tested regularly and are effective measures in place to prevent blocking of drains? (V)? # Are procedures in place to carry out function and tightness testing of bow, inner, side shell, stern doors and main to lower deck cargo elevators of ro-ro cargo ships and is there evidence of regular testing? (V)? # Are vehicles on the ro-ro car decks safely stowed and secured? (V)? # Is there a sufficient quantity of reserve cargo- securing devices on board? (V)? # Is the vessel provided with operator’s procedures for safe operation of the self- unloading system? (V)? # Have personnel engaged in operation of the self-unloading system been provided with relevant training and familiarisation? (V)? # Are lights and warning devices of the self-unloading system regularly tested and the result recorded? (V)? # Is the lift conveyor in good order, free of corrosion, damage and leakage and is the spillage chute of the lift conveyor, where applicable, collecting the cargo spillage effectively? (V)? # Are the emergency stop switch, misalignment switch and speed switch for the boom conveyor and/or shuttle conveyor, where applicable, in good order and are the switches regularly inspected and the result recorded? (V)? # Is all electric equipment including cable box, cable run and cable tray and shore interlock connection system on the boom conveyor in good order? (V)? # Are the idlers and return rolls of the self-unloading system free from build-up material and are they rotating freely? (V)? # Are the hoist and luffing wires of cranes, where fitted, reported in good order and is there recorded evidence of regular inspection and maintenance? (V)? # Are the main structures, foundation structures and mountings of the cargo cranes free of apparent defect or damage? (V)? # Is the machinery of the cargo crane, including controls in the operator’s cab inspected, tested, and maintained as per manufacturer’s recommendations? (V)? # Are the loose gears of lifting appliances marked clearly and are the certificates of the loose gears available and traceable on board? (V)? # Has the vessel been provided with procedures for the safe operation of the gantry crane? (V)? # Is if gantry cranes are used for lifting hatch covers, are the hydraulic cylinders used for lifting the hatch covers free from leaks and are the hatch covers being marked correctly for precise positioning of the lifting beams and hooks where applicable? (V)? # Is the vessel provided with a specific isolation procedure for the gantry cranes? (V)? # Are the safety devices of gantry cranes in good order and is there recorded evidences of regular testing? (V)? # Are the main hoist overload protection and unbalance detection systems in good order and tested as per manufacturer’s recommendation? Are officers aware of the safe operation parameters of gantry cranes and is this information posted in the ship’s office/ ballast control room? (V)? # Is each gantry cranes provided with a storm locking arrangement and, does the arrangement appeared to be well maintained? (V)? # Are the gantry cranes electrically bonded and earthed to the vessel’s structure? (V)? # Are the mechanical brakes for the gantry crane motions in good order, tested regularly, and recorded? (V)? # Are the anti-collision and deceleration devices of the gantry cranes in good order and tested regularly, and are track wheels at the deck level fitted with foot guards? (V)? # Is if the operator’s cabin of a gantry crane travels with the horizontal movement of a load, is the crane operator able to leave the cabin safely in case of power failure or another emergency? (V)? # Are the driver’s cabs and local operating stations of the gantry cranes maintained in good condition? (V)? # Have a Crane Monitoring System and a port/crane performance logger been provided, are they in good condition and regularly monitored? Are faults recorded in the fault log, verified and fault-finding rectification procedures recorded appropriately? (V)? # Are the cranes’ transverse rail, rack, tooth-rack, travelling pinion and travelling wheel free of cracks, misalignment, and abnormal wear; and is there evidence of regular inspection and maintenance? (V)? # Is the engine room crane and other lifting gear regularly inspected, tested, and maintained? (V & M)?"
9226,Holds and tanks safety,"Safety of accessing and working in cargo holds/tanks: e.g., proper lighting, gas-free status, safe footing. If PSC notes, say, no fixed lighting in holds and crew using ad-hoc lights, they might cite it (especially if it could ignite fumes in tankers). Or if holds/tanks haven’t been cleaned of dangerous residues, etc. We give 6 – important to correct to ensure safe entry/maintenance.",,,,,,,,Are staff responsible for LNG bunkering aware of their responsibilities and actions to be taken in case of malfunction or emergency and are instructions and warning signs clearly posted on site for safe LNG bunkering operation? # Are portable and fixed cargo lights used for illumination of cargo holds inspected regularly and maintained in good condition? (V)?
9227,Ropes and wires,"This refers to the condition of mooring ropes and wires (and possibly towing wires, lifting slings, etc., but mooring lines are a known focus). Many mooring accidents happen due to parted lines. PSC often inspects mooring lines for wear. Heavily chafed or damaged lines = deficiency. They may detain a vessel in port until dangerously frayed mooring lines are replaced, as a parted line can snap-back and kill cr9】. Score 7 – mooring safety is a big deal; in extreme cases (multiple rotten lines), it’s unseaworthy for safe berthing.",,,,,,,"Check the condition of wires (no broken strands, kinks) and check that spare wire is available.? # Condition of mooring ropes/wires/tails?","Are the hoist and luffing wires of cranes, where fitted, reported in good order and is there recorded evidence of regular inspection and maintenance? (V)? # Does the vessel’s manager carry out regular safe mooring campaigns, learning from near misses and accidents related to mooring operations and are these shared with the fleet? (V & M)? # Do mooring lines and mooring tails comply with industry guidelines and are they in good order? (V & M)? # Are mooring lines correctly deployed and tended? (V)? # Are all mooring lines on winches correctly reeled on drums, and if made fast ashore, are winch brakes secured and winches out of gear? (V)? # Is if the mooring tails are used, have they properly connected to the main mooring lines in accordance with industry guidance? (V & M)?"
9228,Anchoring devices,"Anchors, anchor cables, windlass must be in good order. If an anchor is missing, or windlass brakes don’t hold, the ship might not be able to anchor in an emergency or could drag anchor. PSC will likely detain if, say, both anchors are lost or windlass is non-functional, because the ship has no means to stop safely if propulsion fails. Even one missing anchor is often a deficiency requiring rectification (per Load Line regs). Score 7.",,,,,,,Condition of windlass/winch machinery / brake lining / foundation. Availability of spare brake lining and Brake holding test kit? # Condition of anchor chain as visible?,"Are the windlasses, anchors, locking bars and cables in good order, operating effectively and is their maintenance incorporated in the plan maintenance system? (V)? # Have the anchors been tightly secured in the hawse pipe? (V)? # Is the master aware of the limitations of anchoring equipment? (V)?"
9229,Winches and capstans,"Mooring winches and capstans should be operational and with effective brakes. If mooring winch brakes slip (can lead to uncontrolled pay-out of line) or a capstan motor is dead where needed for mooring, it’s hazardous. PSC will insist on repair; they might allow a short-term workaround (like using a tug at departure if one winch is out) but it’s a serious safety and operational efficiency issue. Moderate-high severity, 6.",,,,,,,Condition of windlass/winch machinery / brake lining / foundation. Availability of spare brake lining and Brake holding test kit? # Condition of mooring ropes/wires/tails? # Review of MSMP and LMP. Physical verification of mooring winches/system/acessories/ropes/wires for wear and tear and suitability?,"Are the belt speed- sensors, belt scales and slip detecting device, where applicable, in good order and maintained as per manufacturer recommendations? (V)? # Does the vessel’s manager carry out regular safe mooring campaigns, learning from near misses and accidents related to mooring operations and are these shared with the fleet? (V & M)? # Do mooring lines and mooring tails comply with industry guidelines and are they in good order? (V & M)? # Is there a procedure for testing the winch brake rendering setting and is it being tested regularly? (V & M)? # Are mooring lines correctly deployed and tended? (V)? # Are there sufficient crew members on board to assist in the mooring operation, check and tend the mooring lines at regular intervals? (V)? # Are all mooring lines on winches correctly reeled on drums, and if made fast ashore, are winch brakes secured and winches out of gear? (V)? # Is on split drum winches, have the split drums been set up correctly after the completion of mooring operation? (V)? # Is if the mooring tails are used, have they properly connected to the main mooring lines in accordance with industry guidance? (V & M)? # Are the mooring ropes stowed clear of the deck and are mooring stations well lit, clean and free from oil leaks? (V)? # Are appropriate stoppers in use and are the mooring ropes turned up to bitts correctly? (V)? # Do controls, linkages, operating levers, brake drums, brake linings and pins of winches appear to be in good order? (V)? # Are the fairleads, rollers, bitts chocks and other items of mooring equipment clearly marked with the relevant SWL? (V)? # Are the windlasses, anchors, locking bars and cables in good order, operating effectively and is their maintenance incorporated in the plan maintenance system? (V)? # Is the master aware of the limitations of anchoring equipment? (V)?"
9230,Adequate lighting - mooring arrangements,"Working decks for mooring should have proper lighting for night operations so crew can see and avoid snap-back zones. If mooring decks are dark due to failed lights, PSC will note it. This is relatively simple to fix (replace deck light bulbs). They might delay night-time sailing until lighting is fixed or provide temporary lights. Moderate.",,,,,,,"Lifeboat falls next renewal due? # Condition of light fittings, ladders, portholes on accom decks? # Check the condition of wires (no broken strands, kinks) and check that spare wire is available.?","Are the requirements of the master’s standing orders explained to the deck officers? and are bridge order books (Night Order) being completed by the master and countersigned by the officers? (V & M)? # Are mooring lines correctly deployed and tended? (V)? # Are there sufficient crew members on board to assist in the mooring operation, check and tend the mooring lines at regular intervals? (V)? # Is on split drum winches, have the split drums been set up correctly after the completion of mooring operation? (V)? # Is if the mooring tails are used, have they properly connected to the main mooring lines in accordance with industry guidance? (V & M)? # Are the mooring ropes stowed clear of the deck and are mooring stations well lit, clean and free from oil leaks? (V)? # Are appropriate stoppers in use and are the mooring ropes turned up to bitts correctly? (V)? # Is the lighting illumination level in engine room space adequate (V)? # Are the hatch numbers clearly indicated and correctly placed? (V)? # Are the deck lights, emergency lights and hold lights (where fitted) in good order? (V)?"
9232,Cleanliness of engine room,"(ISM Code/Oil pollution) A dirty, oil-soaked engine room is a fire and pollution hazard. PSC and USCG frequently detain ships for excessive oil in engine roo4】 – pooled oil in bilges or soaked lagging can ignite, and also often indicates illegal pumping overboard if not properly disposed. If an engine room is very grimy with oil, PSC presumes poor maintenance and possible non-compliance with MARPOL (like bypassing the OWS). Detentions are common under both fire safety and pollution prevention grounds. Score 9 – it’s one of the more common serious deficiencies leading to detention (requiring immediate cleanup and fixing leaks).",,,,,,,,"Are purifier rooms and fuel and lubricating oil handling areas ventilated, free of oil leaks and clean? (V)? # Are the tunnel trash pumping and disposal arrangements in good order and is the overboard valve provided with a notice warning against discharge of oil or oily mixture? (V)? # Is the engine room logbook being properly maintained? (V)? # Are engine room bilges clean and free of oil and sediment? (V)?"
9233,Guards / fencing around dangerous machinery parts,"(Similar to 09208/09218) If dangerous areas like rotating equipment aren’t fenced off or guarded to prevent crew entering hazard zones, it’s unsafe. Think of an unfenced opening to moving machinery. PSC expects such areas to have physical barriers. If not, they will cite it. It’s moderate-high in that it should be fixed but is often straightforward (install a railing, etc.).",,,,,,,"Check condition of Swivel, Sheaves, shackle, hook, safety latch and drum for cracks, abnormalities.?","Are hazardous areas marked with clearly visible warning signage and are the crew familiar with the special precautions and the risks for those areas? # Is the safety zone clearly marked and, have restrictions within the safety zone been enforced and followed? # Are visible means provided to prevent access to all entrances containing fumigant and other spaces that are considered unsafe to enter after fumigation? (V)? # Are the tunnel-conveyor emergency stop, speed switch, and belt misalignment switch in good order and inspected regularly? (V)? # Are the idlers and return rolls of the self-unloading system free from build-up material and are they rotating freely? (V)? # Are the safety devices of gantry cranes in good order and is there recorded evidences of regular testing? (V)? # Is each gantry cranes provided with a storm locking arrangement and, does the arrangement appeared to be well maintained? (V)? # Are the mechanical brakes for the gantry crane motions in good order, tested regularly, and recorded? (V)? # Are the anti-collision and deceleration devices of the gantry cranes in good order and tested regularly, and are track wheels at the deck level fitted with foot guards? (V)? # Are the cranes’ transverse rail, rack, tooth-rack, travelling pinion and travelling wheel free of cracks, misalignment, and abnormal wear; and is there evidence of regular inspection and maintenance? (V)? # Do controls, linkages, operating levers, brake drums, brake linings and pins of winches appear to be in good order? (V)? # Is where moving machinery presents a hazard, is it guarded effectively? (V)? # Are the protective guards, shields and emergency stop of the engine room workshop tools being maintained in good order? (V)? # Are all spare parts and loose gear in the machinery spaces, stores and steering compartment properly secured? (V)? # Is the following machinery/equipment, where applicable, in good order and well maintained? (V)? # Is the steering gear compartment clear of obstructions and loos equipment properly secured? (V)?"
9234,Night working for seafarer under the age of 18,"(MLC A1.1) Seafarers under 18 should not work at night (exceptions apply for training). If PSC finds a 17-year-old cadet is put on night watch routinely, that violates MLC. It’s a labor rights issue; they’ll cite it and require ending that practice immediately. Possibly a deficiency to be rectified by reassigning hours. Score 6 – significant for that individual’s rights and rest.",,Watchkeeping & crewing standards 2025 – fatigue & hours of rest,"Maintain appropriate crewing levels and safe watchkeeping arrangements to prevent fatigue; avoid the 6-on/6-off watch schedule where possible; comply with minimum hours-of-rest requirements and keep accurate work/rest records; do not falsify rest records; review watchkeeping schedules to ensure adequate sleep and safe handovers; integrate fatigue risk management into the Safety Management System and follow STCW, MLC and Marine Order 28 requirements",,,,,Do all personnel maintain rest period/work hours and are the rest hours in compliance with STCW or MLC requirements? (V)?
9235,Fitness for duty - work and rest hours,"(STCW Section A-VIII/1 & MLC A2.3) Compliance with rest hour regulations is critical to prevent fatigue (implicated in many accidents). If PSC finds chronic violations of work/rest hours (via logbooks or crew interviews), it’s a serious issue. Multiple port states (especially in Paris MoU) detain ships for extensive rest hour non-compliance, as fatigued crew endanger safe navigati7】. This is often treated as an ISM failure. Score 8 – high because fatigue can directly cause collisions/groundings. PSC will demand manning changes or schedule changes to comply before departure.",,Fatigue risk management; Marine Order 504 changes; Watchkeeping & crewing standards 2025 – fatigue & hours of rest,"Ensure compliance with hours of work and rest requirements and implement a fatigue risk management system as part of the SMShttps://www.amsa.gov.au/news-community/news-and-media-releases/new-safety-management-system-requirements-now-effect; Maintain appropriate crewing levels and safe watchkeeping arrangements to prevent fatigue; avoid the 6-on/6-off watch schedule where possible; comply with minimum hours-of-rest requirements and keep accurate work/rest records; do not falsify rest records; review watchkeeping schedules to ensure adequate sleep and safe handovers; integrate fatigue risk management into the Safety Management System and follow STCW, MLC and Marine Order 28 requirements",,,,,Do all personnel maintain rest period/work hours and are the rest hours in compliance with STCW or MLC requirements? (V)?
9236,Legal documentation on work and rest hours,"If the vessel isn’t properly recording work/rest hours (or records are obviously falsified – e.g., every entry 08-16 work, 16-00 rest with no variation), PSC will note it. It could imply crew are exceeding limits and doctoring logs. The act of missing or fudging records is moderate severity itself (a compliance issue), but it strongly hints at 09235 issues (fatigue), which are severe. Alone, 5; but usually coupled with 09235.",,Watchkeeping & crewing standards 2025 – fatigue & hours of rest,"Maintain appropriate crewing levels and safe watchkeeping arrangements to prevent fatigue; avoid the 6-on/6-off watch schedule where possible; comply with minimum hours-of-rest requirements and keep accurate work/rest records; do not falsify rest records; review watchkeeping schedules to ensure adequate sleep and safe handovers; integrate fatigue risk management into the Safety Management System and follow STCW, MLC and Marine Order 28 requirements",,,,,Do all personnel maintain rest period/work hours and are the rest hours in compliance with STCW or MLC requirements? (V)?
9237,Fitness for duty - intoxication,"(STCW Code V) If PSC observes or has evidence that a crew member, especially a watchkeeper, is intoxicated by alcohol or drugs while on duty, it’s an immediate detention scenario. SOLAS V/BRM principles and many national laws forbid watchkeeping under influence. There have been casualties (Exxon Valdez, etc.) tied to intoxication. PSC will remove the person from duty and likely detain the vessel until a sober replacement is found or the crew is manag3】. This is essentially a zero-tolerance area. Score 10 – poses immediate extreme risk to safe navigation.",,Drug and alcohol policy; Marine Order 28 update; Watchkeeping & crewing standards 2025 – fatigue & hours of rest,"Develop and implement a drug and alcohol policy within the SMS; ensure masters, crew and passengers are fit for duty and not impaired by drugs or alcohol; update the SMS before 1 June 2025 and make sure all personnel understand their responsibilitieshttps://www.amsa.gov.au/news-community/news-and-media-releases/upcoming-changes-drug-and-alcohol-policy-0#:~:text=From%201%20June%202025%2C%20all,SMShttps://www.amsa.gov.au/news-community/news-and-media-releases/upcoming-changes-drug-and-alcohol-policy-0#:~:text=Next%20steps; Comply with the new alcohol limit provision and ensure crew are not impaired by alcohol; update ship procedures to reflect clearer and consistent language aligned with STCW and SOLAShttps://www.amsa.gov.au/news-community/news-and-media-releases/revised-marine-order-28-commence-1-september-2025; Maintain appropriate crewing levels and safe watchkeeping arrangements to prevent fatigue; avoid the 6-on/6-off watch schedule where possible; comply with minimum hours-of-rest requirements and keep accurate work/rest records; do not falsify rest records; review watchkeeping schedules to ensure adequate sleep and safe handovers; integrate fatigue risk management into the Safety Management System and follow STCW, MLC and Marine Order 28 requirements",,,,,"Has an SMS policy and procedure been established to enforce the STCW Convention and Code requirements for the purpose of preventing drug and alcohol abuse? (V & M)? # Are the limits of blood and breath alcohol contents in the drug and alcohol policy equal to, or less than the STCW mandatory alcohol limit? (V&M)? # When was the date of the last recorded unannounced on-board group alcohol test? # When was the date of the last unannounced drug test undertaken by an external agency?"
9297,Other (working space ILO),"Any other working condition issue per ILO/MLC not listed (maybe ergonomic issues, or lack of proper lifting equipment forcing unsafe manual lifts). Typically moderate.",,,,,,,,
9298,Other (accident prevention),"Other miscellaneous safety precautions (could overlap ISM; e.g., no safety committee, or no risk assessments being done). Moderate default.",,,,,,,,"Are there procedures for reporting, investigation and close-out of non-conformities, accidents, and hazardous situations available and are they being followed? (V)?"
9299,Other (mooring),"Any mooring-related safety issue not captured (maybe lack of identified snap-back zones, or poor lead of ropes). Mooring is high-risk, so we give 6 by default – actual severity depends on the specific issue but mooring practices are under scrutiny due to many crew injuries.",,,,,,,,"Does the vessel’s manager carry out regular safe mooring campaigns, learning from near misses and accidents related to mooring operations and are these shared with the fleet? (V & M)?"
10,Safety of Navigation,,,,,,,,,
10101,Pilot ladders and hoist/pilot transfer arrangements,"(SOLAS V/Reg.23 & IMO Res.) The arrangement to embark/disembark pilots (pilot ladder, accommodation ladder combination, pilot hoist if used) must meet strict standards. If it’s unsafe (defective steps, improper rigging, manropes missing), pilots can refuse to board and PSC will detain or delay the ship until corrected. Many pilot fatalities have occurred due to improper ladders, so this is high priority. PSC often inspects pilot ladders before departure; a non-compliant ladder (e.g., worn steps) is usually detainable until replaced. Score 8.",,,,"2025 Focused inspection campaign on pilot transfer arrangements revealed rising deficiencies and detentions due to improper pilot ladder maintenance and rigginghttps://mfame.guru/tokyo-mou-raises-alarm-over-pilot-transfer-arrangement-safety/#:~:text=The%20Tokyo%20Memorandum%20of%20Understanding,pilot%20transfer%20arrangements%20on%20vessels.","Inspect pilot ladders regularly; ensure ladders are properly secured and rigged with stanchions locked; distinguish pilot ladders from other ladders; train crew in correct rigging procedures; include pilot ladder maintenance and rigging protocols in the Safety Management System and planned maintenance; replace damaged or non‑compliant laddershttps://mfame.guru/tokyo-mou-raises-alarm-over-pilot-transfer-arrangement-safety/#:~:text=Common%20Hazards%20in%20Pilot%20Transfer,Setups.",,"Operate the crane and check the functioning of limit switches (Hoisting, Traverse/Slewing End limits)?","Has the master/pilot information exchange been taking place effectively and is the standard pilot card being completed as required? (V)? # Has a safety officer been appointed and trained, and is the safety officer familiar with the principles and practice of risk assessment? (V)? # Are pilot ladders used for pilot transfer in good condition and inspected regularly, clearly identified with tags or with permanent marking and are maintenance records available? (V)? # Has the sequence of the cargo plan been followed by the cargo-gate operators, and is the movement of the cargo-gate operators reported to the duty officer and is there evidence to confirm that movement of cargo-gate operators has been monitored to ensure compliance with the cargo plan? (V)? # Are the officers aware of the slewing/swing out limits of the boom conveyor/shuttle conveyor and is there recorded evidence of verification of function of slew/luff limit switch? (V)? # Are the hoist and luffing wires of cranes, where fitted, reported in good order and is there recorded evidence of regular inspection and maintenance? (V)? # Are check lists in place and being used to cover the check before use, starting the crane and releasing the crane from sea stowage? Is a procedure in place for safe travelling of the gantry crane on deck and are crew familiar with the procedure? (V)? # Are the main hoist overload protection and unbalance detection systems in good order and tested as per manufacturer’s recommendation? Are officers aware of the safe operation parameters of gantry cranes and is this information posted in the ship’s office/ ballast control room? (V)? # Is each gantry cranes provided with a storm locking arrangement and, does the arrangement appeared to be well maintained? (V)? # Is if the operator’s cabin of a gantry crane travels with the horizontal movement of a load, is the crane operator able to leave the cabin safely in case of power failure or another emergency? (V)? # Are the driver’s cabs and local operating stations of the gantry cranes maintained in good condition? (V)? # Are the retractable jib roofs, sides’ curtains and their securing arrangement being maintained in good condition, are checklists for the operation of the jib roof and curtains available and is the evidence of their consistent use? (V)? # Is if a platform has been provided on the top of the crane roof for helicopter winching operations, does the area comply with the requirements of ICS guidelines? (V)? # Is if the gantry crane is equipped with a pilot ladder hoist, is the system being by-passed and not in use? (V)? # Is the elevator, where fitted, inspected, tested and in good order? (V)?"
10102,Type approval equipment,"All mandatory nav equipment (radar, gyro, ECDIS, etc.) must be of approved types meeting IMO performance standards. If the ship installed a non-approved gadget (say a commercial GPS not type-approved for SOLAS), PSC will note it. The equipment might function, but not being approved is a compliance issue. They’ll likely require eventual replacement with approved unit. Low severity short-term (as long as it works), but the ship is technically in violation.",,,,,,,LSA / FFA Equipment and Systems?,"Is if ECDIS was fitted on board, have the Master and Deck Officers completed Generic training and type-specific familiarisation? (V)? # Is navigation equipment in good order? (V)? # Is the ECDIS of an approved type and does it meet the SOLAS requirement? # Is a Class-approved loading computer or programme in use and has the operational accuracy been regularly tested? (V)?"
10103,Radar,"(SOLAS V) At least one (usually two) functioning radars are required. If both radars are non-operational, the ship is effectively “blind” to other vessels – a clear detention. Even one radar failure is serious, though if the second radar works, they might allow sailing to next port for repair (with increased caution). Given collisions often result from lack of radar plotting, PSC is strict. Score 9 – no ship should sail in restricted visibility or traffic without radar. (Often if one of two radars is out, deficiency is given Code 17 to fix before departure or at next port latest.)",,,,,,,,
10104,Gyro compass,"(SOLAS V) The gyrocompass provides stable heading information to the bridge and to auto-pilot, radar displays, etc. If it fails, the ship must rely on magnetic compass which is less precise and cannot feed autopilot or ARPA effectively. Many ships have two gyros; if one fails but other works, that’s a deficiency but not an immediate danger. If no gyro at all, that’s detainable especially in coastal/traffic areas (the ship would lose ARPA target tracking and steering precision). Score 8 – crucial for navigation. PSC often requires at least one operational gyro and evidence the second will be fixed quickly.",,,,"Safety of navigation was a major deficiency category in 2024 (8,066 deficiencies)https://safety4sea.com/tokyo-mou-annual-report-2024/#:~:text=In%202024%2C%2015%2C406%20deficiencies%20related,of%20all%20recorded%20deficiencies.",Maintain gyro compasses and other navigation equipment in working order; ensure at least one gyro compass is operational; schedule regular maintenance and calibration; provide back‑up magnetic compass and verify performance.,,"Operating condition of Radars, ECDIS, AIS , BNWAS, Magnetic Compass, Gyro, Anemometer, Doppler Log, Echosounder, VDR, Chart Recorder, RPM and Rudder Angle Indicators (including those on bridge wings).?","Have operational checks on navigational equipment been done and are checklists being effectively completed when preparing for sea and prior to port entry? (V)? # Is navigation equipment in good order? (V)? # Is where fitted are the standard magnetic compass, gyro compass and Global Navigation Satellite System compass, operational, adjusted and properly maintained? (V & M)? # Is effective vision enhancement equipment provided on the Navigation Bridge? (V)?"
10105,Magnetic compass,"(SOLAS V) The magnetic compass (with deviation card) is a backup to gyro. If the magnetic compass is not operational (e.g., liquid leaked out or frozen) or no deviation table available, that’s a deficiency. If the gyro is healthy, it’s not an immediate hazard, but still the only emergency heading reference if power is lost. PSC will usually require it be repaired/calibrated at the next port (not usually detainable if gyro works, except maybe in high latitude where gyro is less reliable). Score 6.",,,,,,,,"Is where fitted are the standard magnetic compass, gyro compass and Global Navigation Satellite System compass, operational, adjusted and properly maintained? (V & M)? # Has the GPS been adjusted to the correct Geodetic Datum and are officers aware of the value of HDOP and is it posted next to the GPS? (V)? # Are necessary instruments (with spares) to determine the dew point provided, maintained in good condition and are there records of the calibration of such instruments? (V)? # Are necessary instruments (with spares) to determine the dew points provided, maintained in good condition and are there records of calibration of such instrument? (V)?"
10106,Compass correction log,"Vessels must log compass deviations and adjustments. If the compass has not been swung for deviation recently or no deviation card is present, accuracy is uncertain. PSC will note this – minor issue unless the magnetic compass is the only compass and uncorrected (then it’s more serious). Typically low severity.",,,,,,,Random Check of chart correction status?,
10107,Automatic radar plotting aid (ARPA),"SOLAS requires vessels of certain size to have ARPA or other means for collision plotting. If the radar is functioning but ARPA feature is inoperative, the bridge can still use manual plotting or other aids, but it increases workload and possibility of error. PSC will cite an inoperable ARPA and likely require repair. But if at least one radar with ARPA works, they won’t detain for a second radar’s ARPA issue alone. Moderate severity. (If no ARPA at all on a ship that must have it, that’s more serious – likely code 17 to fix before departure or in port if in busy waters.)",,,,,,,,"Is the officer matrix accurately completed and does it reflect the information on officers and engineers on board the vessel at the time of inspection? (V)? # Is the manoeuvring information for the vessel displayed on the bridge and are bridge logbooks, bell book, radar performance book, and Change of Watch at Sea check list being correctly maintained? (V)? # Is the bridge visibility condition for the next port confirmed? (V)? # Are cross-joint wedges and their wedge bridge (where fitted) in place, operational and effective? (V)?"
10109,"Lights, shapes, sound-signals","(COLREGs) The ship’s navigation lights (running lights, anchor lights), day shapes (like anchor ball, etc.), and sound signaling apparatus (ship’s whistle, bell) must be correct and operational. If running lights are not working properly, the ship is virtually invisible or conveys wrong status at night – a huge collision risk. PSC often tests nav lights; a failed light (say stern light out) is often grounds for detention until fixed or at least must be fixed by nightfa1】. Sound signal failure (e.g., whistle not sounding) also very serious in fog. Score 9 – collision avoidance basics. A ship will not be allowed to sail until nav lights and whistle are in full order (in some ports, they might let it go in daytime to next port if weather clear, but it’s typically expedite-fix in port).",,,,,,,,"Are navigation lights, emergency navigation lights, shapes and signalling equipment in working order? (V)? # Are the visual and audible warning signals provided for gantry cranes in the deck area in good order and tested regularly? (V)?"
10110,Signalling lamp,"SOLAS requires an Morse signal lamp on bridge (with spare bulbs) for visual communications. If it’s missing or not working, it’s a minor issue in modern times (rarely used except maybe naval convoys or as backup). PSC will note it but it’s low severity – just replace the bulb or lamp.",,,,,,,,"Are navigation lights, emergency navigation lights, shapes and signalling equipment in working order? (V)?"
10111,Charts,"(SOLAS V) The ship must carry all up-to-date nautical charts for the intended voyage (or have an approved ECDIS). Not having proper charts is one of the most frequent detention causes historically – because navigating without correct charts is extremely dangero4】. PSC will check paper chart folios or ECDIS ENC permits. Missing critical charts or using outdated ones (not corrected for latest notices) is grounds for immediate detention. For example, if sailing to a port and no large-scale approach chart on board, the ship cannot safely navigate there. Score 10. (With ECDIS, if official ENCs for the route are not available or not used, same severity – detention until proper electronic charts installed.)",,,,,,,Latest nautical publications are available on board.? # Familiarity of crew with ECDIS?,"Is if ECDIS was fitted on board, have the Master and Deck Officers completed Generic training and type-specific familiarisation? (V)? # Is a chart and publication management system being implemented to ensure that all charts, nautical publications, and other publications on board are current, maintained and up to date? (V & M)? # Is were appropriate charts and publication used for the previous voyage? (V)? # Can the master and watch-keeping officer demonstrate a familiarity with the use of ECDIS? (V)? # Is the ECDIS of an approved type and does it meet the SOLAS requirement? # Is if the vessel transits or may transit a high-risk piracy area, are updated security charts and publications being provided? (V)? # Is the vessel able to receive up-to-date information including ice reports for safe navigation? (V)?"
10112,Electronic charts (ECDIS),"If the ship is required to have ECDIS and it’s not functional or not updated with current ENCs, that’s very serious. Many detentions involve ECDIS issues nowadays (e.g., using expired ENC licenses, or the officers not trained on ECDIS). If ECDIS is primary means and it fails, the ship must either have adequate paper charts as backup or fix the ECDIS. PSC will detain if neither proper paper backup nor ECDIS is available. Score 9. Even if paper charts are on board (optional backup on some ships), an inoperable mandated ECDIS is a major deficiency to be fixed promptly.","Ensure Electronic Chart Display and Information System (ECDIS) is loaded with official, up‑to‑date Electronic Navigational Charts (ENCs) and that corrections are applied regularly; verify that a backup arrangement (paper charts or second ECDIS) is available and operational; ensure watchkeeping officers can operate ECDIS, select and update charts, plot and modify waypoints, and set safety parameters; absence or failure of navigation equipment or corrected charts, including ECDIS operating on official data, may lead to detention.",,,,,,"Operating condition of Radars, ECDIS, AIS , BNWAS, Magnetic Compass, Gyro, Anemometer, Doppler Log, Echosounder, VDR, Chart Recorder, RPM and Rudder Angle Indicators (including those on bridge wings).? # Familiarity of crew with ECDIS? # Random Check of chart correction status?","Is were appropriate charts and publication used for the previous voyage? (V)? # Can the master and watch-keeping officer demonstrate a familiarity with the use of ECDIS? (V)? # Are measures in place for controlling the use of removable media such as USB memory sticks, CDs, DVDs, and diskettes on shipboard computers? (V)?"
10113,Automatic Identification System (AIS),"(SOLAS V) AIS transmits the ship’s identity and position to others and shore. If AIS is not working, vessels in vicinity or VTS lose a key collision avoidance tool, and in some areas it’s illegal to sail without AIS. PSC will often not let a ship sail through busy waters or particularly US/Europe will fine or detain for AIS off. Score 7 – important for safety/security. A short-term allowance might be given (like “sail directly to repair port in open ocean and fix AIS”) but generally must be restored ASAP.",,,,,,,,"Is the AIS static, dynamic and voyage data up to date and has an AIS annual test been performed and the record available on board? (V & M)?"
10114,Voyage Data Recorder (VDR) / Simplified Voyage Data Recorder (S-VDR),"(SOLAS V) VDR is the “black box” that records navigation data and bridge audio for incident investigation. If not working, it doesn’t directly affect current voyage safety – it’s for after-the-fact analysis. However, it’s required equipment. PSC will give a deficiency and typically require it fixed within 30 days or before next voyage (some flag States allow a single voyage with it inoperative if reported). Not usually detainable on the spot, but must be resolved. Score 6 (important for investigation, but not a real-time safety device).",,,,,,,Seachest and ovbd v/v testing arrangement? # Emcy op. Of hyd v/vs of VRCS?,"Are deck officers familiar with the procedure to preserve the VDR data in the event of an incident and is there a company policy within the SMS relating to the playback of VDR data? (V)? # Are records available to show that the echo-sounder recorder is being switched on prior to each approach to shallow water, port entry and departure and has the echo sounder remained in operation while the vessel has been transiting in shallow waters? (V)?"
10115,GNSS receiver/terrestrial radio navigation system,"(SOLAS V) The ship needs a positioning system (nowadays GPS or other Global Navigation Satellite System). If GPS is completely down and no backup like LORAN (which is rare now) or even celestial nav proficiency, the ship can’t safely navigate beyond visual references. PSC will likely detain a vessel without any working electronic position-fixing ability, especially in coastal waters. Score 7 – critical equipment. (If one of two GPS is down, not as severe, but at least one must work).",,,,,,,,Has the GPS been adjusted to the correct Geodetic Datum and are officers aware of the value of HDOP and is it posted next to the GPS? (V)?
10116,Nautical publications,"Publications like Sailing Directions, Tide Tables, List of Lights, Notice to Mariners, etc., must be on board and updated. If some are missing or very outdated, it’s a deficiency. E.g., not having current Tide Tables for a port with big tides can be dangerous. PSC will require obtaining the missing pubs (often available in digital form nowadays). Score 5 – navigationally important but easier to mitigate by getting info by other means in short term, so moderate.",,,,,,,All ITU publications provided onboard are up-to-date.? # Latest nautical publications are available on board.? # All Nautical Publications updated and available including USCG 33 & 46 CFR; USCG Navigation Rules - International - Inland?,"Is a chart and publication management system being implemented to ensure that all charts, nautical publications, and other publications on board are current, maintained and up to date? (V & M)? # Is were appropriate charts and publication used for the previous voyage? (V)? # Are T&P NMs and navigation warnings being used correctly in voyage planning and monitoring? (V)? # Have the parallel index techniques been used when monitoring the passage in coastal and pilotage waters, particularly in conditions of restricted visibility or at night? (V)? # Is the vessel able to receive up-to-date information including ice reports for safe navigation? (V)?"
10117,Echo sounder,"(SOLAS V) The echo sounder provides depth under keel. If it’s not operational, the ship can’t detect shoaling in uncharted or dynamic seabeds and risks grounding. In confined or shallow routes, that’s extremely risky. PSC will consider detaining or at least requiring single voyage permission with extreme caution if an echo sounder is down. Typically must be repaired promptly. Score 7.",,,,,,,,"Are records available to show that the echo-sounder recorder is being switched on prior to each approach to shallow water, port entry and departure and has the echo sounder remained in operation while the vessel has been transiting in shallow waters? (V)? # Is the vessel provided with a means of detecting floating ice? (V)?"
10118,Speed and distance indicator,"A ship’s speed log (through-water or over-ground) is useful for navigation (especially for true water speed in currents, and for auto-slip control on CPP, etc.). If it’s broken, the ship can still estimate speed via GPS (speed over ground) and propulsion settings. It’s a minor deficiency; PSC will note it but likely not detain for just a log failure. Score 4.",,,,,,,,Is was the track of the ship monitored at sea and during the pilotage? (V)?
10119,Rudder angle indicator,"Displays the rudder angle on bridge. If not working, the helmsman cannot confirm rudder response except by feel or visually looking aft (impractical). In pilotage or precise maneuvering, that’s dangerous. If it fails during a PSC observed maneuver or test, they will insist on repair. Possibly not detain if in open ocean transit, but definitely before next port arrival it should be fixed. Score 6.",,,,,,,,"Is the officer matrix accurately completed and does it reflect the information on officers and engineers on board the vessel at the time of inspection? (V)? # Are cross-joint wedges and their wedge bridge (where fitted) in place, operational and effective? (V)? # Are engineers familiar with operation of the main engine from the local manoeuvring control position? (V)? # Is the emergency steering position rudder angle indicator in good order and clearly marked in red and green? (V)? # Is effective vision enhancement equipment provided on the Navigation Bridge? (V)?"
10120,Revolution counter,"Shows propeller or engine RPM on bridge. If it’s out, the bridge might not precisely know engine output (though they have telegraph orders and feedback from ECR). Workaround: bridge can communicate with engine room for RPM info. Not critical for safety in most cases, though docking maneuvers benefit from it. PSC will note and require fixing but it’s low severity.",,,,,,,,"Is the manoeuvring information for the vessel displayed on the bridge and are bridge logbooks, bell book, radar performance book, and Change of Watch at Sea check list being correctly maintained? (V)? # Is was the Bridge Navigational Watch Alarm System operational when the ship was underway and at anchor, and required tests conducted and recorded accordingly? (V)? # Are the officers aware of the slewing/swing out limits of the boom conveyor/shuttle conveyor and is there recorded evidence of verification of function of slew/luff limit switch? (V)? # Have a Crane Monitoring System and a port/crane performance logger been provided, are they in good condition and regularly monitored? Are faults recorded in the fault log, verified and fault-finding rectification procedures recorded appropriately? (V)? # Are engineers familiar with operation of the main engine from the local manoeuvring control position? (V)?"
10121,Variable pitch indicator,"For ships with CPP, bridge needs to know the blade pitch set. If that indicator fails, it’s difficult to judge propulsion output (they could infer from engine load or by trial). This is moderately important, especially for close-quarters handling. PSC would treat it similar to RPM indicator – need to fix, but ship can navigate with caution in interim. Score 5.",,,,,,,,
10122,Rate-of-turn indicator,"Indicates how fast the ship is turning (yaw rate). Useful for pilots and in narrow channels. Not strictly required outside certain vessels. If it’s broken, navigator can manage by visual and compass cue, but it removes a helpful instrument. PSC will cite it but not detain solely for this if everything else is okay. Low severity.",,,,,,,,"Have the parallel index techniques been used when monitoring the passage in coastal and pilotage waters, particularly in conditions of restricted visibility or at night? (V)? # Is was the track of the ship monitored at sea and during the pilotage? (V)? # Is the emergency steering position rudder angle indicator in good order and clearly marked in red and green? (V)?"
10123,International code of signals- SOLAS,"The code flags and signal reference for sending messages (like two-flag codes for medical, etc.). Must be carried (usually as a book). If missing, minor – seldom used nowadays due to radio, but required. PSC will instruct to obtain it.",,,,,,,,
10124,Life-saving signals,"A poster or book of life-saving signals (signals between ship and rescue units) must be on bridge. If absent, minor (only used during SAR; rescuers usually know them). PSC notes it, low severity.",,,,,,,,
10125,Use of the automatic pilot,"Possibly ensuring there are procedures posted or crew knowledge for switching between hand steering and autopilot (and warning about limitations of autopilot in heavy traffic). Some SOLAS guidance requires a notice on bridge “Automatic pilot shall be turned off in areas of high traffic”. If not posted or crew unaware, PSC might give a mild deficiency (bridge team management). Low severity.",,,,,,,,"Has the master/pilot information exchange been taking place effectively and is the standard pilot card being completed as required? (V)? # Is where manual steering is engaged, is the change over from auto steering, and vice versa, recorded? (V)?"
10126,Records of drills and steering gear tests,"SOLAS V requires testing steering gear within 12h before departure and logging it, as well as regular emergency steering drills. If PSC finds no record of pre-departure steering tests or that steering drills aren’t logged, it’s a procedural lapse. Given how critical steering failures are, PSC takes it seriously from an ISM perspective (ensuring the crew actually tests steering). They will cite it and likely verify a steering test while they are on board. Moderate severity (lack of compliance could lead to undetected steering problems).",,NCP 2024-25: Disabled vessels & emergency preparedness,Maintain records of drills and steering gear tests; ensure drills cover emergency steering arrangements; schedule tests in SMS.,,,,Seachest and ovbd v/v testing arrangement?,"Is where manual steering is engaged, is the change over from auto steering, and vice versa, recorded? (V)? # Is there a procedure for testing the winch brake rendering setting and is it being tested regularly? (V & M)? # Is the emergency steering gear drill being carried out every three months? (V)?"
10127,Voyage or passage plan,"(SOLAS V Rule 34) Before each voyage, the bridge must prepare a berth-to-berth passage plan (considering shallow areas, no-go zones). If PSC asks for the voyage plan and the OOW can’t produce it (or it’s extremely inadequate), that’s a navigation safety gap and an ISM failure in bridge procedures. Many PSC regimes will detain or at least strongly admonish a vessel without a proper passage plan in pilotage waters (especially after Cosco Busan and other incidents). Score 5 – easy to fix (make a plan), but absence indicates poor safety culture.",,,,,,,,Is was the berth-to-berth passage plan of the previous voyage comprehensive and approved by the master? (V)?
10128,Navigation bridge visibility,"SOLAS V prescribes minimum bridge visibility (forward of bow not obscured >2 ship lengths, etc.). If deck cargo or structural elements violate these limits, the ship is technically unseaworthy in that regard. PSC and port state control (like Canadian authorities) have delayed ships that arrived with visibility impeded (e.g., stacked containers too high blocking view). If, for example, a bulk carrier’s deck crane stowed position seriously blocks forward view and no alternative conning position exists, PSC would require correction (like adjusting cargo stow or use of a camera system) or restrict operations (must sail in daylight only). Score 7 – directly affects safe navigation.",,Updated NSCV standards for visibility and accommodation,"Ensure compliance with updated NSCV Part C1: improve wheelhouse visibility, provide continuous safety rails on pilot vessels, clarify assembly station requirements, upgrade emergency escape signage and low-level lighting, enhance accommodation standards (noise levels, sanitation facilities, air quality, bunk sizes), and establish “no climb zones” to prevent children falling overboardhttps://www.amsa.gov.au/news-community/news-and-media-releases/updated-standard-wheelhouse-visibility-escape-accommodation",,,,,Are comprehensive written practical guidance on navigational safety available on the bridge? (V & M)? # Does the manning level in the bridge at all stages of the voyage and anchor meet or exceed that required by the Bridge Manning Matrix and are lookout arrangements adequate? (V)? # Has the vessel been safely navigated in compliance with international and inland regulations? (V)? # Is the bridge visibility condition for the next port confirmed? (V)? # Is effective vision enhancement equipment provided on the Navigation Bridge? (V)?
10129,Navigation records,"Navigation activities must be recorded (position in logbook, courses, etc.). If logkeeping is poor or records like echo sounder readings in restricted waters are not kept, PSC will note it as an ISM deficiency. Not immediately dangerous by itself, but reflects on bridge team discipline. Low severity, though could support a detention if combined with major nav failures.",,,,,,,Review of last dynamic navigation audit and PSC/Vetting deficiencies on navigation/bridge?,"Are comprehensive written practical guidance on navigational safety available on the bridge? (V & M)? # Is the manoeuvring information for the vessel displayed on the bridge and are bridge logbooks, bell book, radar performance book, and Change of Watch at Sea check list being correctly maintained? (V)? # Are T&P NMs and navigation warnings being used correctly in voyage planning and monitoring? (V)? # Are records available to show that the echo-sounder recorder is being switched on prior to each approach to shallow water, port entry and departure and has the echo sounder remained in operation while the vessel has been transiting in shallow waters? (V)?"
10132,Communication - SOLAS Chapter V,"This is vague; possibly means the requirements for internal communications relevant to navigation (like nav warnings reception or GMDSS – but those have their own codes). Could be used if, e.g., bridge and engine room communications are substandard (no sound-powered phone working and no backup). If bridge-to-engine comm fails (telegraph and phone both dead), that’s extremely serious for maneuvering – likely detainable under this code. Or if navtex not working (which we did under MSI code). It depends. Generally moderate, but specific issues could elevate it.",,,,,,,,Can all crew communicate effectively in the working language of the ship? (V)?
10133,Bridge operation,"A general code possibly used if PSC observes inadequate bridge team management or procedures (like no one monitoring radar in dense traffic, or voyage plan not being followed). It might be cited as an ISM issue (“navigation procedures not followed”). Could arise from a navigation audit by PSC (e.g., during a concentrated inspection campaign). Score 6 – important for safety, though hard for PSC to judge unless something blatant occurs while they’re on the bridge.",,,,,,,Review of last dynamic navigation audit and PSC/Vetting deficiencies on navigation/bridge?,
10134,HSC operation,"High-Speed Craft have special operational requirements (crew training, operational restrictions). If a high-speed ferry is not operating per its permit (say exceeding wave height limits, or crew not HSC certified), PSC will detain it as HSC incidents are high risk. Also, HSC Code requires specific manuals and drills. Score 7 – significant due to high consequences of HSC accidents.",,,,,,,Emcy op. Of hyd v/vs of VRCS?,
10135,Monitoring of voyage or passage plan,"It’s not enough to make a passage plan; the bridge must monitor it (position checks, etc.). If PSC finds officers are not routinely plotting positions or failed to adjust the plan when needed, they might cite this. It’s an ISM-related issue. For instance, after an incident, PSC might list that voyage plan wasn’t updated or monitored. Score 5 – moderate (this often comes out in accident investigations more than PSC inspections).",,,,,,,Review of last dynamic navigation audit and PSC/Vetting deficiencies on navigation/bridge?,Does the manning level in the bridge at all stages of the voyage and anchor meet or exceed that required by the Bridge Manning Matrix and are lookout arrangements adequate? (V)? # Is was the berth-to-berth passage plan of the previous voyage comprehensive and approved by the master? (V)?
10136,Establishment of working language on board,"SOLAS V/14 mandates a common working language for bridge team and crew, and it should be recorded (often in the log or posted). If crew have no agreed common language, it can cause miscommunication. PSC will check documentation (often “working language: English” posted on bridge). If not posted or crew seem confused, they’ll note it. Low severity (easily clarified).",,,,,,,,Can all crew communicate effectively in the working language of the ship? (V)?
10137,Long-Range Identification and Tracking system (LRIT),"Ships must have LRIT transmitter (sends periodic position to flag/Coastal States via satellite). If it’s not working or not conformance-tested, it’s a security compliance issue (since authorities use it to track ships beyond AIS range). PSC might not detain solely for LRIT, but flag State could invalidate certificates if non-compliant. Some port States (like US) may restrict entry if LRIT off (they use it to monitor approaching ships). Score 4 – mainly an administrative/security issue, not directly safety-critical for the ship itself.",,,,,,,,"Has the sequence of the cargo plan been followed by the cargo-gate operators, and is the movement of the cargo-gate operators reported to the duty officer and is there evidence to confirm that movement of cargo-gate operators has been monitored to ensure compliance with the cargo plan? (V)? # Is if the vessel transited or may transit an area with a high risk of piracy, has a voyage risk assessment been produced? (V)?"
10138,Bridge Navigational Watch Alarm System (BNWAS),"(SOLAS V Reg.19) BNWAS (an alarm that ensures the OOW is alert by requiring periodic reset, otherwise it alarms to summon another crew) is required on most ships now. If BNWAS is not fitted or not working, a lone watchkeeper could fall asleep with no alarm – a known cause of groundings. PSC will strongly insist on a functioning BNWAS; many detentions post-2015 include BNWAS not operational (as it is a SOLAS requirement). Score 7 – very important for preventing fatigue-related accidents (basically a safety net if OOW is incapacitated).",,,,,,,,"Is was the Bridge Navigational Watch Alarm System operational when the ship was underway and at anchor, and required tests conducted and recorded accordingly? (V)? # Is a water-level alarm system provided for the tunnel bilge well, and is the alarm system regularly tested and the result recorded? (V)? # Are the visual and audible warning signals provided for gantry cranes in the deck area in good order and tested regularly? (V)? # Is access to the ship being controlled by an adequate deck watch? (V)? # Is the bilge high level alarm system in good order, regularly tested and are records of test maintained? (V)?"
10199,Other (navigation),"Any other navigational safety issue not covered (perhaps unusual equipment like steering gear backup controls, or ECDIS backup arrangement, etc.). Severity default moderate unless it’s something critical.",,,,,,,,
11,Life saving appliances,,,,,,,,,
11101,Lifeboats,"SOLAS requires sufficient, functional lifeboats. If a lifeboat cannot be launched or its engine won’t start, the ship is unseaworthy. PSC will detain the vessel immediately for serious lifeboat deficienci4】. Examples: a holed lifeboat hull, jammed release gear, or a non-starting lifeboat engine each score 10 – in an abandonment, that could cost lives. This is one of the most critical items; in fact, lifeboat issues were the single most common detainable deficiency code in recent data (319 detentions attribute4】.",,Life-saving equipment awareness,"Ensure that life-saving equipment (lifejackets, lifebuoys and EPIRBs) is onboard, maintained and readily accessible; provide training and demonstrations so crew and passengers know how to don lifejackets and test EPIRBs",,,,Condition of lifeboat machinery including covers. Engines Tried Out. Starting battery expiry date (or supply date) and spare starting motor.? # Condition of lifeboat equipment?,
11102,Lifeboat inventory,"Lifeboats must carry a specific inventory (flares, food rations, water, first aid kit, compass, etc.). If some items are missing or expired (common: expired pyrotechnics or old food packs), it’s a deficiency. While a lifeboat would still float, lacking these reduces survival time. PSC will require replenishment before sailing – moderately severe because it’s easily fixable by restocking, but important for prolonged survival.",,Life-saving equipment awareness,"Ensure that life-saving equipment (lifejackets, lifebuoys and EPIRBs) is onboard, maintained and readily accessible; provide training and demonstrations so crew and passengers know how to don lifejackets and test EPIRBs",,,,"Lifeboat falls next renewal due? # Condition of lifeboat equipment? # Condition of liferafts, cradles, symbols? # Condition of life jackets (including oversize ones) with lights checked at random.?","Is if refrigerated containers are carried, are sufficient spare parts available on board? (V)?"
11103,Stowage and provision of lifeboats,"Lifeboats must be correctly stowed (secured in davits or cradles, covers in place) and of required number/capacity. If, say, a lifeboat is not properly secured and could shift or fall, or if an obstruction prevents it from launching, it’s very serious. Also, each side must have sufficient capacity for all on board. PSC often checks that boat tracks are clear, lashings release quickly, etc. Any impairment in launching arrangements or insufficient capacity is detainable. Score 8.",,,,,,,Condition of lifeboat structure?,
11104,Rescue boats,"A rescue boat (which may be one of the lifeboats or a dedicated RIB) must be readily deployable for man overboard rescue. If the rescue boat engine doesn’t start, or the boat is damaged, the ship effectively has no means to recover a person in the water. PSC nearly always detains ships for an inoperable rescue boat until fixed – this is a critical SOLAS requirement. Score 9.",,,,,,,,
11105,Rescue boat inventory,"Similar to lifeboats: the rescue boat should have certain equipment (e.g., buoyant rescue sling, boat-hook, VHF, etc.). Missing inventory in a rescue boat (like no heaving line or quoit) is a deficiency but lower severity – the primary thing is the boat itself works. PSC will require the items to be supplied but not detain if that’s the sole issue and can be rectified quickly.",,,,,,,Condition of lifeboat equipment?,
11106,Fast rescue boats,"Some vessels (e.g., passenger ships, offshore vessels) have Fast Rescue Boats (FRB) with special launching systems. If an FRB is required and is not operational (engine failure or launch davit failure), it’s serious – especially on passenger ships where an FRB is key for quick recovery of people. PSC will likely detain passenger ships for an FRB fault until repaired or substitute measures in place, as it compromises rescue capability. Score 8.",,,,,,,"Rescue boat condition, launching and davit. If davit is equipped with hydraulic accumulator, it should be able to hold the hydraulic pressure. Test /service records are also important?",
11107,Stowage of rescue boats,"Rescue boats must be in a position to be launched quickly (typically under 5 minutes). If the rescue boat is stowed improperly or its securing arrangement can’t be easily released, that’s a hazard (delayed MOB response). PSC will require adjustments (like removing extra lashings or cargo that blocks it). Not having clear access can lead to detention as well. Score 7.",,,,,,,,
11108,Inflatable liferafts,"Ships carry inflatable liferafts (with Hydrostatic Release Units for float-free deployment). If rafts are in bad shape (out of service date, HRU expired, or inadequate capacity for crew count), that’s very severe. Should the ship need to abandon and lifeboats are inaccessible (common in rapid sinking), liferafts are last resort – they must inflate properly. PSC detains ships for expired or insufficient liferafts regularly. Score 9.",,,,,,,"Condition of liferafts, cradles, symbols?",Are life rafts in good order and are hydrostatic release units maintained and installed correctly? (V & M)?
11109,Rigid liferafts,"Rigid liferafts (now uncommon except on some older ships or special vessels) also must be in good condition. If present and unservicable (cracks, etc.), similar severity to inflatable rafts – critical backup survival craft. Score 9.",,,,,,,,
11110,Stowage of liferafts,"Liferafts must be stowed such that they float free if the ship sinks (HRU connected, lashings weak link, etc.) or easily manually launched. If PSC sees rafts lashed down tight with no HRU, or obstructed by cargo, they’ll likely detain the ship until corrected because those rafts might not deploy in an emergency. Score 8.",,,,,,,"Condition of liferafts, cradles, symbols?",Are life rafts in good order and are hydrostatic release units maintained and installed correctly? (V & M)? # Is the vessel provided with self-unloading isolation procedures? (V)?
11111,Marine evacuation system,"Large passenger ships use MES (slides/rafts system) for mass evacuation. If the MES is not ready for use (e.g., slide defects, rafts not connected, recent failed drill), the ferry or cruise ship cannot safely evacuate passengers. PSC will detain a passenger vessel if the MES isn’t functional, as there’s no alternative for rapid evacuation of hundreds of people. Score 9.",,,,,,,,
11112,Launching arrangements for survival craft,"Davits, winches, release hooks, etc., for lifeboats/rafts must work flawlessly. If a lifeboat davit or hook is faulty, that is often an immediate detenti7】 – many lives depend on it. PSC inspectors frequently watch a drill: if the boat gets stuck or hooks won’t release, the system is considered failed. They will not allow sailing until repaired (often requiring manufacturer service). Because a failure here in real abandon could be fatal (lifeboat not launching or falling prematurely), severity is 10. (This includes the infamous on-load release gear failures; PSC is extremely strict after many accidents in drills).",,,,,,,"Condition of lifeboat structure? # Lifeboat launching arrangement - condition of davits, hoisting winch motor, limit switches, embarkation ladders (including the condition of spliced ends), remote lowering mechanism/wire condition. Posters on bulkheads? # Lifeboat falls next renewal due? # Rescue boat condition, launching and davit. If davit is equipped with hydraulic accumulator, it should be able to hold the hydraulic pressure. Test /service records are also important?","Are the lifeboats, rescue boat and davit-launched life raft; their equipment and launching arrangements being serviced periodically; in good condition, and are the crew familiar with the launching procedure and operation? (V & M)? # Are life rafts in good order and are hydrostatic release units maintained and installed correctly? (V & M)? # Are all mooring lines on winches correctly reeled on drums, and if made fast ashore, are winch brakes secured and winches out of gear? (V)? # Is on split drum winches, have the split drums been set up correctly after the completion of mooring operation? (V)? # Are appropriate stoppers in use and are the mooring ropes turned up to bitts correctly? (V)?"
11113,Launching arrangements for rescue boats,"Similar to above but for the rescue boat’s davit or crane. If the rescue boat cannot be safely launched and recovered, the ship’s ability to conduct SAR for MOB is nil. Likely detention until fixed. Score 9.",,,,,,,,
11114,Helicopter landing and pick-up area,"Some ships (e.g., large passenger or research ships) have a heli deck or winching area for rescue or transfer. If required by Flag and it’s not per standard (markings faded, obstructions), it’s a deficiency. It may not halt a voyage unless in regions where helicopter evacuation is expected (Arctic, etc.), but it must be rectified for compliance. Moderate (6).",,,,,,,,"Is if the vessel is provided with a helicopter operating area, does the area comply with the requirements of ICS guidelines, and is there a safe access from the hatch cover to deck? (V)? # Are the crew familiar with the helicopter operation at sea, and are records available to show that the proper communication, shipboard helicopter safety checklist and specific risk assessment conducted prior to helicopter operation? (V)? # Is if a platform has been provided on the top of the crane roof for helicopter winching operations, does the area comply with the requirements of ICS guidelines? (V)? # Is the vessel equipped with suitable material and / or equipment for cleaning the ice and snow from critical areas? (V)?"
11115,Means of rescue,"Every ship should have means to recover a person from water (e.g., a scramble net, Jason’s cradle, or dedicated davit). If PSC finds no practical means (especially if freeboard is high), they will cite this. It’s required by SOLAS III Regulation 17 since 2014. Lack of a plan or equipment for MOB recovery is serious – they’ll demand one be implemented (e.g., rig an overside ladder or device before departure). Score 7.",,,,,,,,
11116,Distress flares,"Ships must carry pyrotechnic distress signals (red hand flares, parachute rockets, smoke signals). If these are missing or expired, the ship’s ability to signal distress is compromised. PSC usually checks their expiry dates. If all are long expired, it’s fairly severe (though with GMDSS, flares are backup). They’ll require new ones be obtained before sailing. Score 6.",,,,,,,,
11117,Lifebuoys incl. provision and disposition,"The ship must have the required number of lifebuoys (with self-igniting lights, smoke for the bridge one, and a buoyant line on at least one). If any are missing, damaged, or not equipped with light/smoke as required, that’s a direct MOB rescue impairment. PSC often counts lifebuoys and finds maybe one or two short (fallen overboard en route and not replaced). They will require immediate replacement (many ports will detain a ship until critical LSA like lifebuoys are replaced, which can often be done same day). Score 7 – each lifebuoy can save a life, so missing ones are taken seriously.",,,,,,,Condition of lifebouys on deck & bridge wings. MOB marker buoy to be of correct weight?,Are the self-igniting lights of lifebuoys located in the hazardous area intrinsically safe?
11118,Lifejackets incl. provision and disposition,"There must be lifejackets for every person on board + spares (and special sizes for children if passengers). If any shortfall in quantity, or if lifejackets are not readily accessible (e.g., locked away, or heavily waterlogged/decayed), that’s an immediate detention typically. Not having a serviceable lifejacket for someone virtually condemns them in an abandon ship scenario. PSC also checks lights on lifejackets; if all those lights are dead, it’s a deficiency (lesser than missing jackets, but still important to fix for night rescue). We assign 9 – it directly affects survivability and is one of the most basic LSA requirements.",,Life-saving equipment awareness; Lifejacket safety,"Ensure that life-saving equipment (lifejackets, lifebuoys and EPIRBs) is onboard, maintained and readily accessible; provide training and demonstrations so crew and passengers know how to don lifejackets and test EPIRBs",,,,Condition of life jackets (including oversize ones) with lights checked at random.? # Condition and test record of immersion suits. Crew able to demonstrate the wearing of immersion suit in 3 mins? Size of immersoin suits proper for the crew on board?,"Are life jackets in good condition, allocated as per the plan and donning instructions clearly displayed? (V & M)? # Is the vessel provided with a practical guide regarding the management of death at sea? # Are procedures in place to safeguard the readiness of lifesaving appliances and survival arrangements in sub-freezing temperature? (V)?"
11119,Immersion suits,"(SOLAS III Reg.32.3) For ships trading in cold waters, immersion suits (thermal protective suits) are required for all crew. If suits are missing, not enough for everyone, or unwearable (zipper broken, etc.), crew could die of hypothermia after abandoning ship. PSC in cold regions will detain ships lacking proper immersion suits until rectified (they often inspect a random suit for damage or size). Score 8. (In moderate climates if not required, no issue, but PSC uses this code often in cold area inspections.)",,,,,,,Condition and test record of immersion suits. Crew able to demonstrate the wearing of immersion suit in 3 mins? Size of immersoin suits proper for the crew on board?,"Are immersion suits and anti-exposure suits of an approved type, in good condition, correctly stowed, readily accessible and of the appropriate size? (V & M)? # Are personnel provided with appropriate protective equipment suitable for sub- freezing temperature? (V)? # Is the vessel equipped with suitable material and / or equipment for cleaning the ice and snow from critical areas? (V)? # Are procedures in place to safeguard the operation of critical equipment in sub-freezing temperatures? (V)? # Are procedures in place to safeguard the readiness of lifesaving appliances and survival arrangements in sub-freezing temperature? (V)? # Are procedures in place to safeguard the ballast lines, hydraulic lines, fire lines and bunker lines in sub-freezing temperature? (V)? # Are means and procedures in place to safeguard the readiness of the ballast systems in sub-freezing temperature? (V)? # Is if the vessel intends to trade in Polar Regions, have the hull underwriters and P&I Club been informed? (V)?"
11120,Anti-exposure suits,"These are lighter exposure suits required typically for rescue boat crew or pilots (for use when a work requires going into water in less cold climates). If required and missing, the rescue boat crew might not be protected in cold waters. It’s a moderate deficiency – relevant mainly on some passenger and offshore vessels. PSC will ensure the ship has them if needed. Score 6.",,,,,,,,"Are immersion suits and anti-exposure suits of an approved type, in good condition, correctly stowed, readily accessible and of the appropriate size? (V & M)?"
11121,Thermal Protective Aids,"TPAs are like thermal foil bags provided in liferafts for use by survivors to prevent hypothermia. Each liferaft should have a number of TPAs. If missing, the raft occupants might not last as long in cold conditions. PSC will note missing TPAs (or expired ones) but this alone usually isn’t detainable – they will ensure replacements are obtained. Score 5.",,,,,,,,
11122,Radio life-saving appliances,"Ships must carry at least 2 two-way VHF handheld radios for survival craft to communicate with each other and rescuers. If these are missing or not working (batteries dead), survivors in lifeboats can’t coordinate or signal SAR units. PSC frequently checks these during drills. Missing two-way radios is fairly serious – they will typically insist on obtaining replacements or new batteries immediately (before sailing). Score 7.",,,,,,,Enough portable radios available and in good working condition?,"Is the main radio aerial earthed and are portable two-way UHF radios approved for use in hazardous areas? # Is the vessel equipped with sufficient portable two-way UHF radios, for use in general on-board operations? (V)? # Are survival craft portable VHF radios in good order and charged? (V)?"
11123,Emergency equipment for 2-way comm.,"Possibly related to on-scene communications for large passenger ships (many portable radios for crew coordination). Not entirely clear, could be duplicative of 11122 or refer to GMDSS handhelds. If it’s referencing passenger ship crew’s portable radios for internal communication during emergency (as required by Safe Return to Port regulations), missing ones would be noted. We’ll score 5 as moderate – context-dependent.",,,,,,,Enough portable radios available and in good working condition?,"Is the vessel equipped with sufficient portable two-way UHF radios, for use in general on-board operations? (V)?"
11124,Embarkation arrangement survival craft,"This refers to the setup for crew/passengers to safely board lifeboats or liferafts: embarkation ladders, platforms, illumination at embarkation stations. If something is unsafe (e.g., no embarkation ladder for rafts so crew would have to jump, or ladder is damaged, or lights not working), PSC will cite it. In passenger ships, poorly arranged mustering/embarkation is detainable as it hinders evacuation. Score 7.",,,,"Life‑saving appliances were among the major deficiency categories in 2024 (10,263 deficiencies)https://safety4sea.com/tokyo-mou-annual-report-2024/#:~:text=In%202024%2C%2015%2C406%20deficiencies%20related,of%20all%20recorded%20deficiencies.","Ensure embarkation arrangements for survival craft are in good working order; inspect and maintain lifeboat davits, winches, and release mechanisms; provide regular crew training and drills; rectify any defects immediately.",,"Condition of lifeboat structure? # Lifeboat launching arrangement - condition of davits, hoisting winch motor, limit switches, embarkation ladders (including the condition of spliced ends), remote lowering mechanism/wire condition. Posters on bulkheads?","Are the lifeboats, rescue boat and davit-launched life raft; their equipment and launching arrangements being serviced periodically; in good condition, and are the crew familiar with the launching procedure and operation? (V & M)? # Are life jackets in good condition, allocated as per the plan and donning instructions clearly displayed? (V & M)?"
11125,Embarkation arrangements rescue boats,"Ensuring crew can safely board the rescue boat for launch (like a proper access platform or ladder to the boat when stowed). If not, there is risk of a crewman falling while trying to enter the rescue boat during deployment. PSC would require improvement (maybe railing or a step installed). Moderate.",,,,,,,,
11126,Means of recovery of life saving appliances,"Possibly about recovering lifeboats/rescue boats (e.g., ship must have a way to retrieve boats after a drill or after deployment). If a ship cannot recover its rescue boat (no davit recovery method working), that’s an issue but secondary to launching. Or it could mean retrieving a liferaft from water (some ships have raft recovery davits). Moderate-low.",,,,,,,"Lifeboat launching arrangement - condition of davits, hoisting winch motor, limit switches, embarkation ladders (including the condition of spliced ends), remote lowering mechanism/wire condition. Posters on bulkheads? # Rescue boat condition, launching and davit. If davit is equipped with hydraulic accumulator, it should be able to hold the hydraulic pressure. Test /service records are also important?","Are the lifeboats, rescue boat and davit-launched life raft; their equipment and launching arrangements being serviced periodically; in good condition, and are the crew familiar with the launching procedure and operation? (V & M)? # Are records available to show that emergency escape breathing devices (EEBDs) in the accommodation and engine room are being inspected, in good condition and are available for instant use? (V & M)? # Are procedures to recover essential equipment documented and posted in the engine room? (V)?"
11127,Buoyant apparatus,"Old term for non-inflatable throw-over flotation (no longer used on SOLAS ships, but may apply to smaller non-SOLAS craft). If present and required, should be there. Not relevant to most modern vessels. Low severity in SOLAS context.",,,,,,,,
11128,Line-throwing appliance,"A pyrotechnic line-throwing device for rescue operations (SOLAS III). If missing or expired, the ship cannot shoot a line to another ship or person at distance. PSC will require replenishment. It’s rarely used but required, so minor to moderate. (They often check expiration of rockets in it along with flares.)",,,,,,,,
11129,Operational readiness of lifesaving appliances,"A general code indicating that LSA weren’t in ready condition. PSC might use this if, for example, multiple LSA issues were found: some lifejackets inaccessible, lifeboat not ready for immediate launch, etc. It signals an ISM failure to keep LSA ready. We assign 8 since typically it accompanies serious findings like “many appliances not ready = big safety culture problem.”",,,,,,,,Are procedures in place to safeguard the readiness of lifesaving appliances and survival arrangements in sub-freezing temperature? (V)?
11130,"Evaluation, testing and approval","Possibly about ensuring LSA are of approved type and regularly tested (e.g., lifeboat release gear annual tests, liferaft service). If PSC finds, say, a non-approved lifebuoy or unapproved retrofitted ladder in lifeboat, they cite it. Or if required periodic servicing wasn’t done (e.g., no record of 5-year dynamometer test of davit winch brake), they use this code. It’s an ISM/maintenance compliance issue. Score 6.",,,,,,,"LSA / FFA Equipment and Systems? # Last 2 Shore service reports of all LSA/FFA euipment. Any concerns identified. Pressure testing record of extinguishers/CO2 bottles? # Note - Each category gives guidance on it's own score. Even though total score may be in above mentioned ranges, a low score in individual categories should drive an expanded inspection in those areas of concern.?","Is the elevator, where fitted, inspected, tested and in good order? (V)?"
11131,On board training and instructions,"Crew must receive instructions on LSA use (SOLAS III/Reg.35) and participate in regular training. If PSC sees crew mishandling LSA or unfamiliar with launching, they might cite this (in addition to drill performance code). It overlaps with fire/emergency drill performance but specifically LSA-related. Score 5 normally; if crew are really clueless, it becomes an ISM detention anyway.",,,,,,,,
11132,Maintenance and inspections,"SOLAS III/20 requires weekly and monthly inspections of LSA and records in log. If PSC finds no evidence of these (e.g., the lifeboat falls were never inspected/lubricated, or no log entries of weekly lifejacket count), it indicates poor maintenance that often correlates with actual defects. They will issue an ISM-related deficiency. Score 7 – preventative maintenance lapse on critical equipment.",,,,,,,,Are there records indicating that routine tests and checks of bridge equipment are being undertaken regularly? (V)? # Are Water Ingress Detector System(WIDS) and alarms maintained in good condition and are the records of tests being maintained? (V & M)?
11134,Operation of Life Saving Appliances,"If during PSC the crew demonstrated inability to operate LSA properly (e.g., they didn’t know how to free-fall launch, or couldn’t start lifeboat engine, etc.), PSC will consider the ship unsafe. It’s similar to 04109/04110 but specifically about LSA. Likely detention until crew are retrained or issue fixed, as it’s an operational failure with potentially fatal consequences. Score 8.",,,,,,,,
11135,Maintenance of Life Saving Appliances,"Overlap with 11132, but maybe emphasizing actual condition rather than record-keeping. If PSC finds, say, cracked lifeboat hull due to poor maintenance or severely corroded davit because it wasn’t painted, they’ll use this. It’s high – if maintenance is so poor that LSA integrity is in doubt, detention is likely until repairs. Score 7.",,,,,,,Condition of PV valves and maintenance/testing records? # Last 2 Shore service reports of all LSA/FFA euipment. Any concerns identified. Pressure testing record of extinguishers/CO2 bottles? # Review of piping system/valve integrity as per maintenance records.? # Random check of critical spares/essential spares ROB?,Are there records indicating that routine tests and checks of bridge equipment are being undertaken regularly? (V)? # Are records maintained of the regular inspection and maintenance of the cargo-securing devices on board the ship? (V)? # Are the officers and ratings aware of the location of the emergency stop devices; are the emergency stop devices in good order and is there recorded evidence of regular testing? (V)?
11199,Other (life saving),Any other LSA issue not covered (maybe something like “rescue boat launching area not illuminated” or “lifeboat engine fuel low” etc.). Generally treat as high given life-saving context.,,,,,,,,
12,Dangerous Goods,,,,,,,,,
12101,Stowage/segregation/packaging of dangerous goods,"(IMDG Code) For packaged dangerous goods (containers, drums), the IMDG Code dictates segregation (e.g., oxidizers away from flammables) and proper packaging. If PSC finds incompatible DG stowed together (say acids over cyanides, or flammable and oxidizer adjacent) or damaged packaging (leaking drums), it’s a critical hazard. They will likely stop cargo operations and detain until re-stow or removal of the offending car3】. This is one of the most serious cargo issues – mishandling of DG has caused deadly explosions (e.g., Beirut 2020). Score 9.",,,,,,,,"Has an IMDG spotting plan been prepared, updated, and made available for emergency preparedness? (V)? # Are officers familiar with the exothermic chain reaction and the stowage and segregation requirements for calcium hypochlorite in containers? (V)?"
12102,Dangerous liquid chemicals in bulk,"(IBC Code) Chemical tankers must have a Certificate of Fitness listing allowed cargoes and corresponding required ship equipment (e.g., vent scrubbers, specialized materials). If the ship carries a chemical it isn’t certified for (e.g., a toxic cargo without appropriate ventilation system), that’s detainable – environment and crew at risk. Also if required equipment for certain cargoes (like special gauging devices for toxic products) is not working, it’s severe. PSC will make the ship remove or not load that cargo until compliance. Score 8.",,,,,,,,"Are Material Safety Data Sheets (MSDS) for all bunkers, chemicals, paint, corrosive, and toxic materials available, and are all crew familiar with their contents? (V)? # Are officers familiar with the exothermic chain reaction and the stowage and segregation requirements for calcium hypochlorite in containers? (V)?"
12103,Liquefied gases in bulk,"(IGC Code) LNG/LPG carriers also have stringent requirements. Any deviation (like carrying a gas without proper tank design or failing to meet temperature/pressure control due to equipment failure) is extremely dangerous. PSC will detain a gas carrier with major equipment faults (e.g., inoperative cargo tank pressure relief or dump valves), as a minor leak or overpressure can cause catastrophic BLEVE. Score 8.",,,,,,,,"Is there an approved LNG Fuel Handing and Emergency Procedure Manual, and are crew familiar with the bunkering and emergency procedures such as leakage, fire or potential fuel stratification resulting in rollover? # Are staff responsible for LNG bunkering aware of their responsibilities and actions to be taken in case of malfunction or emergency and are instructions and warning signs clearly posted on site for safe LNG bunkering operation? # Is the LNG bunkering operator control panel fitted with an earth indicator light to indicate the faulty circuits and is the control panel free of any faulty earth indication during LNG bunkering? # Have the key components of the LNG bunkering system been identified, included within the PMS, maintained and where applicable, calibrated as per the manufacturer’s recommendation? # Is there a procedure for communication failure during LNG bunkering operation and are crew familiar with such a procedure? # Is there an agreed method of tank pressure and temperature control between the delivering and receiving vessels and is there recorded evidence to show that both ships’ combined temperature and pressure range are within the safety limits before commencing LNG bunkering? # Has the LNG hose handling operation been carried out and supervised by trained personnel? # Has the LNG fuels bunkering checklist been correctly completed and is there evidence to show that they are effectively managing their obligations as accepted in the checklist? # Are LNG bunker lines being inerted immediately after completion of LNG bunkering and disconnection of hoses from the manifolds and before departure? # Are LNG fuel tanks protected by an independent LNG tank level alarm device and is there recorded evidence to show that the device has been tested regularly? # Is prevention of over-pressurization of the LNG transfer system in the event of activation of the ERS or the ESD documented in the LNG fuel-handing manual? # Are precautions to prevent electrostatic charge in the LNG bunker hose being taken and, have the minimum and maximum hose lengths and diameters that the hose support loading arm and/or hose saddles can support been documented in the LNG fuel-handing manual?"
12104,Dangerous goods code,"Possibly a generic reference to compliance with the IMDG Code documentation and requirements. If the ship’s Dangerous Goods Document or special list/manifest is missing or inaccurate, it’s a compliance issue and a safety risk for emergency responders not knowing what’s on board. PSC will require the correct paperwork – moderately high importance (especially for shore firefighters).",,,,,,,,
12105,Temperature control,"Some DG and bulk liquids require temperature control to prevent dangerous reactions (e.g., certain organic peroxides must be kept refrigerated, certain cargoes need heating to remain pumpable but not overheated). If PSC finds a temperature-controlled DG cargo not being maintained within safe limits (e.g., a reefer container of polymerizing material at too high a temp), or a tanker heating a cargo above its safety limit, they will intervene – either requiring immediate correction or offloading the cargo. Score 8 – mishandling can lead to explosion or cargo self-ignition.",,,,,,,,Is there an agreed method of tank pressure and temperature control between the delivering and receiving vessels and is there recorded evidence to show that both ships’ combined temperature and pressure range are within the safety limits before commencing LNG bunkering? # Is there a procedure for monitoring the temperature of refrigerated containers and are records maintained? (V)? # Are officers familiar with the exothermic chain reaction and the stowage and segregation requirements for calcium hypochlorite in containers? (V)?
12106,Instrumentation,"Tankers carrying dangerous liquids must have instruments like gas detectors, tank pressure sensors, oxygen analyzers, etc., depending on cargo. For example, carrying toxic vinyl chloride requires continuous tank pressure monitoring and alarms. If key instruments for monitoring cargo condition are not working, it’s serious – crew might not detect dangerous situations (overpressure, toxic leaks). PSC likely detains until fixed or imposes operational restrictions. Score 7.",,,,,,,"Condition of Cargo tank level gauging system - Remote ullaging, functioning of high level alarms, independent hi-hi level alarms, secondary means of venting (pressure sensors). ROB of spares? # Cargo tank pressure sensors (all should be operational) and spare sensors?","Is there recorded evidence of regular calibration of thermometers, pressure gauges, the gas detection system and tank level gauges? # Is if coal cargo is being carried, was the ship equipped with appropriate instruments for measuring the temperature of cargo, monitoring the atmosphere of the cargo hold and checking the pH value of cargo bilge sample? (V)?"
12107,Fire protection cargo deck area,"Tankers carrying dangerous cargo need specific fire protection on deck (e.g., fixed foam monitors covering cargo manifolds, water spray on LPG tank domes). If these systems are inoperable or inadequate, any deck fire during cargo transfer could escalate uncontrollably. PSC often tests foam systems on tankers; a failed foam system is usually detention until repair0】. Score 8.",,,,,,,"Fixed fire fighting system for deck on tankers last tested/next testing due. If foam system, check foam type and analysis reports , level of compound in foam tank (reqd qty of foam compound as per calculations in Foam system manual to be displayed at tank. Level corresponding to this approved quantity to be marked on level gauge.? # Fixed deck water spray system for gas carriers and IGF code vessels? # Fixed fire fighting system for paint store/Sample locker? # Condition of fire line isolating valve. For tankers, condition of main deck line isolating valves? # Fire detection & alarm system  condition of sensors/test record / test gas(should be non flammable type for tankers)? # Condition of cargo manifold for tankers - drip tray, gratings, drain lines, pipe supports, manifold valves, thickness of manifold flange, condition of spare reducers?","Are those officers who have immediate responsibility for carrying and care of dangerous and hazardous substances in solid form in bulk, in possession of specialised training as appropriate to the type of cargo being carried? (V)? # Has a sample of foam compound, applicable to both fixed and portable systems, been sent for regular testing and is evidence of satisfactory results available? # Is adequate manifold spill containment provided under the bunker manifolds, and are they clean and empty? (V)? # Is there an approved LNG Fuel Handing and Emergency Procedure Manual, and are crew familiar with the bunkering and emergency procedures such as leakage, fire or potential fuel stratification resulting in rollover? # Is a water curtain system provided for the ship’s sides in way of manifold and is the manifold tray arrangement adequate and free of any sharp edges? # Have precautionary measures to minimise the risk of potential liquefaction and chemical reaction within the cargo during the voyage been incorporated in the procedures, and are these procedures being followed? (V)? # Is if coal cargo is being carried, was the ship equipped with appropriate instruments for measuring the temperature of cargo, monitoring the atmosphere of the cargo hold and checking the pH value of cargo bilge sample? (V)? # Can timber deck cargo be jettisoned into the sea in a controlled manner in an emergency? (V)? # Is the ro-ro cargo ship equipped with CCTV remote monitoring to monitor the vehicle decks? (V)? # Is there a procedure for suppression of dust during cargo operations? (V)? # Are boom dust cover, spill tray and telescopic chute arrangements, where applicable, adequate? (V)? # Is the vessel is provided with guidelines for ‘the prevention, early detection and suppression of fire in the cargo conveyor tunnel’ and are the crew familiar with the guidelines? (V)?"
12108,Personal protection,"On chemical tankers, the crew must have personal protective gear per IBC Code (like chemical suits, respirators) for emergency response to spills. If these are missing or unusable, crew cannot safely address leaks – a major hazard. PSC will detain a chemical tanker without required PPE (for example, no suitable acid suits when carrying strong acids) until gear is provided. Also, even on general ships carrying some dangerous goods, relevant PPE must be aboard (e.g., breathing apparatus for toxic gas containers). Score 7.",,,,,,,,Has a PPE Matrix for use of personal protective equipment been provided and is it being worn as required? (V)?
12109,Special requirements,"Many dangerous cargoes have additional specific requirements (e.g., inhibited chemicals need a certificate of inhibitor, certain toxic cargoes require double isolation of valves). If these special provisions (not easily categorized generally) aren’t met, it’s a serious safety gap. PSC will enforce these strictly – e.g., if a stabilizer inhibitor certificate for a polymerizing monomer is not provided, they might refuse loading or detain ship until cargo proven sa3】. Score 7.",,,,,,,,"Are those officers who have immediate responsibility for carrying and care of dangerous and hazardous substances in solid form in bulk, in possession of specialised training as appropriate to the type of cargo being carried? (V)? # Are those officers who have immediate responsibility for carrying and care of dangerous and hazardous substances in packaged form, in possession of specialised training as appropriate to the type of cargo being carried? (V)? # Is the vessel provided with a specific isolation procedure for the gantry cranes? (V)?"
12110,Tank entry,"Refers to safety of entering cargo tanks (likely overlapping with enclosed space entry but specific to cargo tank cleaning/maintenance). If PSC finds that tank entry procedures for dangerous cargo tanks aren’t followed or required gas-free certificates aren’t obtained, that’s extremely dangerous (crew could be overcome by toxic vapors or low oxygen). This is an ISM and chemical code violation – high severity. They might detain operations until proper tank gas-freeing and certification is done. Score 8.",,,,,,,,"Are enclosed space entry procedures defined, up to date and accurate in the safety management system, and is a specific list of enclosed spaces clearly defined on board ,and are the ship’s personnel familiar with the enclosed space entry procedures? (V)?"
12112,Dangerous goods or harmful substances in pack. Form,"(MARPOL Annex III) This likely pertains to the environmental aspect of packaged DG (“Marine Pollutants”). If such substances are carried, they must be properly marked and documented as Marine Pollutant and properly stowed to prevent pollution in case of loss. PSC checks that marine pollutant cargoes have proper labels (the “fish and tree” symbol) and segregation. If not, it’s a MARPOL Annex III breach – moderate severity: not immediately unsafe to ship structure but environmentally important. They’ll require proper marking and record it. Score 6.",,,,,,,,Has a declaration been provided by the shipper as to whether the cargo is harmful to the marine environment (HME)?
12199,Other (tankers),"Any other requirement for tankers not covered – could be something like deck water spray system on LPG carriers (if not covered above), or specialist equipment for particular cargo. Usually moderate-high by default since tanker issues are potentially severe.",,,,,,,,
13,Propulsion and auxiliary machinery,,,,,,,,,
13101,Propulsion main engine,"If the main engine cannot be relied upon (e.g., it fails to start or keep running, or critical components are broken), the ship essentially can’t sail safely. PSC will detain a ship for any major main engine deficiency – for example, if during sea trial the engine failed to reverse, or it broke down entering port. Often a ship with engine trouble is detained until repairs and class verificati7】. This is maximum severity: loss of propulsion has caused many groundings.",,"Incidents – groundings, collisions and equipment failures",Maintain propulsion and engine control systems; promptly rectify any engine or steering failures to prevent collisions and groundingshttps://www.amsa.gov.au/news-community/news-and-media-releases/february-2025-marine-incident-report#:~:text=During%20February%202025%2C%20there%20wereand%20one%20was%20very%20serious,,,,Condition of lifeboat machinery including covers. Engines Tried Out. Starting battery expiry date (or supply date) and spare starting motor.?,Are the major components of the main engine maintained as per manufacturer’s recommendations and records of periodic maintenance kept? (V)?
13102,Auxiliary engine,"Auxiliary engines (generators) provide electrical power. If one generator is down but others suffice, it’s noted but not detaining as redundancy remains. However, if the ship does not have redundancy (e.g., one generator of two is busted leaving no backup) or if total generation is insufficient, PSC will detain it – power loss can lead to blackouts, navigation failure, and inability to fight fires. We score 8 – often two of three DGs can be out and still not detainable if port-hop to repair, but one of one out is a show-stopper.",,,,,,,,"Are the major components of the auxiliary engines maintained as per manufacturer’s recommendations and records of periodic maintenance kept? (V)? # Are crew familiar with the starting procedure for the emergency generator and how to put power on the emergency switch board? (V)? # Is if the starting source of the emergency generator relies on a single starter motor, has a spare starter motor been provided? (V)? # Is if an emergency generator is not fitted, are engine room emergency batteries in good order, fully charged and capable of supplying the designed power load up to a minimum 18 hours? (V)?"
13103,"Gauges, thermometers etc.","All machinery should have functioning gauges (oil pressure, temperature) so crew can monitor it. If many gauges are broken, crew might miss a problem (like overheating) until it causes failure or fire. PSC will cite missing/defective indicators – not immediately detainable if crew have alternate means, but it’s an ISM issue to fix. Moderate severity (crew should fix gauges promptly to avoid undetected issues).",,,,,,,Condition of hoses and nozzles Samples Checked ? # Operating condition of Valve indicators and controls?,"Are the drains, vents, and pressure gauges at the bunker manifolds in good order and blanks fitted when not in use? (V)? # Is there recorded evidence of regular calibration of thermometers, pressure gauges, the gas detection system and tank level gauges? # Are necessary instruments (with spares) to determine the dew point provided, maintained in good condition and are there records of the calibration of such instruments? (V)? # Are necessary instruments (with spares) to determine the dew points provided, maintained in good condition and are there records of calibration of such instrument? (V)? # Are the belt speed- sensors, belt scales and slip detecting device, where applicable, in good order and maintained as per manufacturer recommendations? (V)? # Are the loose gears of lifting appliances marked clearly and are the certificates of the loose gears available and traceable on board? (V)? # Have a Crane Monitoring System and a port/crane performance logger been provided, are they in good condition and regularly monitored? Are faults recorded in the fault log, verified and fault-finding rectification procedures recorded appropriately? (V)? # Are main engine bearing temperature monitors or crankcase oil mist detector(s) in good condition and regularly tested as per manufacturer instruction? (V)? # Are the self-closing valves and gauge glasses being maintained and in good order? (V)?"
13104,Bilge pumping arrangements,"Being able to pump out water (bilges) is crucial. If bilge pumps in engine room or holds aren’t working, or valves are seized, the ship could flood slowly and not manage it, risking foundering. PSC often tests bilge pumps (especially after seeing oily water in bilges – also ties to MARPOL). A nonfunctional bilge system is detainable – vessel can’t be allowed to sail until it can dewater itself in an emergency. Score 9.",,Tender safety and vessel stability,Provide adequate bilge pumping arrangements for tenders and small vessels to prevent swamping or capsizing,,,,"Bilge alarm and pumping arrangement? # Seals of cargo and ballast pumps - free of leakages and clean bilges/tanktop? # Function test of Pumping arrangements for bosun store, steering flat?","Are the cargo hold bilge pumping systems and bilge arrangements appropriately set, in good order and tested? # Are the emergency bilge suction and emergency overboard discharge valves in the engine room in good order and clearly identified with a notice warning against accidental opening and, is the area around the bilge injection suction bellmouth clear of debris and clean? # Are the Engine room Bilge pumping system and Oily Water Separator (OWS) in good order and being operated in accordance with MARPOL requirements? # Is the steering compartment oily bilge water discharge arrangement satisfactory? # Are the hold bilges cleaned prior to loading and are cleaning and checks being recorded? (V)? # Are engine room bilges clean and free of oil and sediment? (V)?"
13105,UMS-ship,"If a ship is certified for Unattended Machinery Space operation but PSC finds it doesn’t meet UMS standards (e.g., alarms unreliable, or automation not functioning), they may remove the UMS notation (require manned engine room). They won’t necessarily detain the ship if it can sail with engineers on watch 24/7, but if crew size is small, that becomes an issue. This is moderate – it affects operation mode rather than immediate safety if mitigated by manning.",,,,,,,,"Is if the vessel has been certified for periodically unattended machinery spaces (UMS), is the machinery space being operated in that mode? (V)? # Is if the engine room is not being operated in UMS mode, are there sufficient engineers and crew on board for safe operation of the machinery space? (V)? # Have the entry requirements to the engine room when operating in UMS mode been documented, posted at the entrance to the engine room and understood by all crew? (V)?"
13106,Insulation wetted through (oil),Oil-soaked insulation on engine exhausts or hot pipes is extremely dangerous – it can ignite. This code points to exactly that scenario: lagging “wetted” with oil. PSC and USCG frequently detain ships for this conditi4】 as it has caused engine room fires. It also indicates ongoing leaks not fixed – an ISM failure. Score 9 – they will demand cleaning or renewing insulation and fixing leaks before departure.,,,,,,,Condition of ER piping - leaks/soft patches/ temporary repairs? # Condition of ER piping below floor plates - leaks/soft patches/ temporary repairs? # Oil/water leaks from ME components? # Oil/water leaks from AE. Drip tray of each AE to be clean and well painted.?,"Are engine exhausts and other hot surfaces effectively shielded against oil spray and are flanges and connections of flammable liquid pipelines adequately protected with guards and spray tape? (V)? # Is lagging and insulation, free of any significant oil impregnation ? (V)?"
13108,Operation of machinery,"Possibly used if PSC observes crew operating machinery incorrectly (maybe not using cooling system properly, or ignoring safety interlocks) or machinery that should be in operation is not (like hydraulic steering pump off when it should be on automatic). It’s a broad ISM category. Score 5 unless a specific hazardous practice is noted (then it could escalate via other codes).",,,,,,,"Quick closing valves & mechanism, check of operation.? # Operating condition of Valve indicators and controls? # Operate the crane and check the functioning of limit switches (Hoisting, Traverse/Slewing End limits)? # Operating condition of heavy duty electrical motors? # Operating condition and running hours/day of Main Air Compressor? # Operating condition of Accom AC system and prov refrigeration system?","Is a Class-approved loading computer or programme in use and has its operational accuracy been regularly tested? (V)? # Is the machinery of the cargo crane, including controls in the operator’s cab inspected, tested, and maintained as per manufacturer’s recommendations? (V)? # Are the mechanical brakes for the gantry crane motions in good order, tested regularly, and recorded? (V)?"
13199,Other (machinery),"Any other machinery issues, e.g., a cracked engine bedplate, severe vibration on shaft, non-functional emergency generators (though that’s covered in emerg systems) or unapproved modifications. This catch-all can include serious things – default to 7, but actual severity depends on what it is.",,,,,,,Operating condition of AE (each must be able to take at least 80% of rated load)? # Operating condition of heavy duty electrical motors?,
14,Pollution Prevention - MARPOL Annex I,,,,,,,,,
14101,Control of discharge of oil,"This general code implies the vessel is not properly controlling oil discharges (e.g., bypassing OWS, pumping oily bilge or sludge out illegally). If PSC suspects or has evidence (oil in water around ship, magic pipe, etc.), it’s treated with maximum severity: detention and likely referral for prosecuti​safety4sea.com8】. Oil pollution violations carry massive fines and criminal charges (whistleblower cases often fall under thi3】. Score 10.",,,,,,,,
14102,Retention of oil on board,"The ship must retain oily residues (sludge) and oily bilge water on board until proper disposal. If PSC finds sludge tanks full with no disposal records, they suspect illegal dumping. Or if incinerator is inoperable and sludge still not landing ashore, where’s it going? Very high severity – suggests MARPOL violation. They may detain until sludge is properly disposed in port and systems fixed, plus scrutinize ORB entries. Score 9.",,,,,,,Overall condition. Any oil stains/coating breakdown on shipsides?,"Is the Oil Record Book (Part 1) completed correctly? # Are the ship’s personnel aware of the requirements of MARPOL Annex V with respect to the disposal of operational waste and cargo residues from ships? # Are the arrangements for detection and disposal of water from forecastle store and chain locker in good order, and are measures in place to prevent the accidental discharge of oil? # Is the ro-ro cargo ship drainage system in good order, tested regularly and are effective measures in place to prevent blocking of drains? (V)? # Is lagging and insulation, free of any significant oil impregnation ? (V)?"
14103,Segregation of oil and water ballast,"Ships must segregate fuel oil tanks and ballast tanks (also cargo oil and ballast on tankers). If PSC finds, say, a ballast tank contaminated with oil or an illegal connection between fuel and ballast systems, it’s serious (could lead to oily ballast discharge). They will detain until segregation is restored (and require cleanup of tanks). Score 8.",,,,,,,,"If ballast tanks are located adjacent to fuel oil tanks, or there is a possibility of contamination by hydraulic oil, are ballast tank contents being sampled to ensure there has been no contamination of the water by oil prior to discharge?"
14104,Oil filtering equipment,"(MARPOL I Reg.14) The Oily Water Separator and 15-ppm monitor are critical for legal bilge discharge. If the OWS is inoperable or bypassed, PSC treats it as one of the gravest deficiencies – typically detaining the vessel and investigating for intentional polluti​safety4sea.com8】. Many detentions and legal cases involve non-functional or tampered OWS equipment (e.g., magic pipe to bypas7】. Score 10. (Often accompanied by code 30 action – detention and flag/USCG informed for potential prosecution.)",,,,,,,"15 ppm OWS , ODME, sewage plant (STP), incinerator - operation/test records. Effluent test records for STP.?",Are the Engine room Bilge pumping system and Oily Water Separator (OWS) in good order and being operated in accordance with MARPOL requirements? # Have specific warning signs been posted at the Oily Water Separator overboard discharge valve and effective sealing arrangements implemented to prevent accidental opening? # Is the steering compartment oily bilge water discharge arrangement satisfactory?
14105,"Pumping, piping and discharge arrangements","This refers to the engine room bilge and sludge pumping arrangements – PSC looks for unauthorized pipes or valves that could discharge overboard. For example, an illegal connection (“magic pipe”) from sludge tank to overboard is a smoking gun for pollution. If PSC finds any suspicious piping or disconnected seals on overboard valves, it’s immediate detention and investigati0】. Score 10 – direct evidence of MARPOL violation. (Even not having the standard discharge connection for shore could fall here, though that is minor in itself – the bigger context is bypass potential.)",,,,,,,Seals of cargo and ballast pumps - free of leakages and clean bilges/tanktop? # Review of piping system/valve integrity as per maintenance records.? # Operating condition of Main Sea Water pumps / Boiler feed water pumps / ME associated pumps / FO supply/circulating pumps?,"Are the cargo hold bilge pumping systems and bilge arrangements appropriately set, in good order and tested? # Is the sounding of cargo hold bilge, ballast tanks, chain lockers, pipe ducts and other void spaces regularly performed for accumulations of water, or alternative evidence of regular monitoring? # Are the arrangements for detection and disposal of water from forecastle store and chain locker in good order, and are measures in place to prevent the accidental discharge of oil? # Are the emergency bilge suction and emergency overboard discharge valves in the engine room in good order and clearly identified with a notice warning against accidental opening and, is the area around the bilge injection suction bellmouth clear of debris and clean? # Are arrangements for sludge collecting pumps free from any connection to a direct overboard discharge? # Are the Engine room Bilge pumping system and Oily Water Separator (OWS) in good order and being operated in accordance with MARPOL requirements? # Have specific warning signs been posted at the Oily Water Separator overboard discharge valve and effective sealing arrangements implemented to prevent accidental opening? # Is the steering compartment oily bilge water discharge arrangement satisfactory? # Is the vessel free from any visible valve or pipeline leakage? # Are the ballast pumping systems, their associated instruments, controls, valves, and pipework in good order and is there recorded evidence of regular inspection? # Are tank domes, domes’ insulation, vapour and filling pipes’ insulation, manhole cover insulation and associated fittings in good order, free from leaks and corrosion? # Is the ro-ro cargo ship drainage system in good order, tested regularly and are effective measures in place to prevent blocking of drains? (V)? # Are the tunnel trash pumping and disposal arrangements in good order and is the overboard valve provided with a notice warning against discharge of oil or oily mixture? (V)? # Are the drain holes of coaming clean, the inboard coaming faces free from any vertical rust staining and are the non-return valves in good condition? (V)? # Are engine room bilges clean and free of oil and sediment? (V)? # Are the sea chest, seawater pumps and related sea water lines in good order, free of hard rust and temporary repairs? (V)? # Are main engine sea chests provided with steam heating systems and is a record of check available? (V)?"
14106,Pump room bottom protection,"Tankers must have double bottoms in pump rooms or equivalent to avoid outflow if pump room floor is breached. If an older tanker lacks this or it’s not as per MARPOL, PSC would likely not allow it to carry heavy oil. This is more a design requirement flagged during certification. If PSC discovered a structural non-compliance, it’s high severity; though nowadays, older non-compliant tankers are phased out. Score 7.",,,,,,,"Condition of light fittings on the forward side of the accommodation. For tankers, must be Explosion proof and in intact/gas tight condition.? # Smart operation of Pump room blower flaps both at top and bottom of pump room.? # Function test of Pumping arrangements for bosun store, steering flat?","Are precautions to prevent electrostatic charge in the LNG bunker hose being taken and, have the minimum and maximum hose lengths and diameters that the hose support loading arm and/or hose saddles can support been documented in the LNG fuel-handing manual? # Are the compression bars and the coaming tops’ water channels clean, free of corrosion and maintained in good condition? (V)?"
14107,Oil discharge monitoring and control system,"On crude oil tankers, the ODMC monitors oil content and total volume of cargo/ballast discharges from slop tanks. If it’s not working or calibrated, the ship legally cannot discharge any tank washings at sea. PSC will detain a tanker with inoperable ODMCS if it intends to do any discharge. Score 9 – essential to prevent illegal cargo oil discharge.",,,,,,,,
14108,15 PPM alarm arrangements,"The oil content meter on the OWS must alarm and auto-stop discharge if >15 ppm oil. If this arrangement fails (e.g., sensor broken or bypassed), the ship could pump oil overboard without alarm. PSC treats a nonfunctional 15-ppm alarm as extremely severe – essentially the OWS is not legally complia​safety4sea.com8】. Detention until fixed, and heavy suspicion of illegal discharge. Score 10.",,,,,,,Bilge alarm and pumping arrangement? # Operating condition of Cargo Tank Overfill Alarm System? # Review of PMS for ME / AE / Aux Boiler/ SW pumps / Purifiers/ Main Air Compressors/Cranes?,Has the hydraulic oil of the self-unloading system been tested regularly for contamination and deterioration as per manufacturer recommendation?
14109,Oil / water interface detector,"Tankers sometimes use an interface detector to tell oil/water interface in slop tanks during decanting. If required and not working, they might accidentally pump out oil with the clean water. PSC will likely prevent decanting and insist on pumping all slops to shore or require repair. Not as universally critical as other equipment. Score 6.",,,,,,,Workstation for Cargo Tank Remote Level gauging system?,"Are the arrangements for detection and disposal of water from forecastle store and chain locker in good order, and are measures in place to prevent the accidental discharge of oil? # Is the vessel provided with a means of detecting floating ice? (V)?"
14110,Standard discharge connection,"Ships must have a standard flange to connect to shore reception facilities for oily waste. If missing, it’s minor (the ship can’t easily offload sludge – but they could jury-rig a hose if needed). PSC will note and require they obtain one (cheap item). Low severity.",,,,,,,,Are the tunnel trash pumping and disposal arrangements in good order and is the overboard valve provided with a notice warning against discharge of oil or oily mixture? (V)?
14111,"SBT, CBT, COW","This refers to tanker structural/configuration requirements: Segregated Ballast Tanks, Clean Ballast Tanks (older concept), and Crude Oil Washing. MARPOL required all big tankers to have SBT or equivalent by certain dates, and crude carriers to have COW systems. If a tanker is not in compliance (e.g., an older tanker still using Clean Ballast but its CBT system is inoperative, or no COW on a crude tanker), it’s likely detainable – in fact such ships shouldn’t be trading (most single-hull, non-SBT tankers are gone or restricted). If PSC finds a tanker without functional COW when required, they may not allow it to load crude until fixed. Score 9 (due to pollution risk of not washing properly or carrying dirty ballast).",,,,,,,,
14112,COW operations and equipment manual,"Crude Oil Washing requires an approved manual and proper equipment/training. If PSC finds the COW machine not working or crew not following the manual (like skipping required tank washing before ballast voyage), they’ll detain or at least issue major deficiency. Improper COW can leave sludge (later illegally dumped) or cause safety issues (spray ignition). Score 7.",,,,,,,,Has the hydraulic oil of the self-unloading system been tested regularly for contamination and deterioration as per manufacturer recommendation? # Has the hydraulic oil of the gantry crane system been tested regularly for contamination and deterioration as per manufacturer recommendation? (V)?
14113,Double hull construction,"MARPOL phased in double hulls for tankers to reduce spill risk. If by some anomaly a single-hull tanker (of size >600DWT carrying heavy oil) is still trading past phase-out without exemption, PSC would detain or ban it. Double-hull structural damage could also be considered here (e.g., ballasting a full cargo tank if one side of double hull breached – not allowed). Basically, any deviation from double-hull requirement is extremely serious. Score 9.",,NCP 2024-25: Watertight integrity & maintenance – increased flooding incidents,Ensure double hull construction integrity; inspect inner and outer hull plating; maintain void spaces and ballast tanks; repair damage promptly to prevent flooding.,,,,,
14114,Hydrostatically balanced loading,"An interim measure for some single-hull tankers was Hydrostatically Balanced Loading (HBL) to reduce outflow in grounding. If applicable and not being followed (e.g., a tanker that promised to do HBL as condition for continued operation but isn’t actually doing it), PSC would detain/deny it to load heavy cargo. However, since single-hulls are largely phased out, this is rare now. Score 6 historically; moot today mostly.",,,,,,,,"Is bunker transfer system hydrostatically tested to their Maximum Allowable Working Pressure (MAWP) on an annual basis and to 1.5 times their MAWP at least twice within any five years period? # Are there procedures in place for loading, ballasting and de-ballasting of the ballast holds? (V)?"
14115,Condition Assessment Scheme,"CAS is an enhanced structural survey regime for older tankers beyond a certain age. Tankers subject to CAS must have a Statement of Compliance. If an aging tanker doesn’t have valid CAS documentation, PSC will view it as substandard – likely detain or at least require immediate surv7】. Score 8 – significant structural safety/pollution prevention measure.",,,,,,,,Is the enhanced survey report file adequately maintained and does the condition evaluation report confirm the fitness of the ship for its intended service for the next five years?
14116,Pollution report - MARPOL Annex I,"If there was an oil spill (even minor) and the ship did not report it as required to coastal authorities, that’s a serious violation (failure to report is illegal and impedes response). PSC will treat non-reporting as a major compliance breach – likely fines and detenti3】. E.g., if oil stains are found on deck/drip trays and ship didn’t notify anyone, they’ll suspect a spill was hidden. Score 8.",,,,,,,,
14117,Ship type designation,"Possibly verifying the MARPOL “ship type” (for tankers, e.g., Type 1, 2, 3 for chemicals, or for oil tankers the category for phase-out). If there’s confusion or mislabeling in certs (like a tanker being operated in a way not suitable for its type), PSC notes it. But this is documentation. Moderate to low – unless it implies carrying forbidden cargo for its type, which would be handled under other codes.",,,,,,,,
14119,Oil and oily mixtures from machinery spaces,"Possibly a general code used if PSC finds evidence the ship discharged machinery space bilges illegally (like traces of oil in overboard discharge or an unaccounted drop in bilge content). Could overlap with 14101. As a general statement, if PSC believes machinery space oily mixtures were pumped out (bypassing OWS), it’s extremely severe (detention, legal action). We give 8 assuming it’s used for suspected subtle violations (like oil sheen observed around discharge during bilge pumping test).",,,,,,,,"Are there procedures for analysis of fuel, lubricating and hydraulic oils, and are oil sampling requirements aligned with equipment manufacturer’s recommendations? (V & M)? # Has the hydraulic oil of the self-unloading system been tested regularly for contamination and deterioration as per manufacturer recommendation? # Has the hydraulic oil of the gantry crane system been tested regularly for contamination and deterioration as per manufacturer recommendation? (V)? # Is the pipe work in the machinery space, including but not limited to steam, fuel, lubricating oil, sewage, drain and air lines well maintained, in good condition and free of any temporary repair? (V)?"
14120,"Loading, unloading & cleaning procedures cargo spaces of tankers","Tankers must follow procedures to avoid spillage during loading/discharge and proper tank cleaning disposal. If PSC observes poor practices (overflowed cargo during loading, cargo hoses not drained before disconnect, not following the pre-wash required for persistent oils), they will issue deficiencies and possibly detain for major procedural lapses. Score 7 – can lead to small spills or built-up sludge (which then risks illegal disposal).",,,,,,,,Are there guidelines and procedures for hold cleaning after completion of unloading? (V)?
14121,Suspected of discharge violation,"If PSC outright suspects (even without catching in the act) that the ship violated discharge regulations (e.g., ORB entries are obviously fabricated or a whistleblower reports illegal dumping), they will act with maximum severi​safety4sea.com8】. This code essentially flags that the ship is believed to have done an illegal discharge. Consequences: detention, thorough investigation (often with flag and maybe criminal investigators), sampling of tanks, etc. Score 10 – it’s as severe as 14101/14104 because it indicates an actual pollution event likely occurred.",,,,,,,,
14199,Other (MARPOL Annex I),,,,,,,,,
142,Pollution Prevention - MARPOL Annex II,,,,,,,,,
14201,Efficient stripping,"Chemical tankers must achieve certain stripping efficiency (very little residue left after pumping out cargo). Stripping performance is ensured by design and periodic tests. If PSC finds the ship’s stripping system is not achieving required efficiency (perhaps via a test or previous history), they might require a mandatory prewash in port for each cargo (which is costly/time-consumin7】. It’s a significant environmental issue: poor stripping = more residue discharged at sea. Score 7 – they likely won’t detain the ship itself, but they will enforce additional measures (like no at-sea discharge of wash water, only to reception facility).",,,,,,,,Is the belt cleaning system/scrapper in good order and maintained as per manufacturer recommendation and is there evidence to show that the belt cleaners have been inspected regularly for proper function? (V)?
14202,Residue discharge systems,"This refers to the arrangements for handling Annex II residues – special slop tanks, dedicated pump for stripping, etc. If not functioning, the ship might discharge more residue at sea than allowed. PSC will ensure any required dedicated equipment (like closed loading/unloading system) is working. If not, they can detain or restrict cargo carriage until fixed. Score 7.",,,,,,,,
14203,Tank washing equipment,"Chemical tankers have tank washing machines, sometimes with specialized features (like machine able to reach all areas to avoid clingage). If these fail, certain cargo residues can’t be fully removed (leading to potential contamination of next cargo or illegal disposal). PSC will note it and likely require manual cleaning or fix before next voyage if it affects compliance. Moderate severity.",,,,,,,,If the vessel is provided with an exhaust gas cleaning system (scrubber system) are the engineers familiar with its safe operation and have procedures been incorporated in the Safety Management System? # Are there guidelines and procedures for hold cleaning after completion of unloading? (V)? # Is the belt cleaning system/scrapper in good order and maintained as per manufacturer recommendation and is there evidence to show that the belt cleaners have been inspected regularly for proper function? (V)? # Is the vessel equipped with suitable material and / or equipment for cleaning the ice and snow from critical areas? (V)?
14204,Prohibited discharge of NLS slops,"If PSC has evidence or strong suspicion that the ship discharged NLS (noxious liquid substances) residues at sea in contravention of Annex II (like outside allowed dilution or in a special area), that’s treated similarly to illegal oil discharge – very serious. They will detain and may seek prosecution if willful. Score 10. (Annex II violations, while less publicized than oil, are equally unlawful. E.g., illegally dumping toxic xylene rinse water = major environmental harm.)",,,,,,,,
14205,Cargo heating systems - cat. Y substances,"Some Category Y substances (moderate hazard) require heating for efficient transfer but have limits to avoid polymerization or decomposition. If heating coils are leaking or overheating cargo beyond spec, it could cause cargo degradation or a venting of harmful vapor. PSC will address faulty heating – moderate (since it’s a prevention measure but not immediate unless cargo approaching dangerous temp).",,,,,,,,
14206,Ventilation procedures / equipment,"For certain Annex II cargoes, tanks may need venting before/after cleaning (and some fumes must be treated). If vapor control fans or scrubbers not working, toxic or harmful vapors could be released improperly. PSC will restrict operations until fixed. Score 6 – environmental/crew safety measure.",,,,,,,Condition of tank domes/operating mechanism. Any signs of leakage from packing?,"Are cargo hold ventilation systems being maintained in good condition? (V)? # Are the drains, vents, and pressure gauges at the bunker manifolds in good order and blanks fitted when not in use? (V)? # Is ventilation of cargo holds being carried out and recorded? (V)? # Is there a procedure for suppression of dust during cargo operations? (V)? # Is the ventilation system of the tunnel area in order, and is there documented evidence to confirm that the ventilators are working to their operational capacity? (V)?"
14207,Pollution report - MARPOL Annex II,"As with Annex I, failure to report an Annex II substance spill is very serious. E.g., not reporting a chemical spill or cargo loss overboard denies authorities chance to mitigate. PSC treats non-reporting as a high violation. Score 8.",,,,,,,,
14208,Ship type designation,"Chemical tankers are built to Type 1 (most protective), 2, or 3 depending on cargo hazard. Carrying a cargo requiring a higher ship type than the vessel’s is strictly forbidden. If PSC finds an apparent mismatch (like a Type 3 ship carrying a Type 2 substance without exemption), they will detain and offload that cargo because it’s unsafe by design. Score 9 – critical structural requirement.",,,,,,,,
14299,Other (MARPOL Annex II),"Could cover things like missing cargo record book entries for Annex II, or carriage of a chemical without proper certification. Moderately high default due to pollution potential.",,,,,,,,
143,Pollution Prevention - MARPOL Annex III,,,,,,,,,
14301,Packaging,"If PSC finds the packaging of a Marine Pollutant or Dangerous Good is not per requirements (e.g., damaged drums, leaking IBCs), it’s both a safety and pollution risk. They will likely stop loading/unloading those until repackaged. High moderate severity – improper packaging can lead to spillage of toxins.",,,,,,,,
14302,Marking and labelling,"Each package containing a harmful substance must bear the marine pollutant mark (if applicable) and proper hazard labels. If not, responders might not know it’s environmentally hazardous if lost overboard. PSC will require proper labels – relatively low severity to fix (just label them), but important for compliance.",,,,,,,,
14303,Documentation (MARPOL Annex III),"The ship must have a special list/manifest of all harmful substances on board, including their location, for use in emergencies. If missing or incomplete, it’s moderate – PSC insists on proper manifests. Not detainable by itself if info can be compiled quickly, but a gap to close.",,,,,,,,
14304,Stowage,"Harmful substances should be stowed so as to minimize risk to marine environment (e.g., not on weather deck if avoidable, or in a way to contain leaks). If PSC sees extremely poor stowage (like barrels of pollutants on deck with no lashings, at risk of falling overboard), that’s serious. They’ll stop operations to secure it. Score 6. (Human safety aspects would be covered under DG stowage above; this code likely used if focus is environmental risk, e.g., no secondary containment for liquid pollutant packages.)",,,,,,,,"Has a declaration been provided by the shipper as to whether the cargo is harmful to the marine environment (HME)? # Have precautionary measures to minimise the risk of potential liquefaction and chemical reaction within the cargo during the voyage been incorporated in the procedures, and are these procedures being followed? (V)? # Is if the vessel is carrying cargo under fumigation, are the requirements of the IMO recommendations on safe use of pesticides being met? (V)? # Are the dangers associated with oxygen depletion of grain cargo understood by officers and crew, and have reasonable precautions been taken during routine inspections of the cargo, when entering the holds and adjacent spaces? (V)? # Have pre-stowage and stowage plans been prepared and completed effectively? (V)? # Is if the vessel is a non-cellular ship, have the containers been stowed correctly on deck? (V)? # Is the vessel provided with operator’s policy statements and relevant publications for the safe stowage, securing and handling of the container? (V)? # Are containers stowed in block stowage? (V)? # Has the vessel avoided loading of heavy containers over light or at the top of a stack in a deck stow? (V)? # Have preventive measures been taken by the master and crew during the stay in port and prior to departure to prevent stowaways? (V)?"
14399,Other (MARPOL - Annex III),Other issues like missing emergency schedule (EmS) or lack of port contact info for pollution. Generally moderate by default.,,,,,,,,
144,Pollution Prevention - MARPOL Annex IV,,,,,,,,,
14402,Sewage treatment plan,"If the vessel has an STP (sewage treatment plant) and it’s not working (can’t treat sewage to required standard), the ship must stop discharging sewage at sea and either use a holding tank or get shore disposal. If in an area where discharge (even treated) is banned, the immediate operational impact is minimal (just don’t discharge). But in open ocean, inability to treat means ship must carry sewage – limited capacity. For passenger ships or larger crews, that becomes untenable quickly. PSC in places like Alaska or Baltic where rules are strict will detain ships that cannot manage sewage properly until fixed. Score 7 – not as directly lethal as oil, but significant for environmental compliance and public health (particularly in port waters).",,,,,,,"15 ppm OWS , ODME, sewage plant (STP), incinerator - operation/test records. Effluent test records for STP.?",
14403,Sewage comminuting and disinfecting system,"Alternatively, ships may have a system that macerates and chlorinates sewage for discharge 3+ miles out. If that is broken, same issue as above – the ship effectively has no legal way to discharge sewage except holding. If holding tank is small and voyage long, that’s a problem. PSC will note it and possibly detain if no workaround (or require sailing coastally to next port for repairs). Score 6.",,,,,,,,
14404,Sewage discharge connection,"The standard shore connection for sewage (flange) – if missing, the ship can’t easily pump sewage to port trucks/lines. Minor – they’ll tell them to get one. Not detainable.",,,,,,,,Are arrangements for sludge collecting pumps free from any connection to a direct overboard discharge?
14499,Other (MARPOL Annex IV),Any other sewage issue (perhaps crew not using the treatment plant properly or missing log of sewage discharges). Generally low unless it results in actual pollution (which would be covered by failure to treat anyway).,,,,,,,,
145,Pollution Prevention - MARPOL Annex V,,,,,,,,,
14501,Garbage,"If PSC finds evidence of illegal garbage discharge (plastics in the water, or no records but garbage not accumulated aboard, etc.), it’s a serious violation of Annex V. Many countries can fine heavily for dumping plastic at sea. So if, say, the ship has zero garbage on board and no landing receipts for months, PSC might conclude it was dumped – high severity (detention and investigation). Also, mishandling (like loose garbage on deck that could blow overboard) would be addressed. Score 8 (for suspected illegal disposal, 10 if proven).",,Garbage management and plastic waste prevention,Maintain a garbage management plan and record book; display MARPOL placards; do not discharge plastics or garbage overboard and report illegal discharges; use port reception facilities and support recycling initiativeshttps://www.amsa.gov.au/news-community/news-and-media-releases/tackling-marine-plastic-litter-month-and-beyondhttps://www.amsa.gov.au/news-community/news-and-media-releases/improving-international-shipping-waste-management-australian,,,,,"Are the ship’s personnel aware of the requirements of MARPOL Annex V with respect to the disposal of operational waste and cargo residues from ships? # Is if the vessel is a non-cellular ship, have the containers been stowed correctly on deck? (V)? # Is there a procedure for checking the container’s seals and is there documented evidence of compliance? (V)? # Are measures in place for controlling the use of removable media such as USB memory sticks, CDs, DVDs, and diskettes on shipboard computers? (V)?"
14502,Placards,"MARPOL V requires ships to display placards notifying crew and passengers of garbage discharge regulations (typically in mess rooms). If missing, small issue – PSC will ask to put them up. No direct harm – informational.",,,,,,,Garbage Management Plan and posters kept updated?,Are the ship’s personnel aware of the requirements of MARPOL Annex V with respect to the disposal of operational waste and cargo residues from ships?
14503,Garbage management plan,"Ships >100 GT or certified to carry >15 persons must have a Garbage Management Plan. If missing, PSC will note it – minor compliance issue, easily corrected by preparing a plan. Doesn’t directly cause pollution unless behavior is also bad.",,Garbage management and plastic waste prevention,Maintain a garbage management plan and record book; display MARPOL placards; do not discharge plastics or garbage overboard and report illegal discharges; use port reception facilities and support recycling initiativeshttps://www.amsa.gov.au/news-community/news-and-media-releases/tackling-marine-plastic-litter-month-and-beyondhttps://www.amsa.gov.au/news-community/news-and-media-releases/improving-international-shipping-waste-management-australian,,,,Garbage Management Plan and posters kept updated?,Is an approved ballast water and sediment management plan provided and complied with? # Has a Garbage Management Plan been provided and is the Garbage Record Book (GRB) being correctly maintained?
14599,Other (MARPOL Annex V),"E.g., Garbage Record Book not maintained (which is actually a common deficiency). If the GRB is sloppy or shows illegal entries (like garbage disposed “at sea” where not allowed), that becomes major (again linking to 14501 scenario). By default moderate.",,,,,,,,Has a Garbage Management Plan been provided and is the Garbage Record Book (GRB) being correctly maintained?
146,Pollution Prevention - MARPOL Annex VI,,,,,,,,,
14601,"Technical Files and if applicable, monitoring manual","Every engine >130 kW has a NOx Technical File (detailing components, settings for compliance). Also, ships with scrubbers need Monitoring Plans for emissions, and those in EU MRV or IMO DCS have CO₂ monitoring plans. If these documents are missing, the ship may be running engines not verified for NOx compliance or scrubbers not properly monitored. PSC will likely detain if they suspect engine NOx non-compliance (less common than fuel issues). If just documentation oversight, moderate – but they’ll insist on obtaining it. Score 5.",,,,,,,Does vessel have compliant fuel on board?,"Is the operation and maintenance of the breathing apparatus air recharging system (where fitted) incorporated in the ship’s safety management manual, and has the annual air quality check for breathing apparatus air recharging systems been carried out? (V & M)? # If the vessel is provided with an exhaust gas cleaning system (scrubber system) are the engineers familiar with its safe operation and have procedures been incorporated in the Safety Management System? # Are there procedures for analysis of fuel, lubricating and hydraulic oils, and are oil sampling requirements aligned with equipment manufacturer’s recommendations? (V & M)? # Are SMS guidelines for the mitigation of engine damage due to catalytic fines and other potentially injurious elements or containments in place and being followed? (V & M)? # Are ship-specific procedures to control the change from residual to low-sulphur / distillate fuels and vice versa provided, and is the fuel oil change over logbook and data collection system being maintained correctly? (V & M)? # Is the ro-ro cargo ship provided with an approved Operating and Maintenance Manual (OMM)? (V)? # Is an operation manual for the ventilation system in a ro-ro cargo space provided and do records on board verify that the air quality is tested? (V)? # Is the ro-ro ship fitted with an automatic system to control air quality in the cargo holds and are records of inspection, testing, calibration, and maintenance of the system being maintained? (V)? # Are the major components of the main engine maintained as per manufacturer’s recommendations and records of periodic maintenance kept? (V)? # Are the major components of the auxiliary engines maintained as per manufacturer’s recommendations and records of periodic maintenance kept? (V)?"
14602,Record book engine parameters,"If any modifications are done to engines, changes must be recorded to ensure still within NOx limits. If PSC finds no record book or entries despite obvious changes (e.g., fuel injectors replaced with non-original type), they suspect a NOx violation. This is moderate – they might require a re-certification test for NOx if serious. It’s more about paperwork showing NOx compliance maintained. Score 5.",,,,,,,Condition of PV valves and maintenance/testing records? # Oil record book entries in order?,Is the Oil Record Book (Part 1) completed correctly? # Are records maintained of fumigation operations? (V)?
14603,Approved doc exhaust gas cleaning system,"Ships with SOx scrubbers must have an approved SOx Emissions Compliance Plan and associated docs (like scrubber parameters, washwater discharge criteria). If missing, PSC won’t be confident the scrubber meets regulations. Since scrubbers allow higher sulfur fuel usage, lack of approved docs could mean illegal SOx emissions. They might detain or at least not accept the scrubber operation (forcing the ship to use compliant fuel). Score 7.",,,,,,,,If the vessel is provided with an exhaust gas cleaning system (scrubber system) are the engineers familiar with its safe operation and have procedures been incorporated in the Safety Management System?
14604,Bunker delivery notes,"Every fuel bunkering requires a BDN stating sulfur content, etc. PSC inspects these to verify the fuel on board is complia​safety4sea.com8】. If BDNs are missing or have obviously non-compliant info (like 3.5% sulfur fuel taken in 2021 without scrubber), that’s a major breach. PSC will sample fuel to confirm sulfur content. Missing BDNs also hinder verifying compliance – high severity because it might hide illegal fuel use. Many port states (e.g., in EU) can fine or detain ships that cannot produce recent BDNs. Score 8.",,,,,,,Does vessel have compliant fuel on board?,"Are Material Safety Data Sheets (MSDS) for all bunkers, chemicals, paint, corrosive, and toxic materials available, and are all crew familiar with their contents? (V)?"
14605,Type approval certificate of incinerator,"Shipboard incinerators need to be type-approved to ensure they meet emission standards (no emitting too much CO, etc.). If the incinerator has no type approval or is modified, it may violate Annex VI Reg.16. PSC will note it and likely prohibit its use until proper documentation or unit replacement. It’s moderate to low – incinerator use is mostly a convenience for reducing garbage volume (some ports ironically prefer you not use it due to local air). Score 4.",,,,,,,,
14606,Diesel engine air pollution control,"Possibly refers to verifying engines meet NOx Tier standards or if an “Approved Method” retrofit (for certain older engines) is applied. If PSC finds an engine missing required emission control devices (like a Tier I engine that had an approved upgrade kit available but not installed), they may report it to flag for enforcement. Or if an engine appears tampered (like NOx bypass valves open), they’ll take it seriously. Score 7 – because circumventing NOx controls is illegal and contributes to acid rain/health issues. (However, PSC focus has been more on sulfur).",,,,,,,,Are SMS guidelines for the mitigation of engine damage due to catalytic fines and other potentially injurious elements or containments in place and being followed? (V & M)?
14607,Quality of fuel oil,"(MARPOL VI Reg.18) Fuel must meet sulfur limits (and be free of excess water, chemicals). If PSC tests fuel and finds non-compliant sulfur content (e.g., ship in ECA burning 0.50% instead of 0.10%, or globally above 0.50% with no scrubber), that’s one of the most enforced items since 201】. PSC detains ships and ports issue heavy fines for high-sulfur fuel use. Also, off-spec fuel causing engine failures is a concern. Score 10 – strict liability now; ships must debunker or flush tanks under port state supervision if found with high sulfur fuel.",,,,,,,Does vessel have compliant fuel on board?,"Are the limits of blood and breath alcohol contents in the drug and alcohol policy equal to, or less than the STCW mandatory alcohol limit? (V&M)? # Can the vessel safely comply with the requirements of Emission Control Area (ECA) and other local requirements regarding use of very-low or ultra-low sulphur fuels in the main engine, auxiliary engines and boilers? # Are ship-specific procedures to control the change from residual to low-sulphur / distillate fuels and vice versa provided, and is the fuel oil change over logbook and data collection system being maintained correctly? (V & M)?"
14608,Incinerator incl. operations and operating manual,"If the incinerator is used, crew must follow its operating manual (burn only allowed substances, not in port, etc.). If PSC finds improper use (like burning plastic in port creating black smoke, which is not allowed under Annex VI), they’ll cite it. Or if the operating manual is missing such that crew may not know what’s permitted to incinerate, they’ll note it. Score 5.",,,,,,,,
14609,Volatile Organic compounds in tankers,"Certain ports (like in EU and US) require tankers to have a VOC Management Plan to minimize emissions of VOCs during loading of crude oil (e.g., use of vapor recovery). If missing, it’s a documentation issue – moderate. In port states with VOC regulations, they might not allow loading without one. But on the scale of issues, lower severity until enforced. Score 4.",,,,,,,,
14610,Operational proc. for engines or equipment,"Possibly a catch-all for not following required operational procedures under Annex VI – e.g., not switching to low-sulfur fuel before entering an ECA on time, or not following the ship’s SOx Emission Control Plan. If PSC sees, say, in logbook that they entered ECA but only changed fuel 2 hours late, that’s a violation. They could fine or detain depending on how they interpret it. Score 5 – moderate but can have serious consequences if it resulted in high emissions in restricted area.",,,,,,,,
14611,Ozone depleting substances,"If the ship has equipment with CFC refrigerants or Halon and it’s not properly managed (leaks, no records), that’s an Annex VI violation. E.g., if PSC finds crew vented refrigerant gas to atmosphere without recovery during maintenance, that’s illegal. Or if the ODS Record Book isn’t kept, they suspect maybe illegal release. Medium-high severity – global environmental harm. Some port states (like US) penalize deliberate ODS release heavily. Score 7.",,,,,,,Ops/maintenance records of system. Effluent test records.?,
14613,Approved method,"Certain older diesel engines (from 1990s) had “Approved Methods” (retrofit kits) to reduce NOx, mandated if available. If such an engine has an Approved Method published but the ship hasn’t installed it by the deadline, it’s not allowed to use that engine beyond a certain date. PSC will enforce this – could detain the ship or require it to limit engine use until compliance. It’s specific and not common lately as many such engines are retired or kits installed. Score 6.",,,,,,,,
14614,Sulphur oxides,"Overlaps with 14607 but likely refers broadly to compliance with sulfur emission limits (ECA 0.1%, global 0.5%, plus prohibition of carrying non-compliant fuel without scrubber). Since Jan 2020, this is arguably the most actively enforced Annex VI aspect. If PSC finds non-compliant fuel on board or being used, it’s a detainable offen1】. Ships have been detained and required to offload high sulfur fuel or de-bunker 5】. Score 10 – critical environmental requirement.",,,,,,,,"Can the vessel safely comply with the requirements of Emission Control Area (ECA) and other local requirements regarding use of very-low or ultra-low sulphur fuels in the main engine, auxiliary engines and boilers?"
14699,Other (MARPOL ANNEX VI),"Other air pollution issues like failure to report to fuel consumption data (IMO DCS), not meeting Energy Efficiency regulations (like missing SEEMP Part III for CII, etc.). With climate measures increasing, PSC attention is growing. But historically, they might use this for anything from not posting ECA entry logs to funnel smoke density issues. We put 7 to cover potentially serious items under Annex VI not listed.",,,,,,,,
147,Pollution Prevention - Anti Fouling,,,,,,,,,
14701,AFS supporting documentation,"Ships >400 GT need an International AFS Certificate. Smaller vessels or non-Parties carry a Declaration. If missing, PSC will require one from the flag State. It’s moderately important – not having it suggests maybe the ship hasn’t been checked for TBT. But TBT paints are largely phased out since 2008, so likely a documentation formality. Score 5.",,,,,,,,
14702,Logbook entries referring AFS,Not sure; maybe if the ship’s documentation of when/where it last changed paint (some flags require noting in log when old anti-fouling was removed). Not commonly inspected item. Low severity.,,,,,,,Overall condition. Any oil stains/coating breakdown on shipsides? # Review of coating condition as per maintenance records? # Condition of SW main line in bilges - leaks/soft patches/ temporary repairs?,"Are records of the latest shipboard internal and external audits available and are actions being initiated to correct any non-conformities? # Is the vessel free of any hull repairs unreported to class? (V)? # Are records maintained of the regular inspection and maintenance of the cargo-securing devices on board the ship? (V)? # Are the hold bilges cleaned prior to loading and are cleaning and checks being recorded? (V)? # Are the drain holes of coaming clean, the inboard coaming faces free from any vertical rust staining and are the non-return valves in good condition? (V)?"
14703,Paint  condition,"If the anti-fouling paint is visibly in poor shape (peeling) such that underlying old TBT layers could leach, PSC might note it but they can’t really enforce condition aside from recommending renewal. Unless they suspect banned paint under, then they could require testing. Generally hull paint condition is a class/speed issue, not PSC detention, unless it's polluting (e.g., paint chips flaking off massively – even then, minor). Score 3.",,,,,,,,
14799,Other (AFS),"Could cover anything like presence of a banned system (rare now). If PSC somehow found evidence the ship still uses TBT anti-fouling (e.g., through sampling by port State lab), they would require it to be stripped at next drydock. Not an immediate detainable emergency but a compliance requirement with potential sanction. Score 4.",,,,,,,"Review of last Internal Audit/PSC/FSI/Vetting Reports. Any remarks/observations outstanding? If closed, is the closure effective? # Any past PSC detentions/SIRE refusals?",When was the date of the last recorded unannounced on-board group alcohol test? # Are records of the latest shipboard internal and external audits available and are actions being initiated to correct any non-conformities? # Is there a procedure for checking the container’s seals and is there documented evidence of compliance? (V)? # Are there procedures for reporting and removal of damaged lashing devices from service and are there records to demonstrate that damaged lashing devices have been removed from service? (V)?
15,ISM,,Maintain an effective Safety Management System (SMS) to prevent ISM-related deficiencies. Correct any deficiencies promptly so that they do not indicate a failure of the ISM Code. Repeated or serious deficiencies reflect a breakdown of the SMS; ensure corrective action is taken within three months for non‑detainable findings and be prepared for a safety management audit by the Administration if a detainable deficiency is identified. Keep records of corrective actions and review them during subsequent inspections to demonstrate effective implementation of the SMS.,Marine Order 504 changes,,,,,,"Has an SMS policy and procedure been established to enforce the STCW Convention and Code requirements for the purpose of preventing drug and alcohol abuse? (V & M)? # Has the vessel’s manager established a documented system for personnel to effectively implement the ISM Code? (V)? # Does the SMS include procedures for regular inspection of cargo holds, ballast tanks, void spaces, trunks, duct keel and cofferdams by the ship’s personnel and are records maintained? (V)? # Are procedures for safe lashing and securing operations incorporated in the ship’s SMS? # Are procedures for safe lashing and securing operations of containers being incorporated in the ship’s SMS? (V)? # Are cyber security policies and procedures being incorporated in the safety management system and was the cyber security management system evaluated and certified by Class? (V)? # Are adequate engineering procedures, instructions and guidelines included in the SMS? (V)?"
15150,ISM,"If PSC invokes 15150, it means the vessel’s accumulation of deficiencies (or one major negligence) indicates the Safety Management System is not effectively implemented. ISM failures are the number one cause of detentions by cou4】 (because for any detention-worthy deficiency, PSC often includes ISM). This leads to requirement of an external audit by flag or class before the ship can sail. It’s scored 10 – it encapsulates a breakdown of the safety culture and management from shore to ship.",Maintain an effective Safety Management System (SMS) to prevent ISM-related deficiencies. Correct any deficiencies promptly so that they do not indicate a failure of the ISM Code. Repeated or serious deficiencies reflect a breakdown of the SMS; ensure corrective action is taken within three months for non‑detainable findings and be prepared for a safety management audit by the Administration if a detainable deficiency is identified. Keep records of corrective actions and review them during subsequent inspections to demonstrate effective implementation of the SMS.,Marine Order 504 changes; NCP 2024-25: Disabled vessels & maintenance,Verify that the SMS addresses planned maintenance and emergency preparedness; rectify ISM deficiencies promptly; conduct audits to ensure effective implementation.,,,,,"Has an SMS policy and procedure been established to enforce the STCW Convention and Code requirements for the purpose of preventing drug and alcohol abuse? (V & M)? # Has the vessel’s manager established a documented system for personnel to effectively implement the ISM Code? (V)? # Does the SMS include procedures for regular inspection of cargo holds, ballast tanks, void spaces, trunks, duct keel and cofferdams by the ship’s personnel and are records maintained? (V)? # Are procedures for safe lashing and securing operations incorporated in the ship’s SMS? # Are procedures for safe lashing and securing operations of containers being incorporated in the ship’s SMS? (V)? # Are cyber security policies and procedures being incorporated in the safety management system and was the cyber security management system evaluated and certified by Class? (V)? # Are adequate engineering procedures, instructions and guidelines included in the SMS? (V)?"
16,ISPS,,,,,,,,,
16101,Security related defects,"A general flag for significant security failings not otherwise listed (could be: failure to implement ship access control, no security rounds done, major security breaches like stowaway found due to poor security). If PSC finds the ship wide open to unauthorized access (e.g., gangway unattended in port, no IDS checks), they may cite ISPS failure. Certain ports (US, Australia) will detain vessels for egregious security negligence as it poses terror threa8】. Score 8.","Implement and maintain the ship security plan effectively: control access to the ship, verify the identity of all persons boarding, lock restricted areas, post deck watches or patrols, monitor with surveillance equipment, and conduct checks of stores before loading. Address any security-related defects promptly.",,,,,,Random check of Enclosed Space entry permits / Hot work permits / Ship Shore safety checklists / MSDS of cargoes?,"Are records of the latest shipboard internal and external audits available and are actions being initiated to correct any non-conformities? # Is if the vessel transits or may transit a high-risk piracy area, are updated security charts and publications being provided? (V)? # Is if the vessel transited or may transit an area with a high risk of piracy, has a voyage risk assessment been produced? (V)? # Have preventive measures been taken by the master and crew during the stay in port and prior to departure to prevent stowaways? (V)?"
16102,Ship security alert system,"The SSAS is a silent alarm to alert authorities of a security threat (piracy, terrorist attack). If the SSAS doesn’t work in testing or isn’t properly registered, that’s a breach of SOLAS XI-2. Some port states (US) do check it. It’s important for worst-case scenarios. PSC will require it fixed; if in high-risk waters for piracy, they might detain until operational. Score 7.",Test the ship security alert system regularly to ensure it functions correctly; ensure it is registered with the appropriate authority and ready for immediate use.,,,,,,,Are deck officers familiar with the function and use of the Ship Security Alert System and is the Ship Security Alert System being tested regularly? (V)?
16103,Ship security plan,"The vessel must have an approved Security Plan on board and implement it. If the plan document is missing or expired (not approved after the last ship/owner change), the ship is not ISPS-compliant – a detainable condition. Also if plan is onboard but clearly not implemented (crew unaware of procedures, etc.), it’s serious. Score 9 – without a valid plan, the ship shouldn’t trade internationally.",Keep an approved ship security plan on board and ensure crew are familiar with its procedures; review and update the plan as necessary and present it during inspection.,,,,,,,"Is was the berth-to-berth passage plan of the previous voyage comprehensive and approved by the master? (V)? # Has the Voyage Safety Plan (VSP), including the checklist for fumigation during the voyage, been discussed with and signed by the master prior to sailing to the discharge port? (V)? # Is the Cargo Safe Access Plan (CSAP) prepared and was it followed on board? (V)?"
16104,Ship security officer,"Every ship must have a designated, trained Ship Security Officer (SSO). If no one on board has an SSO certificate, that’s a clear ISPS non-compliance. PSC will likely detain until a certified person is on board (or temporary dispensation given extremely short term). It’s crucial as SSO coordinates responses to security threats. Score 8.",Ensure a trained Ship Security Officer is assigned on board to implement the ship security plan and liaise with port facility security; maintain the officer’s certification and training records.,,,,,,,Has a Ship Security Officer (SSO) been appointed and trained adequately to perform the duties of SSO and have all crew received security-related training and instructions? (V)?
16105,Access control to ship,"The ISPS Code requires controlling access (locks, watchmen, visitor logs). If PSC observes the ship doesn’t control access (no gangway watch, doors to restricted areas left unlocked in port), it’s an ISPS failure. It might not cause immediate “accident” but is a security risk. They’ll cite it and possibly demand increased security measures before departure. Score 7.","Maintain access control measures: control walkways and gangways, check identities of persons boarding, lock doors to restricted areas, mark restricted areas, post deck watches and patrols, limit access points at higher security levels, escort visitors and provide security briefings when required.",,,,,,,"Are procedures in place controlling the use of mobile phone, internet, and email services on the bridge? (V)? # Is access to the ship being controlled by an adequate deck watch? (V)?"
16106,Security drills,"Ships must do regular security drills (e.g., scenario of bomb threat or stowaway search). If PSC asks and finds none have been done (or crew perform very poorly), they note it. Similar to other drills – suggests ISM/ISPS training weakness. They’ll require holding a drill promptly. Moderate (unless in conjunction with other failures, then it adds to detention reasons). Score 5.",Conduct security drills at appropriate intervals covering scenarios such as unauthorized access and emergency response; record drills for inspection.,,,,,,Random Check of records for drills as per drill planner. Debrief with crew on last held drill.? # Random check of Enclosed Space entry permits / Hot work permits / Ship Shore safety checklists / MSDS of cargoes?,"Is entry into and rescue from enclosed space training undertaken and are regular drills conducted? (V)? # Is there a schedule of drills and exercises to address potential emergency shipboard situations and is it being conducted effectively? (V)? # Does the schedule of drills and exercises related to LNG fuels address potential emergency shipboard situations and has it been conducted effectively? # Have personnel engaged in cargo securing operations been provided with relevant training and familiarisation? (V)? # Are walk-rounds of the entire system carried out regularly, recorded and are the staff conducting the rounds aware of their duties? (V)? # Has a Ship Security Officer (SSO) been appointed and trained adequately to perform the duties of SSO and have all crew received security-related training and instructions? (V)? # Are the emergency drill procedures amended prior to entering sub-freezing / polar areas and are the crew being regularly trained with such a procedure? (V)?"
16199,Other (maritime security),"Other security issues, perhaps like failure to report to a port’s security prior arrival, or missing security equipment (night-vision for watch maybe). Default moderate.",Follow ISPS Code guidance for other maritime security issues; ensure all security equipment is maintained and liaise with the competent security authority if deficiencies arise.,,,,,,,
18,"MLC, 2006 - Minimum requirements to work on a ship",,,,,,,,,
18101,Minimum age,(Same as 09101) Already discussed; no under-16 (or under-18 in some duties). PSC treats as very serious.,,,,,,,,
18102,Night working,(Same as 09234) Already addressed; violation if minors work nights.,,,,,,,,
18103,Medical fitness,"If crew lack valid medical certificates (some flags put this under MLC rather than STCW code), similar to 01218; serious risk and compliance issue.",,,,,,,,"Are the limits of blood and breath alcohol contents in the drug and alcohol policy equal to, or less than the STCW mandatory alcohol limit? (V&M)?"
18104,Recruitment and placement service,"MLC requires using licensed/regulated manning agencies. If crew were hired through a black-market agent or had to pay huge fees (evidence of unregulated service), PSC notes it. Not an immediate ship safety item, but important for crew rights. Possibly lead to warning or requirement to rectify (through flag).",,,,,,,,
18199,Other (Minimum requirements),"Catch-all if any other breaches like not providing employment agreements to crew or lack of proper visa documents, etc.",,,,,,,,
182,"MLC, 2006 - Conditions of employment",,,,,,,,,
18201,Fitness for duty - work and rest hours,(Same as 09235) Already covered under fatigue; PSC strictly enforce now.,,,,,,,,Do all personnel maintain rest period/work hours and are the rest hours in compliance with STCW or MLC requirements? (V)?
18202,Legal documentation on work and rest hours,(Same as 09236) Already covered.,,,,,,,,Do all personnel maintain rest period/work hours and are the rest hours in compliance with STCW or MLC requirements? (V)?
18203,Wages,"If crew wages are unpaid or consistently delayed (common sign of owner financial trouble), PSC under MLC can detain the sh7】. Many detentions involve owed wages; port State ensures crew are paid before release. Score 8.",,Seafarer welfare and MLC compliance,"Ensure maritime labour certificates and declarations are valid; uphold seafarer welfare by preventing harassment and violence, providing stronger repatriation entitlements, recognising seafarers as key workers, improving medical care on board, and ensuring thorough casualty investigations; report seafarer deaths as required; Pay seafarers’ wages promptly and in full; address wage-related complaints to prevent PSC deficiencieshttps://www.amsa.gov.au/news-community/news-and-media-releases/maritime-labour-convention-report-released","The 2024 CIC results showed that wage payment and employment conditions were key focus areas; inadequate payment of wages can lead to detentionhttps://safety4sea.com/paris-mou-2024-concentrated-inspection-campaign-cic-on-crew-wages-and-seas/#:~:text=Wages%20and%20Seafarer%20Employment%20Agreements,related%20topic%20detainable%20deficiency.","Pay wages at intervals not greater than monthly; ensure wage slips and calculations are accurate and in accordance with the SEA or collective bargaining agreement; rectify delayed or unpaid wages immediately; ensure proper allotments are remitted to seafarers’ families when electedhttps://safety4sea.com/paris-mou-2024-concentrated-inspection-campaign-cic-on-crew-wages-and-seas/#:~:text=1,a%20representative%20of%20the%20shipownerhttps://safety4sea.com/paris-mou-2024-concentrated-inspection-campaign-cic-on-crew-wages-and-seas/.",,Any COCs on vessel. Check due dates? # Any past PSC detentions/SIRE refusals? # Wage is paid in monthly interval in accordance with SEA/CBA.?,"Has a specific permit to work and effective Lock-Out/Tag-Out (LOTO) system been introduced for high-risk duties and are the permits being used effectively? (V)? # Do the Seafarer Employment Agreements (SEA) comply with the requirements of MLC 2006 and do the crew salaries meet or exceed the current ILO Minimum Wage Scale? (V & M)? # Has the master been provided with a monthly welfare budget? (V)? # Are seafarers being provided with sufficient food and water free of charge and does the cook hold appropriate qualifications? (V)? # Are individual monthly statements provided to all seafarers on board, detailing their monthly wage and any authorised deductions such as allotments? (V)?"
18204,Calculation and payment,"Similar context to 18203 – if wage slips or calculations are unfair or not per contract (e.g., illegal deductions), it’s serious under MLC. Likely paired with 18203; PSC ensures back-pay and correct structure.",,,,"The 2024 CIC highlighted wage payment deficiencies; fair wage calculation and timely payment are essentialhttps://safety4sea.com/paris-mou-2024-concentrated-inspection-campaign-cic-on-crew-wages-and-seas/#:~:text=Wages%20and%20Seafarer%20Employment%20Agreements,related%20topic%20detainable%20deficiency.","Ensure wage calculations are transparent and comply with the SEA or CBA; avoid illegal deductions; pay wages at least monthly; provide seafarers with pay slips and statements of accounthttps://safety4sea.com/paris-mou-2024-concentrated-inspection-campaign-cic-on-crew-wages-and-seas/#:~:text=1,a%20representative%20of%20the%20shipownerhttps://safety4sea.com/paris-mou-2024-concentrated-inspection-campaign-cic-on-crew-wages-and-seas/.",,Wage is paid in monthly interval in accordance with SEA/CBA.?,
18205,Measures to ensure transmission to seafarer's family,"If crew have elected allotments (portion of wage sent home) and company isn’t sending them, that’s an MLC breach. PSC sees that as less immediate than non-payment, but still to be fixed (crew families might be suffering). They’ll demand company correct it.",,,,"The 2024 CIC emphasised crew wages and seafarer employment agreements; non‑payment of allotments is a deficiencyhttps://safety4sea.com/paris-mou-2024-concentrated-inspection-campaign-cic-on-crew-wages-and-seas/#:~:text=Wages%20and%20Seafarer%20Employment%20Agreements,related%20topic%20detainable%20deficiency.","Ensure that elected allotments (portions of wages sent home) are transmitted promptly to seafarers’ families; maintain proof of remittances and rectify any failures to send allotmentshttps://safety4sea.com/paris-mou-2024-concentrated-inspection-campaign-cic-on-crew-wages-and-seas/#:~:text=1,a%20representative%20of%20the%20shipownerhttps://safety4sea.com/paris-mou-2024-concentrated-inspection-campaign-cic-on-crew-wages-and-seas/.",,"Any major surveys / CSM items due next 3 months. If any overdue, to be dealt with immediately?","Has a specific permit to work and effective Lock-Out/Tag-Out (LOTO) system been introduced for high-risk duties and are the permits being used effectively? (V)? # Are individual monthly statements provided to all seafarers on board, detailing their monthly wage and any authorised deductions such as allotments? (V)?"
18299,Other (Conditions of employment),"Might include issues like leave, repatriation time not honored, etc. Moderate by default.",,,,,,,,
183,"MLC, 2006 - Accommodation, recreational facilities, food and catering",,"Ensure accommodation, catering and sanitary facilities are hygienic and functional; provide adequate food and drinking water for the intended voyage; inspect and clean regularly.",,,,,,,"Are the accommodation spaces safe, provided to a respectable level of health and hygiene and regularly inspected, including checks of ventilation, noise, heating, lighting, and sanitation? (V)? # Are the ship’s staff provided with adequate recreation facilities on board the ship? (V)?"
18301,"Noise, vibration and other ambient factors",Already touched in 09105 etc. MLC requires not exposing crew to excessive noise/vibration; PSC rarely measures this unless extreme. Minor unless a complaint is raised with evidence.,,,,,,,,
18302,Sanitary Facilities,"Mirror of 09106, need enough and working WCs/showers. Already discussed.",,,,,,,,
18303,Drainage,Mirror 09107.,,,,,,,,
18304,Lighting (Accommodation),Mirror 09108.,,,,,,,"Housekeeping, Painting and Lighting?",Is the cosmetic appearance of the superstructure satisfactory? (V)?
18305,Hospital accommodation (Sickbay),"Mirror 09111. If a required sickbay is missing or misused, moderate issue (detainable if truly no medical facility on a large crew ship).",,,,,,,,"Is if provided, is the ship’s hospital properly equipped, clean, hygienic and for medical use only? (V & M)?"
18306,"Sleeping room, additional spaces",Mirror 09114 etc.,,,,,,,,
18307,Direct openings into sleeping rooms cargo/mach.,"Mirror 09115, serious.",,,,,,,,
18308,Furnishings,Mirror 09116.,,,,,,,"Cleanliness of individual cabins, including toilets?","Are galley appliances, audio-visual equipment, and other electrical equipment inside the accommodation in good order? (V)?"
18309,"Berth dimensions, etc.",Mirror 09117.,,,,,,,,
18310,Minimum headroom,Mirror 09118.,,,,,,,,Are self-closing sounding devices in good order and closed? (V)?
18311,Mess room and recreational facilities,"Mirror 09119 plus recreation spaces (MLC requires a lounge, etc.). PSC checks presence; usually minor unless totally lacking.",,,,,,,,
18312,"Galley, handlingroom (maintenance)","Mirror 09124, galley hygiene.",,,,,,,"Housekeeping and hygiene in galley and common spaces in accommodation. Galley floor tiles in good condition, no leaking taps.? # Housekeeping and painting? # Housekeeping, Painting and Lighting?","Is the standard of housekeeping in the machinery space and steering gear room satisfactory and are they clean and free from obvious leaks? (V)? # Are galley appliances, audio-visual equipment, and other electrical equipment inside the accommodation in good order? (V)?"
18313,Cleanliness,"Mirror 09127, addressed.",,,,,,,"Housekeeping and hygiene in galley and common spaces in accommodation. Galley floor tiles in good condition, no leaking taps.? # Cleanliness of common toilets on various decks? # Cleanliness of individual cabins, including toilets? # Cleanliness of Hospital, Record and availability of medicines, condition of Medical oxygen and equipment. Test of call alarm.? # Housekeeping and painting? # Check of records of Saturday Routines/ Monthly / Quarterly Routines of Safety / Pollution Prevention Equipment. Any concerns here to be immediately attended? # Housekeeping, Painting and Lighting?","Has a smoking policy been implemented; is it being followed and are designated smoking areas adequately identified? (V)? # Are the garbage storage and disposal facilities in a tidy and hygienic condition? # Are there guidelines and procedures for hold cleaning in place (V)? # Is the vibrator system in good order and is there recorded evidence of regular inspection as per manufacturer recommendations? (V)? # Is the tunnel area clean free from refuse and is the overall standard of housekeeping satisfactory? (V)? # Are the stores located inside the accommodation and on the weather decks clean and tidy? (V)? # Are the accommodation spaces safe, provided to a respectable level of health and hygiene and regularly inspected, including checks of ventilation, noise, heating, lighting, and sanitation? (V)?"
18314,Provisions quantity,"Mirror 09128, serious.",,,,,,,,Has the master been provided with a monthly welfare budget? (V)?
18315,Provisions quality and nutritional value,"Mirror 09129, serious. MLC adds nutritional adequacy (e.g., crew being fed only rice and no protein is not acceptable). PSC can detain if food is grossly inadequate nutritionally or spoiled.",,,,,,,,
18316,"Water, pipes, tanks","Mirror 09130, essential.",,,,,,,Condition of provisions/potable fresh water? # Record of potable water testing?,
18317,Food personal hygiene,Mirror 09134.,,,,,,,,
18318,Food temperature,Mirror 09135.,,,,,,,,Is there a procedure for monitoring the temperature of refrigerated containers and are records maintained? (V)?
18319,Food segregation,Mirror 09136.,,,,,,,,
18320,Record of inspection (food and catering),Mirror 09137 (combo with 09122).,"Conduct regular inspections of food and catering facilities and keep records; ensure that kitchens, stores and equipment are hygienic and comply with MLC standards.",,,,,,,
18321,"Heating, air conditioning and ventilation","Combined requirement for climate control (similar to 09103 ventilation + adequate cooling/heating). PSC looks at this holistically (e.g., AC functional in tropics, heating in arctic). Moderate if not working (crew discomfort, potential heat stress).","Maintain accommodation heating, air conditioning and ventilation systems in hygienic working order; ensure adequate ventilation and climate control in living and working spaces.",,,,,,,Does the Air Handling Unit (AHU) maintain a comfortable temperature and is there recorded evidence of regular maintenance and cleaning of AHU available? (V)? # Are the accommodation spaces provided with adequate heating systems? (V)?
18322,Insulation,"Could refer to thermal insulation in accommodation (for temperature/noise). Unless causing severe sweat/condensation issues (mold), minor.",,,,,,,Condition of Accomodation AC / heating?,"Has a sample of foam compound, applicable to both fixed and portable systems, been sent for regular testing and is evidence of satisfactory results available? # Is lagging and insulation, free of any significant oil impregnation ? (V)?"
18323,Office,"MLC requires ships with > certain crew to have a ship’s office for paperwork. If missing, trivial deficiency.",,,,,,,,
18324,"Cold room, cold room cleanliness, cold room temperature","Combined 09131-33 issues (we gave those 5,5,4 respectively; combined code likely similar moderate).",,,,,,,Condition of Accomodation AC / heating? # Operating condition of Accom AC system and prov refrigeration system?,"Does the Air Handling Unit (AHU) maintain a comfortable temperature and is there recorded evidence of regular maintenance and cleaning of AHU available? (V)? # Are the door seals, catches and alarm system of the refrigerated space in good order? (V)?"
18325,Training and qualification of ship's cook,"MLC mandates the cook (if crew >10) be trained/qualified in food prep. If PSC finds the cook has no such qualification, that’s a deficiency – potential detainable if food handling is evidently poor or crew have gotten ill. They’ll demand a certified cook be hired or existing cook sent for training at next port. Score 6.",,,,,,,,Are seafarers being provided with sufficient food and water free of charge and does the cook hold appropriate qualifications? (V)?
18326,"Laundry, Adequate Locker",Mirror 09121 (laundry) and 09120 (oilskin locker) combined. Minor.,,,,,,,SOPEP locker equipment adequate?,
18327,Ventilation (Working spaces),Duplicate of 09201 but listed in MLC context. Already rated 5.,,,,,,,Condition of accommodation vents / recirc flaps of AC system?,"Are purifier rooms and fuel and lubricating oil handling areas ventilated, free of oil leaks and clean? (V)? # Is ventilation of cargo holds, where required, being carried out and recorded? (V)? # Have the air conditioning intakes for the accommodation, the engine room and other spaces been set to prevent the possibility of drawing in fumigant gas? (V)? # Is ventilation of cargo holds being carried out and recorded? (V)? # Is the ventilation system of the tunnel area in order, and is there documented evidence to confirm that the ventilators are working to their operational capacity? (V)? # Are engine room emergency stops for ventilation fans and the closing mechanism of ventilation supply and exhaust ducts clearly marked, in working condition, and do records indicate that they have been regularly tested? (V)? # Are the protective guards, shields and emergency stop of the engine room workshop tools being maintained in good order? (V)?"
18328,Record of inspection,Duplicate of 09137 (with 09122). Minor paperwork issue.,,,,,,,"Condition and number of EEBDs. Service records availability. If replacecable type, validity of expiry date? # Review of survey statements for prior damages and reports? # Any visible dents? If yes, are they included in Class records? # ODMCS operation/records. Review of ORB Part II entries? # Random Check of chart correction status? # Inspection Records? # Note - Each category gives guidance on it's own score. Even though total score may be in above mentioned ranges, a low score in individual categories should drive an expanded inspection in those areas of concern.?",Are the master’s appointed representatives for fumigation trained and is there evidence to show that they have been effectively performing duties associated with this task? (V)? # Have pre-fumigation and post fumigation statements been provided to the master by the fumigator-in-charge? (V)? # Is the vibrator system in good order and is there recorded evidence of regular inspection as per manufacturer recommendations? (V)? # Has the master been provided with a monthly welfare budget? (V)?
18399,"Other (Accommodation, recreational facilities...)","A catch-all if some accommodation issue not listed (maybe lack of internet access if required by law now, etc.). Moderate baseline.",,,,,,,,
184,"MLC, 2006 - Health protection, medical care, social security",,Ensure seafarers have access to medical care onboard and ashore free of charge; carry valid health protection documentation; maintain social security arrangements as required by MLC.,NCP 2024-25: Health and safety protection & accident prevention (MLC Title 4),Ensure adequate medical facilities and supplies on board; provide health protection and medical care in accordance with MLC; implement accident prevention measures; encourage reporting of medical issues and injuries.,,,,,Are ship’s staff provided with appropriate medical care and health promotion programmes? (V)?
18401,"Medical Equipment, medical chest, medical guide","Mirror of 09112/18314 combo (ensuring medical chest carries required medicines per crew size/voyage). PSC frequently inspects the medical locker against IMO/ILO required lists. Missing critical medicines or guidebook is a detainable deficiency on MLC grounds if severe (e.g., no antibiotics at all). Score 7.","Ensure the medical equipment, medical chest and medical guide are on board, complete and regularly updated; check expiry dates and replenish supplies; update the medical guide as required.",,,,,,"Cleanliness of Hospital, Record and availability of medicines, condition of Medical oxygen and equipment. Test of call alarm.?",
18402,Access to on shore medical doctor or dentist,"MLC says crew have right to visit doctor/dentist ashore when needed. If PSC hears that in some port a crew was denied that by company, they’ll note it. Not usually directly observable unless crew complains. Moderate (and usually resolved via agent arrangements, not detention).",,,,,,,Any past PSC detentions/SIRE refusals?,"Is there evidence to confirm that visits to a qualified medical doctor or dentist have been arranged without delay in ports of call, where required? (V)? # Are seafarers provided with free access to external sources of support, whom they can contact in confidence while on board (V)?"
18403,Standard medical report form,"MLC has a model medical report form to be used when a seafarer is referred to shore. If not on board, trivial – doctor can use own form.",,,,,,,,
18404,Medical doctor or person in charge of medical care,"Vessels with 100+ crew or passengers for international voyages >3 days must carry a doctor. If required and none present, it’s detainable (esp. passenger ships). For smaller crew, an officer must be designated with advanced medical training (covered by 01212). PSC would detain a cruise liner without a required doctor. Score 6 (varies with context – high for passenger ship, moderate for cargo with small crew because they just need trained officer which is covered).","For ships on voyages of more than three days carrying 100 or more persons, carry a qualified medical doctor; on other ships designate a crew member trained in medical care and ensure training certificates are on board.",,,,,,,"Is there evidence to confirm that visits to a qualified medical doctor or dentist have been arranged without delay in ports of call, where required? (V)?"
18405,Medical advice by radio or satellite,"Requires availability of radio medical advice (all GMDSS ships already have that via coast radio). If communications are up, this is fine. Not an issue unless communications fail, which is covered elsewhere.",,,,,,,,"Is there evidence to confirm that visits to a qualified medical doctor or dentist have been arranged without delay in ports of call, where required? (V)? # Is the vessel provided with adequate policies on mental health and mental disorders? (V)?"
18406,Medical care onboard or ashore free of charge,"MLC requires that needed medical care for crew is provided at no cost to them. If PSC finds crew had to pay or company refused to pay for treatment, that’s a serious non-compliance (crew welfare). They will compel shipowner to cover it. Not a safety-of-ship issue, but a rights issue – moderate.",,,,,,,,"Are ship’s staff provided with appropriate medical care and health promotion programmes? (V)? # Are seafarers provided with free access to external sources of support, whom they can contact in confidence while on board (V)?"
18407,Lighting (Working spaces),"Duplicate of 09203, already considered.",,,,,,,"Condition of light fittings, ladders, portholes on accom decks?","Are the self-igniting lights of lifebuoys located in the hazardous area intrinsically safe? # Is all lighting around the bunker area Ex-rated and does it appear adequate to illuminate the bunker area? # Are light fittings in the tunnel conveyor Ex‘d’ rated and in good condition? (V)? # Are the boom conveyor and /or shuttle conveyor, where applicable, walkway lights and, floodlights in good working condition? (V)? # Is the lighting illumination level in engine room space adequate (V)? # Are portable and fixed cargo lights used for illumination of cargo holds inspected regularly and maintained in good condition? (V)? # Are the explosion-proof lights in paint lockers, acetylene stores or similar spaces in good condition? (V)?"
18408,Electrical,"Duplicate of 09209 (shock hazards), considered.",,,,,,,"Check the condition of wires (no broken strands, kinks) and check that spare wire is available.? # Operating condition of AE (each must be able to take at least 80% of rated load)?","Is if refrigerated containers are carried, is the electric power supply permanently installed from the engine room and are the ship’s electrical distribution system and electric container sockets in good condition and undamaged? (V)? # Is all electric equipment including cable box, cable run and cable tray and shore interlock connection system on the boom conveyor in good order? (V)? # Is if the electric voltage power of vessel is greater than 1000 volts (high voltage), is staff suitably trained? (V)? # Are the main, emergency switchboards and local starter panels surrounded by non- conducting mat and are the mats in good order? (V)? # Is the earth fault monitoring equipment of the main and emergency switchboards operational and are they free of faults? (V)? # Is the condition of electrical equipment including switches, sockets, junction boxes, plugs, conduits and wiring on weather decks satisfactory? (V)?"
18409,Dangerous areas,"Duplicate of 09212 (markings), considered.",,,,,,,,"Is the safety zone clearly marked and, have restrictions within the safety zone been enforced and followed?"
18410,Gas instruments,"Duplicate of 09213 (enclosed space gas detectors), considered critical.",,,,,,,Fixed Gas detection system? # Calibration records of portable gas meters and UTIs and minimum spares available on board?,"Are portable gas detectors suitable for atmosphere testing of enclosed spaces provided; in good condition; calibrated in accordance with the manufacturer’s instructions, and are officers trained and competent with their operation? (V & M)?"
18411,Emergency cleaning devices,"Duplicate of 09214 (eyewash/showers), moderate.",,,,,,,,Are there guidelines and procedures for hold cleaning in place (V)?
18412,Personal equipment,"Duplicate of 09216 (PPE), moderate.",,,,,,,"Random check of Fireman Suits and equipment, communication eqpt, safety posters, availability of LSA/FFA training manuals at common places?",Has a PPE Matrix for use of personal protective equipment been provided and is it being worn as required? (V)? # Are firemen’s outfits including their equipment and breathing apparatus in good condition and available for instant use? (V & M)? # Are personnel provided with appropriate protective equipment suitable for sub- freezing temperature? (V)?
18413,Warning notices,"Duplicate of 09217, minor.",,,,,,,,Are hazardous areas marked with clearly visible warning signage and are the crew familiar with the special precautions and the risks for those areas? # Are the visual and audible warning signals provided for gantry cranes in the deck area in good order and tested regularly? (V)?
18414,Protection machines/parts,"Duplicate of 09218, important.",,,,,,,"Random check of critical spares/essential spares ROB? # Note - Each category gives guidance on it's own score. Even though total score may be in above mentioned ranges, a low score in individual categories should drive an expanded inspection in those areas of concern.?","Is where moving machinery presents a hazard, is it guarded effectively? (V)?"
18415,Entry dangerous spaces,"Duplicate of 09221, high.",,,,,,,,"Are enclosed space entry procedures defined, up to date and accurate in the safety management system, and is a specific list of enclosed spaces clearly defined on board ,and are the ship’s personnel familiar with the enclosed space entry procedures? (V)? # Is entry into and rescue from enclosed space training undertaken and are regular drills conducted? (V)?"
18416,Ropes and wires,"Duplicate of 09227, high moderate.",,,,,,,"Check the condition of wires (no broken strands, kinks) and check that spare wire is available.? # Condition of mooring ropes/wires/tails?","Are the hoist and luffing wires of cranes, where fitted, reported in good order and is there recorded evidence of regular inspection and maintenance? (V)? # Does the vessel’s manager carry out regular safe mooring campaigns, learning from near misses and accidents related to mooring operations and are these shared with the fleet? (V & M)? # Do mooring lines and mooring tails comply with industry guidelines and are they in good order? (V & M)? # Are mooring lines correctly deployed and tended? (V)? # Are all mooring lines on winches correctly reeled on drums, and if made fast ashore, are winch brakes secured and winches out of gear? (V)? # Is if the mooring tails are used, have they properly connected to the main mooring lines in accordance with industry guidance? (V & M)?"
18417,Anchoring devices,"Duplicate of 09228, high moderate.",,,,,,,Condition of windlass/winch machinery / brake lining / foundation. Availability of spare brake lining and Brake holding test kit? # Condition of anchor chain as visible?,"Are the windlasses, anchors, locking bars and cables in good order, operating effectively and is their maintenance incorporated in the plan maintenance system? (V)? # Have the anchors been tightly secured in the hawse pipe? (V)? # Is the master aware of the limitations of anchoring equipment? (V)?"
18418,Winches & capstans,"Duplicate of 09229, moderate.",,,,,,,"Check condition of Swivel, Sheaves, shackle, hook, safety latch and drum for cracks, abnormalities.?","Is there a procedure for testing the winch brake rendering setting and is it being tested regularly? (V & M)? # Do controls, linkages, operating levers, brake drums, brake linings and pins of winches appear to be in good order? (V)?"
18419,Adequate lighting - mooring arrangements,"Duplicate of 09230, moderate.",,,,,,,"Lifeboat falls next renewal due? # Condition of light fittings, ladders, portholes on accom decks? # Check the condition of wires (no broken strands, kinks) and check that spare wire is available.?","Are the requirements of the master’s standing orders explained to the deck officers? and are bridge order books (Night Order) being completed by the master and countersigned by the officers? (V & M)? # Are mooring lines correctly deployed and tended? (V)? # Are there sufficient crew members on board to assist in the mooring operation, check and tend the mooring lines at regular intervals? (V)? # Is on split drum winches, have the split drums been set up correctly after the completion of mooring operation? (V)? # Is if the mooring tails are used, have they properly connected to the main mooring lines in accordance with industry guidance? (V & M)? # Are the mooring ropes stowed clear of the deck and are mooring stations well lit, clean and free from oil leaks? (V)? # Are appropriate stoppers in use and are the mooring ropes turned up to bitts correctly? (V)? # Is the lighting illumination level in engine room space adequate (V)? # Are the hatch numbers clearly indicated and correctly placed? (V)? # Are the deck lights, emergency lights and hold lights (where fitted) in good order? (V)?"
18420,Cleanliness of engine room,"Duplicate of 09232, very high (fire hazard).",,,,,,,,"Are purifier rooms and fuel and lubricating oil handling areas ventilated, free of oil leaks and clean? (V)? # Are the tunnel trash pumping and disposal arrangements in good order and is the overboard valve provided with a notice warning against discharge of oil or oily mixture? (V)? # Is the engine room logbook being properly maintained? (V)? # Are engine room bilges clean and free of oil and sediment? (V)?"
18421,Guards - fencing around dangerous machinery parts,"Duplicate of 09233, important.",,,,,,,Random check of critical spares/essential spares ROB?,
18422,Asbestos fibres,"MLC also addresses occupational exposure to asbestos. If PSC finds flaking asbestos (e.g., around old pipe lagging), that’s a direct crew health hazard. They will detain until area is sealed or asbestos removed by professionals because crew inhaling fibers is unacceptab8】. Score 7.",,,,,,,,
18423,Preventative information,"Possibly ensuring safety and health information is posted (like posters on noise, etc.). Minor.",,,,,,,,
18424,"Steam pipes, pressure pipes, wires (insulation)","Duplicate of earlier 09211/09219 (insulation on hot pipes, proper cable insulation). Covered – high moderate for crew safety.",,,,,,,Airpipe coaming (save alls) & head in good conditon without heavy corrosion or holes.?,"Is the pipe work in the machinery space, including but not limited to steam, fuel, lubricating oil, sewage, drain and air lines well maintained, in good condition and free of any temporary repair? (V)? # Are procedures in place to safeguard the ballast lines, hydraulic lines, fire lines and bunker lines in sub-freezing temperature? (V)?"
18425,Access / structural features (ship),"Duplicate of 09220 (safe structural design of work spaces), moderate.",,,,,,,,
18426,Exposure to harmful levels of ambient factors,"If crew are routinely exposed to harmful ambient factors like extremely high noise, extreme heat or cold beyond permissible levels without mitigation. PSC would rarely quantify this unless crew lodge complaint. If for example an engine room measured 100+ dB and crew had no ear protection (ties into PPE code), they’d cite it. Usually low by itself.",,,,,,,,
18427,Ship's occupational safety and health policies and programmes,"MLC mandates an OSH policy and possibly a safety committee. If none exists, it’s an ISM and MLC issue (company failure to address crew safety systematically). PSC will note it – moderate (lack of formal structure, though many safety elements covered by ISM anyway).",,NCP 2024-25: Health and safety protection & accident prevention (MLC Title 4),Develop and enforce occupational safety and health policies and programmes; conduct risk assessments and training; address unsafe practices and maintain records of incidents and corrective actions.,,,,,"Are procedures in place for the control of hot work, are they incorporated in the safety management system and is there documented evidence of compliance?"
18428,On board programme for the prevention of occupational injuries and diseases,"Similar to above – needing a proactive program (safety meetings, risk assessments). If absent, moderate ISM/MLC deficiency.",,,,,,,,Has company provided training for on-board key personnel in recognising signs of mental health problems? (V)?
18429,"Procedure for inspection, reporting and correcting unsafe conditions and for investigating and reporting on-board occupational accidents","The ship should have a procedure for crew to report hazards, for someone to investigate accidents, and to implement corrective actions (basically ISM again). If PSC sees, say, accidents happened and nothing was learned or reported, they’ll cite this. It’s moderately severe as it leads to repeated accidents.",,,,,,,,"Does the master periodically review the effectiveness of the onboard Safety Management System, report the findings to shore based management and receive feedback from them? # Are there procedures for reporting, investigation and close-out of non-conformities, accidents, and hazardous situations available and are they being followed? (V)? # Are on-board safety meetings held regularly and, are they reviewed by the vessel’s manager and feedback provided where necessary? # Is there a complaints procedure on board and are seafarers aware of this procedure? (V)?"
18430,Ship's safety committee,"If required (usually if >5 seafarers, MLC suggests a safety committee monthly), and none exists, PSC notes it. Minor to moderate – easily rectified by instituting meetings.",,,,,,,,"Are on-board safety meetings held regularly and, are they reviewed by the vessel’s manager and feedback provided where necessary?"
18431,Investigation after accident,"Similar to 18429 but focusing on whether accidents are investigated. If a serious injury occurred and no investigation or preventive action was taken, PSC will issue this. It’s an ISM fail – moderate-high because not learning from accidents can lead to recurrence.",,,,,,,,"Are there procedures for reporting, investigation and close-out of non-conformities, accidents, and hazardous situations available and are they being followed? (V)?"
18432,"Risk evaluation, training and instruction to seafarers","MLC requires that risks are evaluated and crew instructed in OSH matters. If PSC finds no evidence of risk assessments or safety training, it’s noted. This overlaps with ISM requirements of training and familiarization. Moderate.",,Risk assessment and SMS compliance,Conduct comprehensive risk assessments for tasks such as working at heights or over the side; implement and enforce risk controls; ensure all crew follow and understand SMS procedureshttps://www.amsa.gov.au/news-community/news-and-media-releases/out-now-maritime-safety-awareness-bulletin-issue-21-managing#:~:text=Risk%20assessments%20are%20a%20criticalsafety%20tool,,,,,"Has a safety officer been appointed and trained, and is the safety officer familiar with the principles and practice of risk assessment? (V)? # Are procedures in place for the control of hot work, are they incorporated in the safety management system and is there documented evidence of compliance? # Are the crew familiar with the helicopter operation at sea, and are records available to show that the proper communication, shipboard helicopter safety checklist and specific risk assessment conducted prior to helicopter operation? (V)? # Are cyber security policies and procedures being incorporated in the safety management system and was the cyber security management system evaluated and certified by Class? (V)?"
18499,"Other (Health protection, medical care...)","Other MLC health items, e.g., maybe lack of sanitary food handling certificate for cook, or not providing mosquito nets in malaria areas, etc. Generally moderate default.",,NCP 2024-25: Health and safety protection & accident prevention (MLC Title 4),Take a proactive approach to health and safety protection; ensure compliance with MLC Title 4; respond to MLC complaints promptly and maintain a safe working environment.,,,,,
99,Other,,,,,,,,,
99101,Other safety in general,"A safety deficiency that doesn’t fit any category above (rare, since the list is exhaustive).",,,,,,,,
99102,Other (SOLAS operational),"Another catch-all, maybe for an operational issue not covered (like failure to carry out emergency steering drills could be here if not in other codes).",,,,,,,,
99103,Other (MARPOL operational),"A catch-all for any MARPOL-related operational shortcoming not listed (maybe Ballast Water Management issues, though that’s its own convention and code not in this list). Could be used if, say, the ship’s Oil Record Book had unusual discrepancies not enough to call it clear pollution but concerning.",,,,,,,,
OTH,Others,Uncategorized questions (embedding score below threshold or no good match),,,,,,,Contact point list of SOPEP is updated.? # Foam compound  last test date / shelf life? # Cleats are freely moving and in good condition?,
OTH,Others,Uncategorized questions (embedding score below threshold or no good match),,,,,,,,"Are quick-acting cleats and holders all in place and in good working condition with the rubber washers flexible and free from paint and crack? (V)? # Are the pedestal fairleads, roller fairleads and other rollers free of grooving, well-greased and free to turn? (V)? # Are the chain locker doors firmly battened down and are the bitter end securing arrangements located outside the chain locker and accessible? (V)?"